case_id,split,date,t_days,gas_cum,oil_cum,water_cum,gas_rate,oil_rate,water_rate,gas_rate_avg,oil_rate_avg,water_rate_avg
1,train,1998-01-01,0.0,0.0,0.0,0.0,0.0,0.0,0.0,,,
1,train,1998-04-01,90.0,0.0,0.0,0.0,0.0,0.0,0.0,0.0,0.0,0.0
1,train,1998-07-01,181.0,0.0,0.0,0.0,0.0,0.0,0.0,0.0,0.0,0.0
1,train,1998-10-01,273.0,0.0,0.0,0.0,0.0,0.0,0.0,0.0,0.0,0.0
1,train,1999-01-01,365.0,518325.5,1426714.875,0.0,5633.97265625,15507.76953125,0.0,5633.97282608696,15507.7703804348,0.0
1,train,1999-04-01,455.0,1017777.4375,2801479.25,0.0,5549.4658203125,15275.16015625,0.0,5549.46597222222,15275.1597222222,0.0
1,train,1999-07-01,546.0,1528237.375,4206543.5,0.0,5609.44970703125,15440.26953125,0.0,5609.44986263736,15440.2664835165,0.0
1,train,1999-10-01,638.0,2041317.875,5618821.5,3616.19506835938,5561.0947265625,15307.169921875,82.9809799194336,5576.96195652174,15350.847826087,39.3064681343411
1,train,2000-01-01,730.0,2552240.75,7025160.5,15694.7314453125,5541.84912109375,15254.1953125,163.385131835938,5553.50951086957,15286.2934782609,131.288438879925
1,train,2000-04-01,821.0,3057539.25,8416018.0,44603.421875,5499.61962890625,15137.95703125,463.870361328125,5552.73076923077,15284.1483516484,317.677916809753
1,train,2000-07-01,912.0,3550622.0,9773251.0,109096.2421875,5362.33544921875,14760.076171875,863.283813476563,5418.49175824176,14914.6483516484,708.712311126374
1,train,2000-10-01,1004.0,4042859.0,11128156.0,212335.734375,5303.70849609375,14598.7021484375,1250.69702148438,5350.40217391304,14727.2282608696,1122.16839334239
1,train,2001-01-01,1096.0,4534101.0,12480322.0,356308.1875,5274.02294921875,14516.9912109375,1745.38403320313,5339.58695652174,14697.4565217391,1564.91796875
1,train,2001-04-01,1186.0,5015087.0,13804258.0,543071.8125,5287.06884765625,14552.900390625,2232.650390625,5344.28888888889,14710.4,2075.15138888889
1,train,2001-07-01,1277.0,5496860.5,15130361.0,769199.3125,5244.2578125,14435.0615234375,2622.4208984375,5294.21428571429,14572.5604395604,2484.91758241758
1,train,2001-10-01,1369.0,5975167.5,16448409.0,1029108.375,5143.939453125,14192.9052734375,2958.79711914063,5198.98913043478,14326.6086956522,2825.09850543478
1,train,2002-01-01,1461.0,6444600.0,17746134.0,1322003.375,5044.03759765625,13977.3017578125,3312.05200195313,5102.52717391304,14105.7065217391,3183.64130434783
1,train,2002-04-01,1551.0,6893499.0,18986290.0,1641339.5,4913.05126953125,13570.423828125,3675.70971679688,4987.76666666667,13779.5111111111,3548.17916666667
1,train,2002-07-01,1642.0,7328918.5,20186480.0,1999356.875,4709.20849609375,12943.9345703125,4103.6650390625,4784.82967032967,13188.9010989011,3934.25686813187
1,train,2002-10-01,1734.0,7748639.5,21340804.0,2421020.5,4459.83740234375,12270.2109375,4829.8984375,4562.1847826087,12547.0,4583.30027173913
1,train,2003-01-01,1826.0,8143082.5,22426454.0,2903930.5,4186.04150390625,11523.5107421875,5477.38427734375,4287.42391304348,11800.5434782609,5249.02173913043
1,train,2003-04-01,1916.0,8503113.0,23417644.0,3409727.0,3925.49145507813,10807.798828125,5770.78564453125,4000.33888888889,11013.2222222222,5619.96111111111
1,train,2003-07-01,2007.0,8840691.0,24347122.0,3928934.75,3655.18383789063,10064.21484375,5805.623046875,3709.64835164835,10214.043956044,5705.57967032967
1,train,2003-10-01,2099.0,9160310.0,25227152.0,4455951.5,3430.66748046875,9446.005859375,5798.3779296875,3474.11956521739,9565.54347826087,5728.44293478261
1,train,2004-01-01,2191.0,9464139.0,26063722.0,4991855.0,3257.98266601563,8970.650390625,5886.5166015625,3302.48913043478,9093.15217391304,5825.03804347826
1,train,2004-04-01,2282.0,9750240.0,26851424.0,5530763.5,3111.0703125,8564.8544921875,5970.37255859375,3143.96703296703,8656.06593406593,5922.07142857143
1,train,2004-07-01,2373.0,10023020.0,27602344.0,6078562.0,2973.92260742188,8186.7177734375,6055.947265625,2997.58241758242,8251.86813186813,6019.76373626374
1,train,2004-10-01,2465.0,10285846.0,28325782.0,6641629.0,2835.23071289063,7803.97265625,6154.84326171875,2856.80434782609,7863.45652173913,6120.29347826087
1,train,2005-01-01,2557.0,10536331.0,29015112.0,7215876.5,2701.9853515625,7434.9599609375,6275.55810546875,2722.66304347826,7492.71739130435,6241.82065217391
1,train,2005-04-01,2647.0,10767989.0,29652126.0,7789905.5,2559.5732421875,7036.876953125,6403.337890625,2573.97777777778,7077.93333333333,6378.1
1,train,2005-07-01,2738.0,10987311.0,30254750.0,8381014.5,2394.158203125,6578.24853515625,6526.57861328125,2410.13186813187,6622.24175824176,6495.7032967033
1,train,2005-10-01,2830.0,11195372.0,30826688.0,8990781.0,2248.12133789063,6181.068359375,6652.62841796875,2261.53260869565,6216.71739130435,6627.89673913043
1,train,2006-01-01,2922.0,11393382.0,31371332.0,9611748.0,2138.98681640625,5884.27587890625,6773.4482421875,2152.28260869565,5920.04347826087,6749.64130434783
1,train,2006-04-01,3012.0,11579751.0,31884132.0,10229656.0,2056.24487304688,5658.20068359375,6889.9755859375,2070.76666666667,5697.77777777778,6865.64444444444
1,train,2006-07-01,3103.0,11762907.0,32388186.0,10865290.0,1993.740234375,5487.08984375,7015.61669921875,2012.7032967033,5539.05494505495,6984.98901098901
1,train,2006-10-01,3195.0,11942949.0,32883720.0,11519724.0,1940.95532226563,5342.22705078125,7139.27001953125,1956.97826086957,5386.23913043478,7113.41304347826
1,train,2007-01-01,3287.0,12118255.0,33366226.0,12184465.0,1889.98046875,5201.91064453125,7250.01611328125,1905.5,5244.63043478261,7225.44565217391
1,train,2007-04-01,3377.0,12285072.0,33825368.0,12843658.0,1838.60339355469,5060.5078125,7347.158203125,1853.52222222222,5101.57777777778,7324.36666666667
1,train,2007-07-01,3468.0,12449018.0,34276616.0,13520058.0,1786.24133300781,4916.4833984375,7456.052734375,1801.6043956044,4958.76923076923,7432.96703296703
1,train,2007-10-01,3560.0,12610257.0,34720492.0,14213080.0,1732.63720703125,4770.2607421875,7563.8369140625,1752.59782608696,4824.73913043478,7532.84782608696
1,train,2008-01-01,3652.0,12766415.0,35150436.0,14916090.0,1684.10205078125,4636.76220703125,7662.357421875,1697.36956521739,4673.30434782609,7641.41304347826
2,train,1998-01-01,0.0,0.0,0.0,0.0,0.0,0.0,0.0,,,
2,train,1998-04-01,90.0,0.0,0.0,0.0,0.0,0.0,0.0,0.0,0.0,0.0
2,train,1998-07-01,181.0,0.0,0.0,0.0,0.0,0.0,0.0,0.0,0.0,0.0
2,train,1998-10-01,273.0,0.0,0.0,0.0,0.0,0.0,0.0,0.0,0.0,0.0
2,train,1999-01-01,365.0,518325.5,1426714.875,0.0,5633.97265625,15507.76953125,0.0,5633.97282608696,15507.7703804348,0.0
2,train,1999-04-01,455.0,1017777.4375,2801479.25,0.0,5549.4658203125,15275.16015625,0.0,5549.46597222222,15275.1597222222,0.0
2,train,1999-07-01,546.0,1528237.25,4206543.5,0.166202902793884,5609.4462890625,15440.259765625,0.00905005447566509,5609.44848901099,15440.2664835165,0.00182640552520752
2,train,1999-10-01,638.0,2042407.375,5621820.5,617.017822265625,5582.51806640625,15366.138671875,24.0123767852783,5588.80570652174,15383.4456521739,6.70490890611773
2,train,2000-01-01,730.0,2554777.75,7032143.5,8711.4892578125,5557.75927734375,15297.9892578125,119.590873718262,5569.24320652174,15329.597826087,87.9833851689878
2,train,2000-04-01,821.0,3064993.5,8436536.0,24085.708984375,5588.080078125,15381.447265625,220.379486083984,5606.76648351648,15432.8846153846,168.947469522665
2,train,2000-07-01,912.0,3567781.5,9820483.0,61863.7578125,5477.650390625,15077.4853515625,545.874816894531,5525.14285714286,15208.2087912088,415.143393715659
2,train,2000-10-01,1004.0,4070468.75,11204153.0,136338.859375,5419.4892578125,14917.39453125,932.004211425781,5463.99184782609,15039.8913043478,809.511973505435
2,train,2001-01-01,1096.0,4573780.0,12589540.0,247090.3125,5418.5517578125,14914.8134765625,1347.56164550781,5470.77445652174,15058.5543478261,1203.82014266304
2,train,2001-04-01,1186.0,5067759.5,13949242.0,398087.5,5430.33056640625,14947.2353515625,1838.31530761719,5488.66111111111,15107.8,1677.74652777778
2,train,2001-07-01,1277.0,5562292.0,15310465.0,589095.6875,5379.09521484375,14806.20703125,2251.27490234375,5434.42307692308,14958.4945054945,2098.99107142857
2,train,2001-10-01,1369.0,6054017.5,16663962.0,813555.625,5297.5419921875,14581.7275390625,2569.97485351563,5344.84239130435,14711.9239130435,2439.78192934783
2,train,2002-01-01,1461.0,6539443.0,18000118.0,1068020.0,5231.68359375,14400.451171875,2888.90307617188,5276.36413043478,14523.4347826087,2765.91711956522
2,train,2002-04-01,1551.0,7006511.0,19285746.0,1344460.75,5150.2412109375,14176.2763671875,3180.03369140625,5189.64444444444,14284.7555555556,3071.56388888889
2,train,2002-07-01,1642.0,7470558.0,20563056.0,1650352.375,5059.05908203125,13925.29296875,3472.53173828125,5099.41758241758,14036.3736263736,3361.44642857143
2,train,2002-10-01,1734.0,7931422.5,21831606.0,1990494.5,4960.7392578125,13654.6630859375,3831.12890625,5009.39673913043,13788.5869565217,3697.19701086957
2,train,2003-01-01,1826.0,8376146.5,23055728.0,2367640.25,4776.11767578125,13146.484375,4258.60888671875,4833.95652173913,13305.6739130435,4099.41032608696
2,train,2003-04-01,1916.0,8779571.0,24166174.0,2778449.75,4396.2431640625,12100.8623046875,4801.95556640625,4482.49444444444,12338.2888888889,4564.55
2,train,2003-07-01,2007.0,9151317.0,25189422.0,3228897.75,4036.7353515625,11111.2998046875,5083.16796875,4085.12087912088,11244.4835164835,4949.97802197802
2,train,2003-10-01,2099.0,9503971.0,26160118.0,3696949.0,3790.27685546875,10432.9111328125,5205.6474609375,3833.19565217391,10551.0434782609,5087.51358695652
2,train,2004-01-01,2191.0,9839835.0,27084598.0,4185361.25,3623.9072265625,9974.9716796875,5382.55419921875,3650.69565217391,10048.6956521739,5308.82880434783
2,train,2004-04-01,2282.0,10158567.0,27961922.0,4683219.5,3473.72045898438,9561.576171875,5550.32421875,3502.54945054945,9640.92307692308,5470.96978021978
2,train,2004-07-01,2373.0,10463386.0,28800952.0,5196742.0,3327.89721679688,9160.1904296875,5703.01513671875,3349.65934065934,9220.10989010989,5643.1043956044
2,train,2004-10-01,2465.0,10758428.0,29613276.0,5728367.5,3184.68603515625,8774.478515625,5833.66357421875,3206.97826086957,8829.60869565217,5778.53804347826
2,train,2005-01-01,2557.0,11040728.0,30390938.0,6272459.5,3048.90380859375,8403.6748046875,5963.23095703125,3068.47826086957,8452.84782608696,5914.04347826087
2,train,2005-04-01,2647.0,11303514.0,31114842.0,6817063.5,2904.91772460938,8005.18896484375,6089.337890625,2919.84444444444,8043.37777777778,6051.15555555556
2,train,2005-07-01,2738.0,11553642.0,31803780.0,7379028.5,2737.79467773438,7541.7822265625,6204.40625,2748.65934065934,7570.74725274725,6175.43956043956
2,train,2005-10-01,2830.0,11792778.0,32462022.0,7957933.5,2590.73217773438,7131.97607421875,6315.26171875,2599.30434782609,7154.80434782609,6292.44565217391
2,train,2006-01-01,2922.0,12022060.0,33092420.0,8546312.0,2481.296875,6821.6728515625,6425.9072265625,2492.19565217391,6852.15217391304,6395.41847826087
2,train,2006-04-01,3012.0,12238949.0,33688432.0,9132857.0,2398.31396484375,6594.8212890625,6544.70361328125,2409.87777777778,6622.35555555556,6517.16666666667
2,train,2006-07-01,3103.0,12452542.0,34276444.0,9738541.0,2335.00659179688,6431.4306640625,6686.1142578125,2347.17582417582,6461.67032967033,6655.86813186813
2,train,2006-10-01,3195.0,12663826.0,34858752.0,10363524.0,2283.37255859375,6297.32421875,6825.37939453125,2296.5652173913,6329.4347826087,6793.29347826087
2,train,2007-01-01,3287.0,12870149.0,35427376.0,11000459.0,2229.8642578125,6148.796875,6955.09228515625,2242.64130434783,6180.69565217391,6923.20652173913
2,train,2007-04-01,3377.0,13067342.0,35970804.0,11633873.0,2178.89404296875,6008.15576171875,7067.8759765625,2191.03333333333,6038.08888888889,7037.93333333333
2,train,2007-07-01,3468.0,13262108.0,36507656.0,12285918.0,2128.33422851563,5869.5126953125,7195.28564453125,2140.28571428571,5899.47252747253,7165.32967032967
2,train,2007-10-01,3560.0,13454541.0,37037912.0,12956162.0,2080.52685546875,5735.12255859375,7313.8115234375,2091.66304347826,5763.65217391304,7285.26086956522
2,train,2008-01-01,3652.0,13642549.0,37555864.0,13636886.0,2032.59033203125,5601.8017578125,7427.2626953125,2043.5652173913,5629.91304347826,7399.17391304348
3,train,1998-01-01,0.0,0.0,0.0,0.0,0.0,0.0,0.0,,,
3,train,1998-04-01,90.0,0.0,0.0,0.0,0.0,0.0,0.0,0.0,0.0,0.0
3,train,1998-07-01,181.0,0.0,0.0,0.0,0.0,0.0,0.0,0.0,0.0,0.0
3,train,1998-10-01,273.0,0.0,0.0,0.0,0.0,0.0,0.0,0.0,0.0,0.0
3,train,1999-01-01,365.0,518325.5,1426714.875,0.0,5633.97265625,15507.76953125,0.0,5633.97282608696,15507.7703804348,0.0
3,train,1999-04-01,455.0,1017777.4375,2801479.25,0.0,5549.4658203125,15275.16015625,0.0,5549.46597222222,15275.1597222222,0.0
3,train,1999-07-01,546.0,1527830.875,4205425.0,1118.90686035156,5590.60205078125,15388.3896484375,51.8791122436524,5604.98282967033,15427.9752747253,12.2956797840831
3,train,1999-10-01,638.0,2037959.125,5609576.5,12861.2744140625,5531.96044921875,15226.9765625,163.174575805664,5544.8722826087,15262.5163043478,127.634429931641
3,train,2000-01-01,730.0,2542493.0,6998329.0,42526.01171875,5419.833984375,14918.3427734375,499.237182617188,5484.06385869565,15095.1358695652,322.442796790082
3,train,2000-04-01,821.0,3031585.25,8344578.0,116043.1484375,5305.1826171875,14602.759765625,999.067504882813,5374.64010989011,14793.9450549451,807.880623282967
3,train,2000-07-01,912.0,3506633.25,9652169.0,230177.65625,5146.81494140625,14166.845703125,1456.51477050781,5220.30769230769,14369.1318681319,1254.22536057692
3,train,2000-10-01,1004.0,3978009.0,10949654.0,390838.25,5055.99365234375,13916.85546875,1932.54382324219,5123.64945652174,14103.097826087,1746.31080163043
3,train,2001-01-01,1096.0,4445898.0,12237539.0,599091.0625,5028.54638671875,13841.3056640625,2421.0693359375,5085.75,13998.75,2263.61752717391
3,train,2001-04-01,1186.0,4903027.0,13495808.0,851522.25,5017.90283203125,13812.0087890625,2973.5419921875,5079.21111111111,13980.7666666667,2804.79097222222
3,train,2001-07-01,1277.0,5357233.0,14748835.0,1150725.375,4927.52197265625,13603.767578125,3453.71411132813,4991.27472527472,13769.5274725275,3287.94642857143
3,train,2001-10-01,1369.0,5800829.0,15975723.0,1495758.0,4721.33740234375,13006.12890625,3963.42260742188,4821.69565217391,13335.7391304348,3750.35461956522
3,train,2002-01-01,1461.0,6220803.5,17131890.0,1904519.0,4443.751953125,12233.466796875,4729.8125,4564.9402173913,12567.0326086957,4443.05434782609
3,train,2002-04-01,1551.0,6603614.0,18185834.0,2376068.5,4136.14453125,11387.7783203125,5499.11328125,4253.45,11710.4888888889,5239.43888888889
3,train,2002-07-01,1642.0,6967688.5,19188246.0,2908502.0,3903.78930664063,10748.5537109375,6044.453125,4000.81868131868,11015.5164835165,5850.91758241758
3,train,2002-10-01,1734.0,7314741.5,20143828.0,3486682.0,3677.23510742188,10125.2138671875,6423.24951171875,3772.3152173913,10386.7608695652,6284.5652173913
3,train,2003-01-01,1826.0,7643705.0,21049494.0,4093147.25,3508.41821289063,9658.2119140625,6711.96484375,3575.6902173913,9844.19565217391,6592.01358695652
3,train,2003-04-01,1916.0,7950140.5,21893040.0,4707143.5,3357.90405273438,9243.251953125,6899.4326171875,3404.83888888889,9372.73333333333,6822.18055555556
3,train,2003-07-01,2007.0,8239865.5,22690302.0,5318691.5,3151.47094726562,8671.0927734375,6770.912109375,3183.79120879121,8761.12087912088,6720.30769230769
3,train,2003-10-01,2099.0,8516634.0,23451354.0,5926849.0,2975.09790039063,8177.455078125,6666.701171875,3008.35326086957,8272.30434782609,6610.40760869565
3,train,2004-01-01,2191.0,8779129.0,24172742.0,6543498.0,2823.16064453125,7760.3251953125,6757.70849609375,2853.20652173913,7841.17391304348,6702.70652173913
3,train,2004-04-01,2282.0,9025436.0,24850068.0,7163821.0,2682.12353515625,7376.732421875,6859.03125,2706.67032967033,7443.14285714286,6816.73626373626
3,train,2004-07-01,2373.0,9258853.0,25492184.0,7793610.5,2537.58203125,6981.45166015625,6966.0712890625,2565.02197802198,7056.21978021978,6920.76373626374
3,train,2004-10-01,2465.0,9480802.0,26102832.0,8441762.0,2386.92602539063,6567.46533203125,7084.5,2412.48913043478,6637.47826086957,7045.125
3,train,2005-01-01,2557.0,9689009.0,26675736.0,9102485.0,2237.41577148438,6157.11865234375,7218.9658203125,2263.11956521739,6227.21739130435,7181.77173913043
3,train,2005-04-01,2647.0,9878449.0,27197140.0,9760903.0,2076.56420898438,5715.9443359375,7355.65625,2104.88888888889,5793.37777777778,7315.75555555556
3,train,2005-07-01,2738.0,10051799.0,27674400.0,10442085.0,1877.03259277344,5168.1455078125,7538.17822265625,1904.94505494505,5244.61538461538,7485.51648351648
3,train,2005-10-01,2830.0,10210570.0,28111502.0,11147487.0,1706.26281738281,4697.25341796875,7702.64404296875,1725.77173913043,4751.10869565217,7667.41304347826
3,train,2006-01-01,2922.0,10358465.0,28518310.0,11867303.0,1593.38403320313,4381.98046875,7858.25244140625,1607.55434782609,4421.82608695652,7824.08695652174
3,train,2006-04-01,3012.0,10496083.0,28896840.0,12584631.0,1516.10729980469,4170.728515625,8001.35302734375,1529.08888888889,4205.88888888889,7970.31111111111
3,train,2006-07-01,3103.0,10630270.0,29266098.0,13323916.0,1461.83532714844,4023.03271484375,8154.328125,1474.58241758242,4057.78021978022,8124.01098901099
3,train,2006-10-01,3195.0,10762063.0,29628848.0,14084729.0,1420.02233886719,3908.60205078125,8298.76171875,1432.53260869565,3942.9347826087,8269.70652173913
3,train,2007-01-01,3287.0,10890554.0,29982532.0,14856689.0,1382.43383789063,3805.349609375,8423.3388671875,1396.64130434783,3844.39130434783,8390.86956521739
3,train,2007-04-01,3377.0,11013296.0,30320420.0,15620764.0,1348.97509765625,3713.66723632813,8522.33984375,1363.8,3754.31111111111,8489.72222222222
3,train,2007-07-01,3468.0,11133970.0,30652650.0,16404085.0,1316.38842773438,3624.21728515625,8628.30078125,1326.08791208791,3650.87912087912,8607.92307692308
3,train,2007-10-01,3560.0,11252959.0,30980254.0,17205190.0,1283.79626464844,3534.5927734375,8727.4375,1293.35869565217,3560.91304347826,8707.66304347826
3,train,2008-01-01,3652.0,11368945.0,31299586.0,18014974.0,1251.662109375,3446.06274414063,8821.4541015625,1260.71739130435,3471.0,8802.0
4,train,1998-01-01,0.0,0.0,0.0,0.0,0.0,0.0,0.0,,,
4,train,1998-04-01,90.0,0.0,0.0,0.0,0.0,0.0,0.0,0.0,0.0,0.0
4,train,1998-07-01,181.0,0.0,0.0,0.0,0.0,0.0,0.0,0.0,0.0,0.0
4,train,1998-10-01,273.0,0.0,0.0,0.0,0.0,0.0,0.0,0.0,0.0,0.0
4,train,1999-01-01,365.0,518325.5,1426714.875,0.0,5633.97265625,15507.76953125,0.0,5633.97282608696,15507.7703804348,0.0
4,train,1999-04-01,455.0,1017777.4375,2801479.25,0.0,5549.4658203125,15275.16015625,0.0,5549.46597222222,15275.1597222222,0.0
4,train,1999-07-01,546.0,1528237.25,4206543.5,0.0782154351472855,5609.44873046875,15440.265625,0.00328145874664187,5609.44848901099,15440.2664835165,0.000859510276343797
4,train,1999-10-01,638.0,2042613.375,5622387.5,50.077033996582,5590.638671875,15388.4912109375,1.65994441509247,5591.04483695652,15389.6086956522,0.54346541914603
4,train,2000-01-01,730.0,2556511.0,7036914.5,3940.50927734375,5571.93603515625,15337.01171875,80.5686645507813,5585.84375,15375.2934782609,42.287306992904
4,train,2000-04-01,821.0,3068058.25,8444972.0,15649.5263671875,5614.48828125,15454.1376953125,147.690322875977,5621.39835164835,15473.1593406593,128.67051747081
4,train,2000-07-01,912.0,3576925.75,9845653.0,36694.13671875,5564.7275390625,15317.1689453125,306.190826416016,5591.95054945055,15392.0989010989,231.259454412775
4,train,2000-10-01,1004.0,4088546.75,11253913.0,86578.4296875,5520.908203125,15196.5546875,652.84423828125,5561.09782608696,15307.1739130435,542.220575747283
4,train,2001-01-01,1096.0,4601177.5,12664954.0,171676.5625,5527.84326171875,15215.642578125,1046.732421875,5572.07336956522,15337.402173913,924.979704483696
4,train,2001-04-01,1186.0,5105920.0,14054281.0,293048.90625,5563.341796875,15313.3544921875,1472.19616699219,5608.25,15436.9666666667,1348.58159722222
4,train,2001-07-01,1277.0,5612283.0,15448068.0,451492.59375,5507.0400390625,15158.3818359375,1899.09985351563,5564.42857142857,15316.3406593407,1741.13942307692
4,train,2001-10-01,1369.0,6114966.0,16831726.0,645791.5625,5416.2060546875,14908.3564453125,2243.34643554688,5463.94565217391,15039.7608695652,2111.9453125
4,train,2002-01-01,1461.0,6611281.5,18197858.0,870280.5,5351.08447265625,14729.107421875,2560.24682617188,5394.73369565217,14849.2608695652,2440.09714673913
4,train,2002-04-01,1551.0,7089781.5,19514950.0,1115255.5,5278.96044921875,14530.58203125,2825.72802734375,5316.66666666667,14634.3555555556,2721.94444444444
4,train,2002-07-01,1642.0,7565958.5,20825650.0,1387757.75,5198.26611328125,14308.466796875,3089.35791015625,5232.71428571429,14403.2967032967,2994.53021978022
4,train,2002-10-01,1734.0,8041322.5,22134110.0,1687989.75,5129.873046875,14120.2119140625,3365.57983398438,5167.0,14222.3913043478,3263.39130434783
4,train,2003-01-01,1826.0,8504206.0,23408220.0,2015149.625,4999.76806640625,13762.0927734375,3643.00024414063,5031.34239130435,13849.0217391304,3556.08559782609
4,train,2003-04-01,1916.0,8933011.0,24588526.0,2356097.5,4724.2734375,13003.7802734375,3899.03735351563,4764.5,13114.5111111111,3788.30972222222
4,train,2003-07-01,2007.0,9336625.0,25699492.0,2718827.75,4394.841796875,12097.00390625,4097.46337890625,4435.31868131868,12208.4175824176,3986.0467032967
4,train,2003-10-01,2099.0,9718031.0,26749330.0,3107737.5,4096.23583984375,11275.078125,4363.48046875,4145.71739130435,11411.2826086957,4227.27989130435
4,train,2004-01-01,2191.0,10077608.0,27739082.0,3530877.25,3865.50170898438,10639.9716796875,4717.5546875,3908.44565217391,10758.1739130435,4599.34510869565
4,train,2004-04-01,2282.0,10415926.0,28670316.0,3974826.25,3681.00463867188,10132.1357421875,4979.7646484375,3717.78021978022,10233.3406593407,4878.56043956044
4,train,2004-07-01,2373.0,10739029.0,29559674.0,4438020.0,3521.52905273438,9693.1708984375,5170.03515625,3550.58241758242,9773.16483516483,5090.04120879121
4,train,2004-10-01,2465.0,11050706.0,30417578.0,4924065.5,3366.46118164063,9266.33984375,5341.80224609375,3387.79347826087,9325.04347826087,5283.10326086957
4,train,2005-01-01,2557.0,11348352.0,31236864.0,5426535.5,3215.62109375,8851.1455078125,5515.76123046875,3235.28260869565,8905.28260869565,5461.63043478261
4,train,2005-04-01,2647.0,11625215.0,31998942.0,5932964.5,3059.30737304688,8420.884765625,5673.64208984375,3076.25555555556,8467.53333333333,5626.98888888889
4,train,2005-07-01,2738.0,11889146.0,32725422.0,6457387.5,2885.7265625,7943.095703125,5803.09326171875,2900.34065934066,7983.2967032967,5762.89010989011
4,train,2005-10-01,2830.0,12142220.0,33422020.0,6997934.5,2738.34716796875,7537.4267578125,5909.81103515625,2750.80434782609,7571.71739130435,5875.51086956522
4,train,2006-01-01,2922.0,12385169.0,34090748.0,7547984.5,2628.30810546875,7234.5390625,6013.041015625,2640.75,7268.78260869565,5978.80434782609
4,train,2006-04-01,3012.0,12615754.0,34725444.0,8095846.0,2551.08227539063,7021.97119140625,6117.5537109375,2562.05555555556,7052.17777777778,6087.35
4,train,2006-07-01,3103.0,12844070.0,35353892.0,8661092.0,2500.0068359375,6881.38427734375,6236.16064453125,2508.96703296703,6906.02197802198,6211.49450549451
4,train,2006-10-01,3195.0,13071144.0,35978928.0,9243347.0,2458.48486328125,6767.09326171875,6355.61083984375,2468.19565217391,6793.86956521739,6328.85869565217
4,train,2007-01-01,3287.0,13293936.0,36592172.0,9835661.0,2408.86767578125,6630.51953125,6473.36962890625,2421.65217391304,6665.69565217391,6438.19565217391
4,train,2007-04-01,3377.0,13507199.0,37179188.0,10425488.0,2359.56811523438,6494.81982421875,6581.2119140625,2369.58888888889,6522.4,6553.63333333333
4,train,2007-07-01,3468.0,13718389.0,37760496.0,11033074.0,2310.43872070313,6359.58935546875,6705.20849609375,2320.76923076923,6388.0,6676.76923076923
4,train,2007-10-01,3560.0,13927338.0,38335640.0,11658434.0,2260.92944335938,6223.3125,6825.62158203125,2271.1847826087,6251.5652173913,6797.39130434783
4,train,2008-01-01,3652.0,14131742.0,38898272.0,12294476.0,2211.86254882813,6088.25390625,6940.81005859375,2221.78260869565,6115.5652173913,6913.5
5,train,1998-01-01,0.0,0.0,0.0,0.0,0.0,0.0,0.0,,,
5,train,1998-04-01,90.0,0.0,0.0,0.0,0.0,0.0,0.0,0.0,0.0,0.0
5,train,1998-07-01,181.0,0.0,0.0,0.0,0.0,0.0,0.0,0.0,0.0,0.0
5,train,1998-10-01,273.0,0.0,0.0,0.0,0.0,0.0,0.0,0.0,0.0,0.0
5,train,1999-01-01,365.0,518325.5,1426714.875,0.0,5633.97265625,15507.76953125,0.0,5633.97282608696,15507.7703804348,0.0
5,train,1999-04-01,455.0,1017777.4375,2801479.25,0.0,5549.4658203125,15275.16015625,0.0,5549.46597222222,15275.1597222222,0.0
5,train,1999-07-01,546.0,1528206.25,4206458.5,85.4534683227539,5606.7890625,15432.9453125,7.32356452941895,5609.10782967033,15439.3324175824,0.939049102447845
5,train,1999-10-01,638.0,2039635.5,5614190.5,8246.958984375,5542.63134765625,15256.3486328125,133.802917480469,5559.01358695652,15301.4347826087,88.7120164788288
5,train,2000-01-01,730.0,2547623.75,7012452.0,28403.1640625,5483.5693359375,15093.7783203125,323.802154541016,5521.61141304348,15198.4945652174,219.089185631793
5,train,2000-04-01,821.0,3043004.75,8376011.0,84610.3984375,5375.88232421875,14797.3642578125,804.463195800781,5443.74725274725,14984.1648351648,617.661916208791
5,train,2000-07-01,912.0,3524743.5,9702019.0,180327.859375,5233.4384765625,14405.2802734375,1218.07946777344,5293.83241758242,14571.5164835165,1051.84023008242
5,train,2000-10-01,1004.0,4003953.25,11021066.0,319425.78125,5143.08056640625,14156.56640625,1692.83264160156,5208.80163043478,14337.4673913043,1511.93393342391
5,train,2001-01-01,1096.0,4480437.5,12332611.0,504019.09375,5117.85205078125,14087.123046875,2175.251953125,5179.17663043478,14255.9239130435,2006.44904891304
5,train,2001-04-01,1186.0,4946953.5,13616718.0,730611.75,5131.43798828125,14124.5205078125,2661.03076171875,5183.51111111111,14267.8555555556,2517.69618055556
5,train,2001-07-01,1277.0,5413635.5,14901281.0,998279.6875,5073.7041015625,13965.6044921875,3091.87719726563,5128.37362637363,14116.0769230769,2941.40590659341
5,train,2001-10-01,1369.0,5875909.0,16173710.0,1303807.5,4971.04150390625,13683.0205078125,3468.68212890625,5024.71195652174,13830.75,3320.95448369565
5,train,2002-01-01,1461.0,6327494.5,17417598.0,1650540.125,4837.54541015625,13322.0830078125,3967.2705078125,4908.53804347826,13520.5217391304,3768.83288043478
5,train,2002-04-01,1551.0,6750949.0,18585084.0,2045122.625,4587.03564453125,12668.6484375,4687.6611328125,4705.05,12972.0666666667,4384.25
5,train,2002-07-01,1642.0,7151580.5,19692734.0,2520669.25,4289.6875,11883.40625,5513.86376953125,4402.54395604396,12171.978021978,5225.78708791209
5,train,2002-10-01,1734.0,7534961.5,20750042.0,3060694.0,4070.349609375,11210.712890625,6057.55810546875,4167.1847826087,11492.4782608696,5869.83423913043
5,train,2003-01-01,1826.0,7895753.0,21743486.0,3636263.0,3835.3349609375,10560.025390625,6375.7158203125,3921.64673913043,10798.3043478261,6256.1847826087
5,train,2003-04-01,1916.0,8229487.5,22662392.0,4224121.5,3649.62329101563,10048.986328125,6624.73095703125,3708.16111111111,10210.0666666667,6531.76111111111
5,train,2003-07-01,2007.0,8544903.0,23530852.0,4811650.0,3414.09838867188,9400.11328125,6529.61376953125,3466.1043956044,9543.51648351648,6456.35714285714
5,train,2003-10-01,2099.0,8844698.0,24356160.0,5399064.0,3222.60424804688,8870.9716796875,6438.716796875,3258.64130434783,8970.73913043478,6384.9347826087
5,train,2004-01-01,2191.0,9129647.0,25140302.0,5993932.5,3069.97827148438,8447.0546875,6508.23046875,3097.27173913043,8523.28260869565,6465.96195652174
5,train,2004-04-01,2282.0,9398971.0,25881032.0,6590387.5,2928.39135742188,8050.90478515625,6609.73828125,2959.6043956044,8139.89010989011,6554.45054945055
5,train,2004-07-01,2373.0,9654870.0,26584192.0,7197954.0,2788.19116210938,7661.94921875,6721.85400390625,2812.07692307692,7727.03296703297,6676.55494505495
5,train,2004-10-01,2465.0,9900359.0,27259130.0,7824042.0,2646.0361328125,7276.70458984375,6844.841796875,2668.35869565217,7336.28260869565,6805.30434782609
5,train,2005-01-01,2557.0,10133116.0,27899382.0,8462984.0,2507.384765625,6898.15869140625,6983.994140625,2529.96739130435,6959.26086956522,6945.02173913043
5,train,2005-04-01,2647.0,10346223.0,28485722.0,9101988.0,2349.89868164063,6465.71142578125,7127.8857421875,2367.85555555556,6514.88888888889,7100.04444444444
5,train,2005-07-01,2738.0,10545671.0,29034460.0,9759404.0,2170.48095703125,5971.84912109375,7255.2109375,2191.73626373626,6030.08791208791,7224.35164835165
5,train,2005-10-01,2830.0,10732374.0,29548126.0,10435661.0,2013.69116210937,5540.27294921875,7371.36474609375,2029.38043478261,5583.32608695652,7350.61956521739
5,train,2006-01-01,2922.0,10907923.0,30031280.0,11122015.0,1891.8779296875,5207.50732421875,7480.146484375,1908.14130434783,5251.67391304348,7460.36956521739
5,train,2006-04-01,3012.0,11071288.0,30481036.0,11802737.0,1798.29040527344,4951.21533203125,7584.0986328125,1815.16666666667,4997.28888888889,7563.57777777778
5,train,2006-07-01,3103.0,11230334.0,30918932.0,12501578.0,1731.51477050781,4767.251953125,7702.53369140625,1747.75824175824,4812.04395604396,7679.57142857143
5,train,2006-10-01,3195.0,11386019.0,31347582.0,13219241.0,1676.00012207031,4614.412109375,7826.9404296875,1692.22826086957,4659.23913043478,7800.6847826087
5,train,2007-01-01,3287.0,11537472.0,31764328.0,13947739.0,1634.10827636719,4495.669921875,7943.728515625,1646.22826086957,4529.84782608696,7918.45652173913
5,train,2007-04-01,3377.0,11682579.0,32163552.0,14669269.0,1594.92785644531,4388.23828125,8056.00244140625,1612.3,4435.82222222222,8017.0
5,train,2007-07-01,3468.0,11825105.0,32555782.0,15411936.0,1552.84899902344,4273.650390625,8193.5888671875,1566.21978021978,4310.21978021978,8161.17582417582
5,train,2007-10-01,3560.0,11964942.0,32940668.0,16176245.0,1506.4375,4146.41845703125,8340.7978515625,1519.96739130435,4183.54347826087,8307.70652173913
5,train,2008-01-01,3652.0,12100855.0,33314782.0,16952412.0,1466.45239257813,4036.60034179688,8462.177734375,1477.3152173913,4066.45652173913,8436.59782608696
6,train,1998-01-01,0.0,0.0,0.0,0.0,0.0,0.0,0.0,,,
6,train,1998-04-01,90.0,0.0,0.0,0.0,0.0,0.0,0.0,0.0,0.0,0.0
6,train,1998-07-01,181.0,0.0,0.0,0.0,0.0,0.0,0.0,0.0,0.0,0.0
6,train,1998-10-01,273.0,0.0,0.0,0.0,0.0,0.0,0.0,0.0,0.0,0.0
6,train,1999-01-01,365.0,518325.5,1426714.875,0.0,5633.97265625,15507.76953125,0.0,5633.97282608696,15507.7703804348,0.0
6,train,1999-04-01,455.0,1017777.4375,2801479.25,0.0,5549.4658203125,15275.16015625,0.0,5549.46597222222,15275.1597222222,0.0
6,train,1999-07-01,546.0,1528237.375,4206543.5,0.0,5609.44970703125,15440.26953125,0.0,5609.44986263736,15440.2664835165,0.0
6,train,1999-10-01,638.0,2042620.375,5622407.0,30.7233142852783,5590.29443359375,15387.54296875,2.60867309570313,5591.11956521739,15389.8206521739,0.333949068318242
6,train,2000-01-01,730.0,2556011.75,7035540.0,5314.82470703125,5567.07080078125,15323.619140625,93.9607849121094,5580.3410326087,15360.1413043478,57.4358847037606
6,train,2000-04-01,821.0,3067344.0,8443006.0,17615.685546875,5612.2783203125,15448.0556640625,153.77229309082,5619.03571428571,15466.6593406593,135.174294943338
6,train,2000-07-01,912.0,3575510.75,9841758.0,40588.96484375,5555.93798828125,15292.9755859375,330.384490966797,5584.25,15370.9010989011,252.453618646978
6,train,2000-10-01,1004.0,4086768.5,11249019.0,91472.734375,5507.53955078125,15159.7568359375,689.642150878906,5557.14945652174,15296.3152173913,553.08445142663
6,train,2001-01-01,1096.0,4598467.0,12657492.0,179138.0625,5515.4189453125,15181.4453125,1080.93029785156,5561.9402173913,15309.4891304348,952.884001358696
6,train,2001-04-01,1186.0,5102502.5,14044873.0,302456.625,5548.87353515625,15273.529296875,1512.02111816406,5600.39444444444,15415.3444444444,1370.20625
6,train,2001-07-01,1277.0,5607370.5,15434546.0,465014.34375,5490.275390625,15112.2353515625,1945.24621582031,5548.0,15271.1318681319,1786.34855769231
6,train,2001-10-01,1369.0,6108559.5,16814092.0,663426.0,5397.84716796875,14857.822265625,2293.88012695313,5447.70652173913,14995.0652173913,2156.6484375
6,train,2002-01-01,1461.0,6602872.0,18174710.0,893428.9375,5332.32177734375,14677.4619140625,2611.89233398438,5372.96195652174,14789.3260869565,2500.03192934783
6,train,2002-04-01,1551.0,7079320.5,19486156.0,1144050.375,5253.81787109375,14461.3759765625,2894.93408203125,5293.87222222222,14571.6222222222,2784.68263888889
6,train,2002-07-01,1642.0,7552879.5,20789648.0,1423759.25,5166.44287109375,14220.873046875,3176.95190429688,5203.94505494505,14324.0879120879,3073.7239010989
6,train,2002-10-01,1734.0,8024784.0,22088910.0,1733190.125,5089.65966796875,14022.822265625,3462.96948242188,5129.39673913043,14122.4130434783,3363.37907608696
6,train,2003-01-01,1826.0,8484103.0,23353602.0,2069767.5,4951.09814453125,13646.0849609375,3759.00830078125,4992.59782608696,13746.652173913,3658.44972826087
6,train,2003-04-01,1916.0,8909006.0,24522466.0,2422156.25,4682.58251953125,12887.7119140625,4015.1064453125,4721.14444444444,12987.3777777778,3915.43055555556
6,train,2003-07-01,2007.0,9307630.0,25619680.0,2798639.0,4337.7255859375,11939.7490234375,4254.71923828125,4380.48351648352,12057.2967032967,4137.17307692308
6,train,2003-10-01,2099.0,9682919.0,26652682.0,3204385.25,4030.0244140625,11092.8271484375,4545.732421875,4079.22826086957,11228.2826086957,4410.28532608696
6,train,2004-01-01,2191.0,10038308.0,27630906.0,3639052.75,3817.47998046875,10507.7890625,4849.73681640625,3862.92391304348,10632.8695652174,4724.64673913043
6,train,2004-04-01,2282.0,10372779.0,28551554.0,4093588.25,3646.8232421875,10038.048828125,5073.85107421875,3675.50549450549,10117.010989011,4994.8956043956
6,train,2004-07-01,2373.0,10692787.0,29432426.0,4565268.0,3489.69946289063,9607.505859375,5255.69970703125,3516.57142857143,9679.91208791209,5183.29395604396
6,train,2004-10-01,2465.0,11001239.0,30281902.0,5059742.0,3328.93334960938,9172.7294921875,5435.412109375,3352.73913043478,9233.4347826087,5374.71739130435
6,train,2005-01-01,2557.0,11295796.0,31093344.0,5570054.5,3176.97387695313,8757.7509765625,5609.1552734375,3201.70652173913,8820.02173913043,5546.875
6,train,2005-04-01,2647.0,11569437.0,31847450.0,6084455.0,3020.34887695313,8327.212890625,5767.314453125,3040.45555555556,8378.95555555556,5715.56111111111
6,train,2005-07-01,2738.0,11830134.0,32566162.0,6616646.5,2845.2060546875,7858.1962890625,5887.9921875,2864.8021978022,7897.93406593407,5848.25824175824
6,train,2005-10-01,2830.0,12079768.0,33254656.0,7165298.0,2697.72485351563,7452.37158203125,5994.86669921875,2713.41304347826,7483.63043478261,5963.60326086957
6,train,2006-01-01,2922.0,12319160.0,33915096.0,7723636.5,2588.81201171875,7151.43408203125,6096.14599609375,2602.08695652174,7178.69565217391,6068.89673913043
6,train,2006-04-01,3012.0,12545917.0,34541404.0,8279887.5,2507.35888671875,6933.5078125,6206.017578125,2519.52222222222,6958.97777777778,6180.56666666667
6,train,2006-07-01,3103.0,12770338.0,35161912.0,8853074.0,2450.57397460938,6783.3271484375,6334.2177734375,2466.16483516484,6818.76923076923,6298.75274725275
6,train,2006-10-01,3195.0,12992406.0,35774844.0,9444228.0,2398.1357421875,6609.19921875,6447.736328125,2413.78260869565,6662.30434782609,6425.58695652174
6,train,2007-01-01,3287.0,13210002.0,36373456.0,10045809.0,2350.55834960938,6464.62353515625,6565.94091796875,2365.17391304348,6506.65217391304,6538.92391304348
6,train,2007-04-01,3377.0,13418550.0,36946980.0,10643987.0,2303.09741210938,6333.9951171875,6671.40966796875,2317.2,6372.48888888889,6646.42222222222
6,train,2007-07-01,3468.0,13625072.0,37515020.0,11259669.0,2255.11938476563,6202.9765625,6791.89794921875,2269.47252747253,6242.1978021978,6765.73626373626
6,train,2007-10-01,3560.0,13829160.0,38076500.0,11893127.0,2203.39453125,6062.369140625,6911.52197265625,2218.34782608696,6103.04347826087,6885.41304347826
6,train,2008-01-01,3652.0,14028276.0,38624404.0,12537088.0,2149.3955078125,5914.53173828125,7024.736328125,2164.30434782609,5955.47826086957,6999.57608695652
7,train,1998-01-01,0.0,0.0,0.0,0.0,0.0,0.0,0.0,,,
7,train,1998-04-01,90.0,0.0,0.0,0.0,0.0,0.0,0.0,0.0,0.0,0.0
7,train,1998-07-01,181.0,0.0,0.0,0.0,0.0,0.0,0.0,0.0,0.0,0.0
7,train,1998-10-01,273.0,0.0,0.0,0.0,0.0,0.0,0.0,0.0,0.0,0.0
7,train,1999-01-01,365.0,518325.5,1426714.875,0.0,5633.97265625,15507.76953125,0.0,5633.97282608696,15507.7703804348,0.0
7,train,1999-04-01,455.0,1017777.4375,2801479.25,0.0,5549.4658203125,15275.16015625,0.0,5549.46597222222,15275.1597222222,0.0
7,train,1999-07-01,546.0,1528237.375,4206543.5,0.0,5609.44970703125,15440.26953125,0.0,5609.44986263736,15440.2664835165,0.0
7,train,1999-10-01,638.0,2042379.0,5621742.5,695.231811523438,5579.9794921875,15359.1513671875,30.9998722076416,5588.49592391304,15382.597826087,7.55686751655911
7,train,2000-01-01,730.0,2554531.0,7031464.5,9390.4375,5555.7744140625,15292.525390625,125.054962158203,5566.86956521739,15323.0652173913,94.5131053095279
7,train,2000-04-01,821.0,3064228.75,8434431.0,26190.17578125,5581.94140625,15364.55078125,237.276351928711,5601.07417582418,15417.2142857143,184.612508585165
7,train,2000-07-01,912.0,3566200.5,9816131.0,66215.90625,5468.0068359375,15050.94140625,572.41845703125,5516.17307692308,15183.5164835165,439.843191964286
7,train,2000-10-01,1004.0,4068149.25,11197768.0,142723.71875,5410.01953125,14891.328125,958.070373535156,5455.96467391304,15017.7934782609,831.606657608696
7,train,2001-01-01,1096.0,4570428.5,12580315.0,256315.640625,5406.36474609375,14881.267578125,1381.10766601563,5459.55706521739,15027.6847826087,1234.69480298913
7,train,2001-04-01,1186.0,5063067.0,13936326.0,411004.0,5417.5478515625,14912.0498046875,1873.50109863281,5473.76111111111,15066.7888888889,1718.75954861111
7,train,2001-07-01,1277.0,5556462.0,15294418.0,605142.5625,5366.1259765625,14770.509765625,2286.97241210938,5421.92307692308,14924.0879120879,2133.3907967033
7,train,2001-10-01,1369.0,6046929.0,16644451.0,833066.5,5285.2294921875,14547.8388671875,2603.86450195313,5331.16304347826,14674.2717391304,2477.43410326087
7,train,2002-01-01,1461.0,6530841.0,17976440.0,1091697.5,5217.18408203125,14360.5390625,2928.81469726563,5259.91304347826,14478.1413043478,2811.20652173913
7,train,2002-04-01,1551.0,6996622.0,19258526.0,1371680.75,5133.6240234375,14130.537109375,3225.7724609375,5175.34444444444,14245.4,3110.925
7,train,2002-07-01,1642.0,7458272.0,20529236.0,1684170.875,5039.55126953125,13871.5966796875,3526.22802734375,5073.07692307692,13963.8461538462,3433.95741758242
7,train,2002-10-01,1734.0,7917048.0,21792040.0,2030061.375,4937.22705078125,13589.9453125,3895.84692382813,4986.69565217391,13726.1304347826,3759.67934782609
7,train,2003-01-01,1826.0,8358625.5,23007502.0,2415867.0,4738.77392578125,13043.6943359375,4361.39892578125,4799.75543478261,13211.5434782609,4193.53940217391
7,train,2003-04-01,1916.0,8757077.0,24104260.0,2840363.75,4351.05224609375,11976.4716796875,4926.3466796875,4427.23888888889,12186.2,4716.63055555556
7,train,2003-07-01,2007.0,9126173.0,25120212.0,3298107.75,4004.63305664063,11022.9365234375,5171.53125,4056.0,11164.3076923077,5030.15384615385
7,train,2003-10-01,2099.0,9476408.0,26084252.0,3772815.75,3767.08666992188,10369.080078125,5269.4794921875,3806.90217391304,10478.6956521739,5159.86956521739
7,train,2004-01-01,2191.0,9810464.0,27003754.0,4266206.0,3602.33129882813,9915.5830078125,5441.94287109375,3631.04347826087,9994.58695652174,5362.9375
7,train,2004-04-01,2282.0,10126861.0,27874762.0,4770379.5,3450.53637695313,9501.9423828125,5609.9580078125,3476.89010989011,9571.51648351648,5540.36813186813
7,train,2004-07-01,2373.0,10429778.0,28709286.0,5288407.5,3303.20849609375,9106.5537109375,5756.65185546875,3328.75824175824,9170.59340659341,5692.61538461538
7,train,2004-10-01,2465.0,10722807.0,29516948.0,5824695.5,3163.66284179688,8722.2373046875,5885.90478515625,3185.09782608696,8778.9347826087,5829.21739130435
7,train,2005-01-01,2557.0,11002933.0,30289538.0,6373861.0,3022.400390625,8351.1689453125,6015.7373046875,3044.84782608696,8397.71739130435,5969.1902173913
7,train,2005-04-01,2647.0,11263004.0,31007984.0,6923922.0,2870.84838867188,7943.49560546875,6151.03173828125,2889.67777777778,7982.73333333333,6111.78888888889
7,train,2005-07-01,2738.0,11510124.0,31691094.0,7491715.0,2700.78637695313,7473.09228515625,6273.0966796875,2715.6043956044,7506.7032967033,6239.48351648352
7,train,2005-10-01,2830.0,11746046.0,32342622.0,8077333.0,2553.50390625,7054.46630859375,6392.77197265625,2564.36956521739,7081.82608695652,6365.41304347826
7,train,2006-01-01,2922.0,11972387.0,32965936.0,8672697.0,2445.08935546875,6736.53173828125,6508.0791015625,2460.22826086957,6775.15217391304,6471.34782608696
7,train,2006-04-01,3012.0,12186012.0,33553426.0,9266791.0,2359.67431640625,6489.07568359375,6628.84375,2373.61111111111,6527.66666666667,6601.04444444444
7,train,2006-07-01,3103.0,12396596.0,34132516.0,9879667.0,2299.44116210938,6323.66748046875,6760.9423828125,2314.10989010989,6363.62637362637,6734.9010989011
7,train,2006-10-01,3195.0,12604812.0,34705240.0,10511398.0,2247.36083984375,6181.97119140625,6895.216796875,2263.21739130435,6225.26086956522,6866.64130434783
7,train,2007-01-01,3287.0,12808146.0,35264680.0,11154686.0,2194.09936523438,6037.13232421875,7019.50732421875,2210.15217391304,6080.86956521739,6992.26086956522
7,train,2007-04-01,3377.0,13002076.0,35798332.0,11793925.0,2138.3876953125,5884.48291015625,7128.96337890625,2154.77777777778,5929.46666666667,7102.65555555556
7,train,2007-07-01,3468.0,13193150.0,36324136.0,12451119.0,2084.025390625,5734.89501953125,7246.7275390625,2099.71428571429,5778.06593406593,7221.91208791209
7,train,2007-10-01,3560.0,13381322.0,36841948.0,13125941.0,2029.9228515625,5585.9169921875,7359.623046875,2045.34782608696,5628.39130434783,7335.02173913043
7,train,2008-01-01,3652.0,13564408.0,37345760.0,13810516.0,1974.95178222656,5434.63525390625,7463.55810546875,1990.0652173913,5476.21739130435,7441.03260869565
8,train,1998-01-01,0.0,0.0,0.0,0.0,0.0,0.0,0.0,,,
8,train,1998-04-01,90.0,0.0,0.0,0.0,0.0,0.0,0.0,0.0,0.0,0.0
8,train,1998-07-01,181.0,0.0,0.0,0.0,0.0,0.0,0.0,0.0,0.0,0.0
8,train,1998-10-01,273.0,0.0,0.0,0.0,0.0,0.0,0.0,0.0,0.0,0.0
8,train,1999-01-01,365.0,518325.5,1426714.875,0.0,5633.97265625,15507.76953125,0.0,5633.97282608696,15507.7703804348,0.0
8,train,1999-04-01,455.0,1017777.4375,2801479.25,0.0,5549.4658203125,15275.16015625,0.0,5549.46597222222,15275.1597222222,0.0
8,train,1999-07-01,546.0,1528227.75,4206517.5,26.4401473999023,5609.025390625,15439.1015625,1.16782009601593,5609.34409340659,15439.9807692308,0.290551070328597
8,train,1999-10-01,638.0,2040799.0,5617393.0,5044.45068359375,5553.67724609375,15286.7529296875,103.398483276367,5571.42663043478,15335.6032608696,54.5435927847157
8,train,2000-01-01,730.0,2550901.5,7021474.0,19380.9453125,5525.88818359375,15210.26171875,207.318389892578,5544.59239130435,15261.75,155.831463357677
8,train,2000-04-01,821.0,3052430.0,8401954.0,58667.0546875,5453.0361328125,15009.7333984375,592.094116210938,5511.3021978022,15170.1098901099,431.715487637363
8,train,2000-07-01,912.0,3540711.75,9745973.0,136374.421875,5311.35498046875,14619.7490234375,1003.61059570313,5365.73351648352,14769.4395604396,853.927111950549
8,train,2000-10-01,1004.0,4027841.0,11086818.0,253673.5,5234.96826171875,14409.4912109375,1439.9072265625,5294.88315217391,14574.402173913,1274.98997961957
8,train,2001-01-01,1096.0,4512620.0,12421194.0,415436.25,5208.794921875,14337.44921875,1924.92651367188,5269.33695652174,14504.0869565217,1758.29076086957
8,train,2001-04-01,1186.0,4987668.5,13728787.0,618543.0,5221.90380859375,14373.53125,2412.01977539063,5278.31666666667,14528.8111111111,2256.74166666667
8,train,2001-07-01,1277.0,5463362.5,15038157.0,861403.6875,5176.0537109375,14247.326171875,2810.15551757813,5227.40659340659,14388.6813186813,2668.79876373626
8,train,2001-10-01,1369.0,5935829.0,16338643.0,1138874.125,5084.75,13996.0087890625,3155.6943359375,5135.50543478261,14135.7173913043,3015.98301630435
8,train,2002-01-01,1461.0,6399586.0,17615156.0,1452982.125,4996.3642578125,13752.72265625,3536.630859375,5040.83695652174,13875.1413043478,3414.21739130435
8,train,2002-04-01,1551.0,6842804.0,18835134.0,1795072.0,4863.23095703125,13386.267578125,3970.04174804688,4924.64444444444,13555.3111111111,3800.99861111111
8,train,2002-07-01,1642.0,7274511.5,20023428.0,2189979.5,4643.55078125,12781.587890625,4616.23681640625,4744.03846153846,13058.1758241758,4339.64285714286
8,train,2002-10-01,1734.0,7685908.0,21155816.0,2666284.25,4374.8671875,12042.0234375,5443.76806640625,4471.70108695652,12308.5652173913,5177.22554347826
8,train,2003-01-01,1826.0,8074849.0,22226444.0,3196926.0,4152.8701171875,11434.7109375,5970.38232421875,4227.61956521739,11637.2608695652,5767.84510869565
8,train,2003-04-01,1916.0,8429006.0,23201230.0,3743393.5,3890.48413085937,10708.6552734375,6194.1630859375,3935.07777777778,10830.9555555556,6071.86111111111
8,train,2003-07-01,2007.0,8763104.0,24120848.0,4297470.5,3638.0400390625,10013.87109375,6180.59716796875,3671.40659340659,10105.6923076923,6088.75824175824
8,train,2003-10-01,2099.0,9083033.0,25001804.0,4855263.0,3446.34838867188,9497.693359375,6140.86572265625,3477.48913043478,9575.60869565217,6062.96195652174
8,train,2004-01-01,2191.0,9389745.0,25847104.0,5422854.5,3307.69921875,9117.5400390625,6239.98583984375,3333.82608695652,9188.04347826087,6169.47282608696
8,train,2004-04-01,2282.0,9680458.0,26648826.0,5996315.5,3171.40014648438,8758.552734375,6353.34765625,3194.64835164835,8810.13186813187,6301.76923076923
8,train,2004-07-01,2373.0,9958032.0,27416376.0,6581318.0,3024.35815429688,8374.88671875,6488.31982421875,3050.26373626374,8434.61538461538,6428.5989010989
8,train,2004-10-01,2465.0,10225185.0,28154462.0,7186365.0,2874.79052734375,7930.65283203125,6632.28076171875,2903.83695652174,8022.67391304348,6576.59782608696
8,train,2005-01-01,2557.0,10478555.0,28851394.0,7806742.0,2736.08227539063,7523.15087890625,6777.115234375,2754.02173913043,7575.34782608696,6743.22826086957
8,train,2005-04-01,2647.0,10712731.0,29495262.0,8427417.0,2585.69116210938,7110.0830078125,6925.9375,2601.95555555556,7154.08888888889,6896.38888888889
8,train,2005-07-01,2738.0,10933592.0,30102684.0,9067351.0,2412.17065429688,6634.62939453125,7057.8388671875,2427.04395604396,6674.96703296703,7032.24175824176
8,train,2005-10-01,2830.0,11142553.0,30677524.0,9726418.0,2255.42407226563,6205.1484375,7188.50634765625,2271.3152173913,6248.26086956522,7163.77173913043
8,train,2006-01-01,2922.0,11340274.0,31221538.0,10396823.0,2132.26782226563,5866.95263671875,7311.234375,2149.14130434783,5913.19565217391,7287.01086956522
8,train,2006-04-01,3012.0,11525343.0,31730758.0,11063059.0,2040.21459960938,5613.62939453125,7425.58935546875,2056.32222222222,5658.0,7402.62222222222
8,train,2006-07-01,3103.0,11706104.0,32228198.0,11748018.0,1968.75354003906,5418.45263671875,7551.72119140625,1986.38461538462,5466.37362637363,7527.02197802198
8,train,2006-10-01,3195.0,11883162.0,32715616.0,12451488.0,1906.4580078125,5248.560546875,7670.24365234375,1924.54347826087,5298.02173913043,7646.41304347826
8,train,2007-01-01,3287.0,12054416.0,33187226.0,13165171.0,1842.97424316406,5075.68408203125,7781.615234375,1861.45652173913,5126.19565217391,7757.42391304348
8,train,2007-04-01,3377.0,12216605.0,33633896.0,13872210.0,1785.10827636719,4916.14794921875,7880.34912109375,1802.1,4963.0,7855.98888888889
8,train,2007-07-01,3468.0,12375408.0,34071172.0,14597877.0,1729.39196777344,4761.68359375,8000.17138671875,1745.08791208791,4805.23076923077,7974.36263736264
8,train,2007-10-01,3560.0,12531576.0,34500904.0,15342326.0,1685.50842285156,4637.0849609375,8116.19970703125,1697.47826086957,4671.0,8091.83695652174
8,train,2008-01-01,3652.0,12683996.0,34920236.0,16097315.0,1645.26635742188,4526.5849609375,8232.2568359375,1656.73913043478,4557.95652173913,8206.40217391304
9,train,1998-01-01,0.0,0.0,0.0,0.0,0.0,0.0,0.0,,,
9,train,1998-04-01,90.0,0.0,0.0,0.0,0.0,0.0,0.0,0.0,0.0,0.0
9,train,1998-07-01,181.0,0.0,0.0,0.0,0.0,0.0,0.0,0.0,0.0,0.0
9,train,1998-10-01,273.0,0.0,0.0,0.0,0.0,0.0,0.0,0.0,0.0,0.0
9,train,1999-01-01,365.0,518325.5,1426714.875,0.0,5633.97265625,15507.76953125,0.0,5633.97282608696,15507.7703804348,0.0
9,train,1999-04-01,455.0,1017777.375,2801479.0,0.146913439035416,5549.462890625,15275.15234375,0.00745426677167416,5549.46527777778,15275.1569444444,0.00163237154483796
9,train,1999-07-01,546.0,1528014.125,4205929.5,614.404907226563,5597.28369140625,15406.78125,33.4882392883301,5606.99725274725,15433.521978022,6.75008784381898
9,train,1999-10-01,638.0,2038614.875,5611381.5,11056.15625,5535.51611328125,15236.763671875,153.387786865234,5550.00815217391,15276.652173913,113.497297204059
9,train,2000-01-01,730.0,2543372.25,7000749.0,40105.89453125,5422.6826171875,14926.18359375,491.396270751953,5486.49320652174,15101.8206521739,315.758024796196
9,train,2000-04-01,821.0,3032734.75,8347742.5,112879.046875,5308.0361328125,14610.6142578125,991.213623046875,5377.60989010989,14802.1263736264,799.70497081044
9,train,2000-07-01,912.0,3507888.25,9655624.0,226723.234375,5152.91845703125,14183.6455078125,1439.71472167969,5221.46703296703,14372.3241758242,1251.03502747253
9,train,2000-10-01,1004.0,3980204.25,10955696.0,384795.96875,5069.62451171875,13954.375,1895.02368164063,5133.86956521739,14131.2173913043,1718.18189538043
9,train,2001-01-01,1096.0,4449794.0,12248263.0,588367.625,5047.36474609375,13893.103515625,2369.27124023438,5104.23641304348,14049.6413043478,2212.73539402174
9,train,2001-04-01,1186.0,4909670.5,13514094.0,833235.9375,5052.35107421875,13906.830078125,2878.72119140625,5109.73888888889,14064.7888888889,2720.75902777778
9,train,2001-07-01,1277.0,5368762.0,14777766.0,1121795.25,4988.08203125,13729.9267578125,3327.55541992188,5044.96153846154,13886.5054945055,3170.98145604396
9,train,2001-10-01,1369.0,5821776.0,16024707.0,1452810.0,4852.89599609375,13357.8203125,3793.8828125,4924.0652173913,13553.7065217391,3597.98641304348
9,train,2002-01-01,1461.0,6257826.0,17225068.0,1843070.375,4628.080078125,12745.32421875,4544.029296875,4739.67391304348,13047.402173913,4241.96059782609
9,train,2002-04-01,1551.0,6657343.0,18326592.0,2303613.5,4322.62744140625,11938.353515625,5417.95556640625,4439.07777777778,12239.1555555556,5117.14583333333
9,train,2002-07-01,1642.0,7039140.5,19382660.0,2830724.75,4101.00341796875,11368.509765625,6027.77734375,4195.57692307692,11605.1428571429,5792.43131868132
9,train,2002-10-01,1734.0,7404471.0,20390314.0,3408258.25,3876.40844726563,10676.6357421875,6416.20947265625,3970.98369565217,10952.7608695652,6277.53804347826
9,train,2003-01-01,1826.0,7750385.5,21342828.0,4016679.75,3693.8427734375,10170.8427734375,6723.50927734375,3759.9402173913,10353.4130434783,6613.27717391304
9,train,2003-04-01,1916.0,8072515.0,22229762.0,4631742.5,3521.47778320313,9695.4501953125,6923.6962890625,3579.21666666667,9854.82222222222,6834.03055555556
9,train,2003-07-01,2007.0,8376346.5,23066240.0,5245988.0,3296.9345703125,9075.8994140625,6810.798828125,3338.80769230769,9192.06593406593,6749.95054945055
9,train,2003-10-01,2099.0,8664956.0,23860446.0,5859975.5,3105.416015625,8545.0322265625,6725.310546875,3137.0597826087,8632.67391304348,6673.77717391304
9,train,2004-01-01,2191.0,8939297.0,24614752.0,6482057.0,2953.9111328125,8119.04931640625,6810.91162109375,2981.96739130435,8198.97826086957,6761.75543478261
9,train,2004-04-01,2282.0,9196914.0,25322828.0,7108595.5,2810.11181640625,7724.99609375,6923.68359375,2830.95604395604,7781.05494505495,6885.03846153846
9,train,2004-07-01,2373.0,9442063.0,25997036.0,7744559.5,2670.0751953125,7344.5380859375,7030.1484375,2693.94505494505,7408.87912087912,6988.61538461538
9,train,2004-10-01,2465.0,9676370.0,26641726.0,8398903.0,2521.830078125,6939.5947265625,7153.48388671875,2546.8152173913,7007.5,7112.42934782609
9,train,2005-01-01,2557.0,9897033.0,27248966.0,9066456.0,2373.24926757813,6531.0146484375,7294.57177734375,2398.51086956522,6600.4347826087,7256.01086956522
9,train,2005-04-01,2647.0,10098071.0,27802192.0,9732728.0,2216.44995117188,6099.3896484375,7427.771484375,2233.75555555556,6146.95555555556,7403.02222222222
9,train,2005-07-01,2738.0,10284801.0,28316006.0,10417636.0,2035.1396484375,5600.1630859375,7548.5107421875,2051.97802197802,5646.30769230769,7526.46153846154
9,train,2005-10-01,2830.0,10458696.0,28794648.0,11120741.0,1873.66284179688,5157.68505859375,7662.96728515625,1890.16304347826,5202.63043478261,7642.44565217391
9,train,2006-01-01,2922.0,10621719.0,29243470.0,11833243.0,1753.16491699219,4826.73828125,7768.85791015625,1771.98913043478,4878.5,7744.58695652174
9,train,2006-04-01,3012.0,10772959.0,29659856.0,12540197.0,1665.08898925781,4584.37158203125,7877.3759765625,1680.44444444444,4626.51111111111,7855.04444444444
9,train,2006-07-01,3103.0,10920237.0,30065282.0,13266088.0,1605.19799804688,4417.97412109375,8000.294921875,1618.43956043956,4455.23076923077,7976.82417582418
9,train,2006-10-01,3195.0,11065188.0,30464086.0,14012004.0,1562.20703125,4298.03955078125,8138.05224609375,1575.55434782609,4334.82608695652,8107.78260869565
9,train,2007-01-01,3287.0,11206128.0,30851878.0,14770827.0,1510.29577636719,4155.6552734375,8300.3935546875,1531.95652173913,4215.13043478261,8248.07608695652
9,train,2007-04-01,3377.0,11339653.0,31219316.0,15525918.0,1467.33972167969,4038.1904296875,8428.1220703125,1483.61111111111,4082.64444444444,8389.9
9,train,2007-07-01,3468.0,11470906.0,31580588.0,16301425.0,1432.07397460938,3941.98559570313,8544.9755859375,1442.34065934066,3970.02197802198,8522.05494505494
9,train,2007-10-01,3560.0,11600471.0,31937274.0,17095326.0,1398.173828125,3849.18115234375,8651.736328125,1408.3152173913,3877.02173913043,8629.35869565217
9,train,2008-01-01,3652.0,11726805.0,32285096.0,17898718.0,1363.19079589844,3753.2978515625,8754.576171875,1373.19565217391,3780.67391304348,8732.52173913043
10,train,1998-01-01,0.0,0.0,0.0,0.0,0.0,0.0,0.0,,,
10,train,1998-04-01,90.0,0.0,0.0,0.0,0.0,0.0,0.0,0.0,0.0,0.0
10,train,1998-07-01,181.0,0.0,0.0,0.0,0.0,0.0,0.0,0.0,0.0,0.0
10,train,1998-10-01,273.0,0.0,0.0,0.0,0.0,0.0,0.0,0.0,0.0,0.0
10,train,1999-01-01,365.0,518325.5,1426714.875,0.0,5633.97265625,15507.76953125,0.0,5633.97282608696,15507.7703804348,0.0
10,train,1999-04-01,455.0,1017777.4375,2801479.25,0.0,5549.4658203125,15275.16015625,0.0,5549.46597222222,15275.1597222222,0.0
10,train,1999-07-01,546.0,1528237.375,4206543.5,0.0,5609.44970703125,15440.26953125,0.0,5609.44986263736,15440.2664835165,0.0
10,train,1999-10-01,638.0,2042360.375,5621691.0,746.39404296875,5579.650390625,15358.2451171875,31.9065628051758,5588.29347826087,15382.0380434783,8.1129787279212
10,train,2000-01-01,730.0,2554520.0,7031434.0,9420.82421875,5555.98828125,15293.1142578125,124.465927124023,5566.95244565217,15323.2934782609,94.2872845193614
10,train,2000-04-01,821.0,3064757.75,8435887.0,24734.3984375,5591.80712890625,15391.70703125,210.120651245117,5607.00824175824,15433.5494505494,168.281035370879
10,train,2000-07-01,912.0,3567898.5,9820805.0,61541.62109375,5490.13916015625,15111.861328125,511.498779296875,5529.01923076923,15218.8791208791,404.474974244506
10,train,2000-10-01,1004.0,4072237.75,11209022.0,131469.3125,5429.47509765625,14944.880859375,904.517883300781,5481.94836956522,15089.3152173913,760.083602241848
10,train,2001-01-01,1096.0,4576368.0,12596663.0,239966.875,5433.84521484375,14956.91015625,1305.46520996094,5479.67663043478,15083.0543478261,1179.32133152174
10,train,2001-04-01,1186.0,5071836.5,13960464.0,386866.28125,5442.8759765625,14981.767578125,1803.78332519531,5505.20555555556,15153.3444444444,1632.215625
10,train,2001-07-01,1277.0,5567322.0,15324311.0,575250.0625,5388.43017578125,14831.9033203125,2225.5791015625,5444.8956043956,14987.3296703297,2070.15144230769
10,train,2001-10-01,1369.0,6059488.0,16679020.0,798497.125,5301.57958984375,14592.841796875,2558.86108398438,5349.63043478261,14725.097826087,2426.59850543478
10,train,2002-01-01,1461.0,6544810.5,18014894.0,1053244.75,5229.8046875,14395.2783203125,2894.07543945313,5275.24456521739,14520.3695652174,2768.99592391304
10,train,2002-04-01,1551.0,7010318.5,19297726.0,1332479.875,5132.3134765625,14154.763671875,3201.54565429688,5172.31111111111,14253.6888888889,3102.6125
10,train,2002-07-01,1642.0,7472471.0,20572154.0,1641253.125,5037.0029296875,13897.4423828125,3500.3828125,5078.5989010989,14004.7032967033,3393.11263736264
10,train,2002-10-01,1734.0,7930720.0,21837698.0,1984402.75,4931.49755859375,13639.3564453125,3846.43505859375,4980.96739130435,13755.9130434783,3729.88722826087
10,train,2003-01-01,1826.0,8373627.0,23059988.0,2363382.25,4750.4033203125,13121.890625,4283.2021484375,4814.20652173913,13285.7608695652,4119.34239130435
10,train,2003-04-01,1916.0,8778114.0,24169178.0,2775445.75,4418.59521484375,12124.14453125,4778.67333984375,4494.3,12324.3333333333,4578.48333333333
10,train,2003-07-01,2007.0,9153706.0,25197144.0,3221175.25,4052.23461914063,11133.6611328125,5060.80712890625,4127.38461538462,11296.3296703297,4898.12637362637
10,train,2003-10-01,2099.0,9506637.0,26168328.0,3688739.5,3792.11206054688,10444.8974609375,5193.6611328125,3836.20652173913,10556.347826087,5082.22010869565
10,train,2004-01-01,2191.0,9842387.0,27093582.0,4176376.5,3612.60791015625,9969.2470703125,5388.279296875,3649.45652173913,10057.1086956522,5300.40217391304
10,train,2004-04-01,2282.0,10158389.0,27968052.0,4677091.0,3434.02294921875,9530.4208984375,5581.47900390625,3472.54945054945,9609.56043956044,5502.35714285714
10,train,2004-07-01,2373.0,10457791.0,28798342.0,5193101.0,3245.30419921875,8971.099609375,5725.25927734375,3290.13186813187,9124.06593406593,5670.43956043956
10,train,2004-10-01,2465.0,10745325.0,29591110.0,5725846.0,3092.57836914063,8517.978515625,5840.52734375,3125.36956521739,8617.04347826087,5790.70652173913
10,train,2005-01-01,2557.0,11019733.0,30346582.0,6270751.5,2957.88232421875,8142.35693359375,5961.982421875,2982.69565217391,8211.65217391304,5922.88586956522
10,train,2005-04-01,2647.0,11274878.0,31048836.0,6814877.5,2813.78466796875,7743.97216796875,6077.673828125,2834.94444444444,7802.82222222222,6045.84444444444
10,train,2005-07-01,2738.0,11517315.0,31715826.0,7375139.5,2647.95751953125,7284.310546875,6180.4443359375,2664.14285714286,7329.56043956044,6156.72527472528
10,train,2005-10-01,2830.0,11749336.0,32353850.0,7950998.0,2505.32470703125,6887.48974609375,6286.857421875,2521.96739130435,6935.04347826087,6259.33152173913
10,train,2006-01-01,2922.0,11971168.0,32963288.0,8537395.0,2398.14331054688,6587.20654296875,6395.46435546875,2411.21739130435,6624.32608695652,6373.88043478261
10,train,2006-04-01,3012.0,12180991.0,33539800.0,9121404.0,2317.64916992188,6369.08642578125,6513.7041015625,2331.36666666667,6405.68888888889,6488.98888888889
10,train,2006-07-01,3103.0,12387853.0,34108560.0,9723397.0,2259.01977539063,6211.95263671875,6640.14501953125,2273.20879120879,6250.10989010989,6615.30769230769
10,train,2006-10-01,3195.0,12592433.0,34671268.0,10343604.0,2208.056640625,6073.77392578125,6768.6357421875,2223.69565217391,6116.39130434783,6741.38043478261
10,train,2007-01-01,3287.0,12792126.0,35220712.0,10974987.0,2154.29467773438,5927.7333984375,6890.04931640625,2170.57608695652,5972.21739130435,6862.85869565217
10,train,2007-04-01,3377.0,12982915.0,35745708.0,11602062.0,2100.27978515625,5779.40380859375,6999.94873046875,2119.87777777778,5833.28888888889,6967.5
10,train,2007-07-01,3468.0,13170992.0,36263248.0,12246769.0,2047.61291503906,5634.5478515625,7115.10205078125,2066.78021978022,5687.25274725275,7084.69230769231
10,train,2007-10-01,3560.0,13355812.0,36771840.0,12909376.0,1993.33935546875,5485.279296875,7226.68798828125,2008.91304347826,5528.17391304348,7202.25
10,train,2008-01-01,3652.0,13535557.0,37266536.0,13581708.0,1938.150390625,5334.7744140625,7331.49560546875,1953.75,5377.13043478261,7307.95652173913
11,train,1998-01-01,0.0,0.0,0.0,0.0,0.0,0.0,0.0,,,
11,train,1998-04-01,90.0,0.0,0.0,0.0,0.0,0.0,0.0,0.0,0.0,0.0
11,train,1998-07-01,181.0,0.0,0.0,0.0,0.0,0.0,0.0,0.0,0.0,0.0
11,train,1998-10-01,273.0,0.0,0.0,0.0,0.0,0.0,0.0,0.0,0.0,0.0
11,train,1999-01-01,365.0,518325.5,1426714.875,0.0,5633.97265625,15507.76953125,0.0,5633.97282608696,15507.7703804348,0.0
11,train,1999-04-01,455.0,1017777.4375,2801479.25,0.0,5549.4658203125,15275.16015625,0.0,5549.46597222222,15275.1597222222,0.0
11,train,1999-07-01,546.0,1528237.375,4206543.5,0.0,5609.44970703125,15440.26953125,0.0,5609.44986263736,15440.2664835165,0.0
11,train,1999-10-01,638.0,2042619.0,5622403.0,34.566089630127,5590.76611328125,15388.841796875,1.30965769290924,5591.10461956522,15389.777173913,0.375718365544859
11,train,2000-01-01,730.0,2556315.25,7036375.5,4479.33740234375,5569.4326171875,15330.1201171875,87.4602203369141,5583.65489130435,15369.2663043478,48.3127316599307
11,train,2000-04-01,821.0,3067696.75,8443977.0,16644.669921875,5612.73779296875,15449.3193359375,152.507781982422,5619.57692307692,15468.1483516484,133.684972742102
11,train,2000-07-01,912.0,3576066.5,9843288.0,39058.859375,5556.6162109375,15294.841796875,328.518249511719,5586.48076923077,15377.043956044,246.309774210165
11,train,2000-10-01,1004.0,4086696.75,11248821.0,91670.8046875,5510.107421875,15166.82421875,682.574401855469,5550.32880434783,15277.5326086957,571.868970788043
11,train,2001-01-01,1096.0,4598339.5,12657142.0,179488.609375,5515.736328125,15182.3193359375,1080.05627441406,5561.33423913043,15307.8369565217,954.541355298913
11,train,2001-04-01,1186.0,5102109.5,14043791.0,303538.5,5546.61572265625,15267.3154296875,1518.23547363281,5597.44444444444,15407.2111111111,1378.33211805556
11,train,2001-07-01,1277.0,5606921.5,15433310.0,466250.9375,5490.12548828125,15111.8232421875,1945.65832519531,5547.38461538462,15269.4395604396,1788.04876373626
11,train,2001-10-01,1369.0,6108189.5,16813074.0,664444.0,5399.34765625,14861.953125,2289.74975585938,5448.5652173913,14997.4347826087,2154.27241847826
11,train,2002-01-01,1461.0,6602971.0,18174982.0,893155.75,5334.84228515625,14684.3984375,2604.955078125,5378.0597826087,14803.347826087,2485.9972826087
11,train,2002-04-01,1551.0,7079886.5,19487714.0,1142491.375,5260.80126953125,14480.59765625,2875.7119140625,5299.06111111111,14585.9111111111,2770.39583333333
11,train,2002-07-01,1642.0,7554450.0,20793972.0,1419436.5,5178.0849609375,14252.91796875,3144.90673828125,5214.98351648352,14354.4835164835,3043.35302197802
11,train,2002-10-01,1734.0,8027632.0,22096428.0,1725673.0,5107.6943359375,14059.1650390625,3426.62744140625,5143.28260869565,14157.1304347826,3328.65760869565
11,train,2003-01-01,1826.0,8488916.0,23366132.0,2057236.5,4971.41748046875,13684.056640625,3721.03686523438,5013.95652173913,13801.1304347826,3603.95108695652
11,train,2003-04-01,1916.0,8915233.0,24539590.0,2405033.25,4693.8427734375,12920.0185546875,3982.79931640625,4736.85555555556,13038.4222222222,3864.40833333333
11,train,2003-07-01,2007.0,9315429.0,25641148.0,2777170.5,4356.39697265625,11991.18359375,4203.2841796875,4397.75824175824,12105.032967033,4089.42032967033
11,train,2003-10-01,2099.0,9692224.0,26678292.0,3178774.5,4044.27124023438,11132.04296875,4506.51611328125,4095.59782608696,11273.3043478261,4365.26086956522
11,train,2004-01-01,2191.0,10047736.0,27656858.0,3613101.5,3824.89306640625,10528.1943359375,4829.33154296875,3864.26086956522,10636.5869565217,4720.94565217391
11,train,2004-04-01,2282.0,10383189.0,28580208.0,4064935.0,3648.92358398437,10043.830078125,5068.06982421875,3686.2967032967,10146.7032967033,4965.2032967033
11,train,2004-07-01,2373.0,10703480.0,29461822.0,4535872.5,3493.84912109375,9616.98046875,5246.22509765625,3519.68131868132,9688.06593406593,5175.13736263736
11,train,2004-10-01,2465.0,11012717.0,30313012.0,5028631.0,3339.56030273438,9192.2939453125,5415.84814453125,3361.27173913043,9252.0652173913,5356.07065217391
11,train,2005-01-01,2557.0,11307908.0,31125538.0,5537860.5,3189.82885742188,8780.1513671875,5586.7548828125,3208.59782608696,8831.80434782609,5535.10326086957
11,train,2005-04-01,2647.0,11582596.0,31881630.0,6050276.5,3034.05688476563,8351.3818359375,5743.14501953125,3052.08888888889,8401.02222222222,5693.51111111111
11,train,2005-07-01,2738.0,11844336.0,32602080.0,6580729.0,2862.97729492188,7880.47705078125,5865.7119140625,2876.26373626374,7917.03296703297,5829.14835164835
11,train,2005-10-01,2830.0,12095350.0,33293008.0,7126946.5,2715.91137695313,7475.67138671875,5971.56689453125,2728.41304347826,7510.08695652174,5937.14673913043
11,train,2006-01-01,2922.0,12336154.0,33955832.0,7682900.5,2606.14697265625,7173.5400390625,6074.0400390625,2617.4347826087,7204.60869565217,6042.97826086957
11,train,2006-04-01,3012.0,12564715.0,34584956.0,8236332.0,2529.38720703125,6962.2548828125,6177.2705078125,2539.56666666667,6990.26666666667,6149.23888888889
11,train,2006-07-01,3103.0,12791049.0,35207952.0,8807034.0,2478.18603515625,6821.3212890625,6296.2236328125,2487.18681318681,6846.10989010989,6271.45054945055
11,train,2006-10-01,3195.0,13016025.0,35827208.0,9395065.0,2435.33618164063,6703.375,6419.32861328125,2445.39130434783,6731.04347826087,6391.64130434783
11,train,2007-01-01,3287.0,13236731.0,36434712.0,9993120.0,2385.35791015625,6565.8076171875,6538.08154296875,2398.97826086957,6603.30434782609,6500.59782608696
11,train,2007-04-01,3377.0,13447786.0,37015652.0,10589025.0,2334.5654296875,6425.9990234375,6650.033203125,2345.05555555556,6454.88888888889,6621.16666666667
11,train,2007-07-01,3468.0,13656702.0,37590700.0,11202871.0,2285.66333007813,6291.39404296875,6773.404296875,2295.78021978022,6319.20879120879,6745.56043956044
11,train,2007-10-01,3560.0,13863360.0,38159536.0,11834536.0,2236.07080078125,6154.8876953125,6894.04638671875,2246.28260869565,6183.0,6865.92391304348
11,train,2008-01-01,3652.0,14065492.0,38715916.0,12476834.0,2187.34033203125,6020.7548828125,7008.30908203125,2197.08695652174,6047.60869565217,6981.5
12,train,1998-01-01,0.0,0.0,0.0,0.0,0.0,0.0,0.0,,,
12,train,1998-04-01,90.0,0.0,0.0,0.0,0.0,0.0,0.0,0.0,0.0,0.0
12,train,1998-07-01,181.0,0.0,0.0,0.0,0.0,0.0,0.0,0.0,0.0,0.0
12,train,1998-10-01,273.0,0.0,0.0,0.0,0.0,0.0,0.0,0.0,0.0,0.0
12,train,1999-01-01,365.0,518325.5,1426714.875,0.0,5633.97265625,15507.76953125,0.0,5633.97282608696,15507.7703804348,0.0
12,train,1999-04-01,455.0,1017777.4375,2801479.25,0.0,5549.4658203125,15275.16015625,0.0,5549.46597222222,15275.1597222222,0.0
12,train,1999-07-01,546.0,1528237.375,4206543.5,0.0,5609.44970703125,15440.26953125,0.0,5609.44986263736,15440.2664835165,0.0
12,train,1999-10-01,638.0,2042631.625,5622437.5,0.0,5591.24169921875,15390.1513671875,0.0,5591.24184782609,15390.152173913,0.0
12,train,2000-01-01,730.0,2556943.75,7038105.5,2749.439453125,5577.44775390625,15352.181640625,65.3984909057617,5590.34918478261,15387.6956521739,29.8852114470109
12,train,2000-04-01,821.0,3068961.25,8447457.0,13164.1845703125,5619.4853515625,15467.892578125,133.93522644043,5626.56593406593,15487.3791208791,114.447748540522
12,train,2000-07-01,912.0,3579743.5,9853409.0,28938.177734375,5602.9384765625,15422.3466796875,201.013275146484,5612.99175824176,15450.021978022,173.340584220467
12,train,2000-10-01,1004.0,4097476.5,11278493.0,61998.828125,5591.77490234375,15391.6181640625,457.780853271484,5627.53260869565,15490.0434782609,359.354895550272
12,train,2001-01-01,1096.0,4618024.0,12711324.0,125306.0390625,5605.994140625,15430.7578125,831.617919921875,5658.125,15574.25,688.121858016304
12,train,2001-04-01,1186.0,5130653.0,14122360.0,224970.28125,5655.56005859375,15567.189453125,1218.36145019531,5695.87777777778,15678.1777777778,1107.38046875
12,train,2001-07-01,1277.0,5646170.5,15541345.0,358215.625,5612.1806640625,15447.7861328125,1609.69592285156,5665.02747252747,15593.2417582418,1464.2345467033
12,train,2001-10-01,1369.0,6158245.5,16950854.0,526663.375,5513.9814453125,15177.48828125,1974.21459960938,5566.03260869565,15320.75,1830.95380434783
12,train,2002-01-01,1461.0,6663199.0,18340762.0,727375.5625,5439.1201171875,14971.4287109375,2317.9248046875,5488.625,15107.6956521739,2181.65421195652
12,train,2002-04-01,1551.0,7148837.5,19677596.0,952609.5625,5357.97216796875,14755.3525390625,2600.95703125,5395.98333333333,14853.7111111111,2502.6
12,train,2002-07-01,1642.0,7631810.0,21008704.0,1204703.0,5266.92236328125,14528.072265625,2869.75244140625,5307.39010989011,14627.5604395604,2770.25755494505
12,train,2002-10-01,1734.0,8113312.0,22336106.0,1485993.875,5197.859375,14333.6318359375,3152.16015625,5233.71739130435,14428.2826086957,3057.50951086957
12,train,2003-01-01,1826.0,8583826.0,23631992.0,1791376.875,5079.455078125,13999.3076171875,3405.78515625,5114.28260869565,14085.7173913043,3319.38043478261
12,train,2003-04-01,1916.0,9022371.0,24836350.0,2108272.75,4841.21435546875,13303.7099609375,3599.10815429688,4872.72222222222,13381.7555555556,3521.06527777778
12,train,2003-07-01,2007.0,9437862.0,25978210.0,2440109.25,4534.7353515625,12478.181640625,3716.2861328125,4565.83516483516,12547.9120879121,3646.55494505495
12,train,2003-10-01,2099.0,9834059.0,27068702.0,2788365.0,4276.64453125,11771.5166015625,3867.04248046875,4306.48913043478,11853.1739130435,3785.38858695652
12,train,2004-01-01,2191.0,10212801.0,28111206.0,3158753.5,4085.669921875,11245.9892578125,4111.53662109375,4116.76086956522,11331.5652173913,4025.96195652174
12,train,2004-04-01,2282.0,10569917.0,29094182.0,3550959.25,3887.31103515625,10700.0029296875,4411.8974609375,3924.35164835165,10801.9340659341,4309.9532967033
12,train,2004-07-01,2373.0,10909583.0,30029234.0,3968459.5,3685.65063476563,10149.3271484375,4713.87841796875,3732.59340659341,10275.2967032967,4587.91483516484
12,train,2004-10-01,2465.0,11233930.0,30922526.0,4419117.0,3502.853515625,9650.16015625,4957.9814453125,3525.51086956522,9709.69565217391,4898.45108695652
12,train,2005-01-01,2557.0,11543515.0,31775094.0,4888304.0,3335.54077148437,9190.3837890625,5176.52197265625,3365.05434782609,9267.04347826087,5099.85869565217
12,train,2005-04-01,2647.0,11830325.0,32565140.0,5366765.5,3164.62939453125,8721.02734375,5373.5,3186.77777777778,8778.28888888889,5316.23888888889
12,train,2005-07-01,2738.0,12102989.0,33316322.0,5866487.0,2975.65087890625,8200.6689453125,5545.51953125,2996.30769230769,8254.74725274725,5491.44505494505
12,train,2005-10-01,2830.0,12363164.0,34033428.0,6386527.0,2804.447265625,7743.88818359375,5703.349609375,2827.98913043478,7794.63043478261,5652.60869565217
12,train,2006-01-01,2922.0,12612422.0,34720512.0,6918218.5,2690.9912109375,7430.763671875,5816.81640625,2709.32608695652,7468.30434782609,5779.25543478261
12,train,2006-04-01,3012.0,12848571.0,35372648.0,7448642.5,2609.31958007813,7217.341796875,5922.18310546875,2623.87777777778,7245.95555555556,5893.6
12,train,2006-07-01,3103.0,13082273.0,36019500.0,7995486.5,2550.55590820313,7072.390625,6045.154296875,2568.15384615385,7108.26373626374,6009.27472527472
12,train,2006-10-01,3195.0,13313381.0,36659892.0,8560035.0,2496.01049804688,6912.10791015625,6159.53662109375,2512.04347826087,6960.78260869565,6136.39673913043
12,train,2007-01-01,3287.0,13540231.0,37285660.0,9133232.0,2448.55029296875,6744.87548828125,6258.8935546875,2465.76086956522,6801.82608695652,6230.40217391304
12,train,2007-04-01,3377.0,13757806.0,37883984.0,9703202.0,2404.04736328125,6608.244140625,6356.53955078125,2417.5,6648.04444444444,6333.0
12,train,2007-07-01,3468.0,13973661.0,38477104.0,10289883.0,2358.27661132813,6480.1484375,6472.68896484375,2372.03296703297,6517.8021978022,6447.04395604396
12,train,2007-10-01,3560.0,14187679.0,39065400.0,10893261.0,2313.13403320313,6359.22314453125,6581.923828125,2326.28260869565,6394.52173913043,6558.45652173913
12,train,2008-01-01,3652.0,14397559.0,39642564.0,11506059.0,2268.62963867188,6239.08447265625,6683.73193359375,2281.30434782609,6273.52173913043,6660.84782608696
13,train,1998-01-01,0.0,0.0,0.0,0.0,0.0,0.0,0.0,,,
13,train,1998-04-01,90.0,0.0,0.0,0.0,0.0,0.0,0.0,0.0,0.0,0.0
13,train,1998-07-01,181.0,0.0,0.0,0.0,0.0,0.0,0.0,0.0,0.0,0.0
13,train,1998-10-01,273.0,0.0,0.0,0.0,0.0,0.0,0.0,0.0,0.0,0.0
13,train,1999-01-01,365.0,518325.5,1426714.875,0.0,5633.97265625,15507.76953125,0.0,5633.97282608696,15507.7703804348,0.0
13,train,1999-04-01,455.0,1017777.4375,2801479.25,0.0,5549.4658203125,15275.16015625,0.0,5549.46597222222,15275.1597222222,0.0
13,train,1999-07-01,546.0,1528211.125,4206471.5,72.140510559082,5607.1357421875,15433.8994140625,6.36974048614502,5609.1614010989,15439.4752747253,0.792752863286615
13,train,1999-10-01,638.0,2039782.375,5614595.0,7842.5703125,5544.560546875,15261.658203125,128.493194580078,5560.55706521739,15305.6902173913,84.4611934993578
13,train,2000-01-01,730.0,2548188.5,7014006.5,26848.67578125,5496.34326171875,15128.9375,288.641998291016,5526.1535326087,15210.9945652174,206.588102921196
13,train,2000-04-01,821.0,3045431.5,8382690.5,77930.703125,5394.947265625,14849.841796875,751.985900878906,5464.20879120879,15040.4835164835,561.340959821429
13,train,2000-07-01,912.0,3528791.75,9713162.0,169185.25,5260.87890625,14480.8115234375,1142.54870605469,5311.6510989011,14620.5659340659,1002.79721840659
13,train,2000-10-01,1004.0,4010984.5,11040420.0,300072.0625,5171.91015625,14235.9208984375,1613.47766113281,5241.22554347826,14426.7173913043,1422.68274456522
13,train,2001-01-01,1096.0,4490183.0,12359435.0,477195.15625,5146.14306640625,14164.99609375,2097.37939453125,5208.67934782609,14337.1195652174,1925.25101902174
13,train,2001-04-01,1186.0,4959520.5,13651362.0,695968.25,5160.49755859375,14209.2275390625,2576.32373046875,5214.86111111111,14354.7444444444,2430.81215277778
13,train,2001-07-01,1277.0,5427845.5,14943932.0,955629.0625,5086.04248046875,14054.662109375,3002.8193359375,5146.42857142857,14204.0659340659,2853.41552197802
13,train,2001-10-01,1369.0,5891040.5,16224869.0,1252231.125,4973.30615234375,13729.82421875,3368.84228515625,5034.72826086957,13923.2282608696,3223.93546195652
13,train,2002-01-01,1461.0,6335967.0,17452832.0,1587908.125,4734.341796875,13033.009765625,3817.79296875,4836.15760869565,13347.4239130435,3648.66304347826
13,train,2002-04-01,1551.0,6751009.0,18593888.0,1963845.625,4515.806640625,12419.5439453125,4401.4970703125,4611.57777777778,12678.4,4177.08333333333
13,train,2002-07-01,1642.0,7144765.5,19677460.0,2411862.75,4210.849609375,11590.5654296875,5190.228515625,4326.99450549451,11907.3846153846,4923.26510989011
13,train,2002-10-01,1734.0,7519184.5,20708222.0,2920356.25,3953.0849609375,10883.6376953125,5666.935546875,4069.77173913043,11203.9347826087,5527.10326086957
13,train,2003-01-01,1826.0,7869386.5,21672450.0,3457904.5,3718.3193359375,10238.033203125,5951.03857421875,3806.54347826087,10480.7391304348,5842.91576086957
13,train,2003-04-01,1916.0,8193756.5,22565578.0,4011338.0,3546.41162109375,9764.91015625,6235.17724609375,3604.11111111111,9923.64444444444,6149.26111111111
13,train,2003-07-01,2007.0,8502727.0,23416324.0,4571952.0,3342.26782226563,9202.7705078125,6234.9619140625,3395.28021978022,9348.85714285714,6160.59340659341
13,train,2003-10-01,2099.0,8796002.0,24223748.0,5132175.5,3154.62329101563,8684.6591796875,6140.92724609375,3187.77173913043,8776.34782608696,6089.38586956522
13,train,2004-01-01,2191.0,9075376.0,24992842.0,5698681.0,3006.35302734375,8276.39453125,6204.806640625,3036.67391304348,8359.71739130435,6157.66847826087
13,train,2004-04-01,2282.0,9338576.0,25717348.0,6267566.0,2868.201171875,7894.609375,6289.75439453125,2892.30769230769,7961.6043956044,6251.48351648352
13,train,2004-07-01,2373.0,9589209.0,26406932.0,6844942.0,2731.849609375,7514.28076171875,6383.314453125,2754.20879120879,7577.84615384615,6344.79120879121
13,train,2004-10-01,2465.0,9829716.0,27068064.0,7439268.0,2592.70727539063,7125.50244140625,6498.583984375,2614.20652173913,7186.21739130435,6460.0652173913
13,train,2005-01-01,2557.0,10057968.0,27695520.0,8046307.5,2460.30590820313,6765.0419921875,6637.1962890625,2481.0,6820.17391304348,6598.25543478261
13,train,2005-04-01,2647.0,10267650.0,28272298.0,8653858.0,2314.99584960938,6368.7333984375,6777.81787109375,2329.8,6408.64444444444,6750.56111111111
13,train,2005-07-01,2738.0,10464584.0,28814144.0,9279335.0,2145.80981445313,5904.6298828125,6905.05126953125,2164.10989010989,5954.35164835165,6873.37362637363
13,train,2005-10-01,2830.0,10649497.0,29322992.0,9923656.0,1996.19287109375,5493.40869140625,7025.83837890625,2009.92391304348,5530.95652173913,7003.48913043478
13,train,2006-01-01,2922.0,10824556.0,29804754.0,10577797.0,1884.55090332031,5186.4521484375,7138.26904296875,1902.8152173913,5236.54347826087,7110.22826086957
13,train,2006-04-01,3012.0,10987932.0,30254378.0,11228060.0,1800.64685058594,4955.63671875,7247.43212890625,1815.28888888889,4995.82222222222,7225.14444444444
13,train,2006-07-01,3103.0,11147930.0,30694734.0,11895579.0,1737.79907226563,4782.908203125,7365.54150390625,1758.21978021978,4839.07692307692,7335.37362637363
13,train,2006-10-01,3195.0,11304778.0,31126458.0,12581052.0,1683.609375,4634.234375,7482.365234375,1704.86956521739,4692.65217391304,7450.79347826087
13,train,2007-01-01,3287.0,11456322.0,31543660.0,13277961.0,1631.08764648438,4490.490234375,7604.06689453125,1647.21739130435,4534.80434782609,7575.09782608696
13,train,2007-04-01,3377.0,11599378.0,31937504.0,13971309.0,1572.07824707031,4328.06103515625,7738.1787109375,1589.51111111111,4376.04444444444,7703.86666666667
13,train,2007-07-01,3468.0,11738654.0,32320898.0,14686025.0,1515.16979980469,4170.40087890625,7885.2666015625,1530.50549450549,4213.12087912088,7854.02197802198
13,train,2007-10-01,3560.0,11874999.0,32696064.0,15421125.0,1469.38781738281,4042.84008789063,8018.736328125,1482.01086956522,4077.89130434783,7990.21739130435
13,train,2008-01-01,3652.0,12007439.0,33060448.0,16167460.0,1428.17419433594,3929.5546875,8138.37451171875,1439.5652173913,3960.69565217391,8112.33695652174
14,train,1998-01-01,0.0,0.0,0.0,0.0,0.0,0.0,0.0,,,
14,train,1998-04-01,90.0,0.0,0.0,0.0,0.0,0.0,0.0,0.0,0.0,0.0
14,train,1998-07-01,181.0,0.0,0.0,0.0,0.0,0.0,0.0,0.0,0.0,0.0
14,train,1998-10-01,273.0,0.0,0.0,0.0,0.0,0.0,0.0,0.0,0.0,0.0
14,train,1999-01-01,365.0,518325.5,1426714.875,0.0,5633.97265625,15507.76953125,0.0,5633.97282608696,15507.7703804348,0.0
14,train,1999-04-01,455.0,1017777.4375,2801479.25,0.0,5549.4658203125,15275.16015625,0.0,5549.46597222222,15275.1597222222,0.0
14,train,1999-07-01,546.0,1528233.25,4206532.5,11.1389122009277,5609.2861328125,15439.818359375,0.450442910194397,5609.40453296703,15440.1456043956,0.122405628581623
14,train,1999-10-01,638.0,2041911.25,5620455.0,1982.69921875,5569.03955078125,15329.0380859375,61.1130714416504,5583.45652173913,15368.722826087,21.4300033320551
14,train,2000-01-01,730.0,2553180.0,7027745.5,13109.6181640625,5548.64453125,15272.8994140625,144.680526733398,5557.26902173913,15296.6358695652,120.944771144701
14,train,2000-04-01,821.0,3060098.75,8423063.0,37558.2578125,5527.80517578125,15215.5380859375,386.289367675781,5570.53571428571,15333.1593406593,268.666369763049
14,train,2000-07-01,912.0,3555750.25,9787366.0,94980.796875,5393.46044921875,14845.748046875,777.611633300781,5446.71978021978,14992.3406593407,631.016912774725
14,train,2000-10-01,1004.0,4051217.5,11151163.0,189329.15625,5334.3974609375,14683.1748046875,1166.22375488281,5385.51358695652,14823.8804347826,1025.52564538043
14,train,2001-01-01,1096.0,4545537.0,12511800.0,324829.84375,5312.7314453125,14623.5380859375,1638.83752441406,5373.03804347826,14789.5326086957,1472.83355978261
14,train,2001-04-01,1186.0,5030142.5,13845699.0,501631.3125,5327.96142578125,14665.458984375,2120.09155273438,5384.50555555556,14821.1,1964.46076388889
14,train,2001-07-01,1277.0,5515593.5,15181925.0,717635.5,5282.13818359375,14539.328125,2518.15356445313,5334.62637362637,14683.8021978022,2373.67239010989
14,train,2001-10-01,1369.0,5998305.0,16510610.0,966906.9375,5201.76416015625,14318.0947265625,2833.60791015625,5246.86413043478,14442.2282608696,2709.47214673913
14,train,2002-01-01,1461.0,6474303.5,17820818.0,1247319.625,5129.30810546875,14118.6572265625,3170.69677734375,5173.89673913043,14241.3913043478,3047.96399456522
14,train,2002-04-01,1551.0,6931858.0,19080260.0,1549946.625,5038.9873046875,13870.044921875,3486.26513671875,5083.93888888889,13993.8,3362.52222222222
14,train,2002-07-01,1642.0,7384108.5,20325100.0,1888308.5,4914.5537109375,13527.53515625,3870.28955078125,4969.78571428571,13679.5604395604,3718.26236263736
14,train,2002-10-01,1734.0,7828201.5,21547486.0,2274615.25,4743.75732421875,13057.4111328125,4428.38134765625,4827.09782608696,13286.8043478261,4198.98641304348
14,train,2003-01-01,1826.0,8244349.5,22692952.0,2730417.5,4435.01953125,12207.595703125,5197.4970703125,4523.34782608696,12450.7173913043,4954.3722826087
14,train,2003-04-01,1916.0,8619480.0,23725516.0,3219106.75,4111.5712890625,11317.2890625,5585.529296875,4168.11666666667,11472.9333333333,5429.88055555556
14,train,2003-07-01,2007.0,8971738.0,24695122.0,3723198.0,3828.53247070313,10538.2119140625,5656.255859375,3870.96703296703,10655.010989011,5539.46428571429
14,train,2003-10-01,2099.0,9307220.0,25618552.0,4238514.5,3616.00952148438,9953.232421875,5685.326171875,3646.54347826087,10037.2826086957,5601.26630434783
14,train,2004-01-01,2191.0,9628144.0,26501918.0,4768042.0,3464.357421875,9536.171875,5821.35400390625,3488.30434782609,9601.80434782609,5755.73369565217
14,train,2004-04-01,2282.0,9933114.0,27342100.0,5303042.5,3326.2783203125,9170.0283203125,5941.87158203125,3351.31868131868,9232.76923076923,5879.12637362637
14,train,2004-07-01,2373.0,10225873.0,28148956.0,5848739.0,3195.29467773438,8807.0869140625,6056.11962890625,3217.13186813187,8866.54945054945,5996.66483516484
14,train,2004-10-01,2465.0,10508809.0,28928700.0,6412943.5,3056.34838867188,8430.43359375,6177.708984375,3075.39130434783,8475.47826086957,6132.65760869565
14,train,2005-01-01,2557.0,10778721.0,29673628.0,6989770.5,2911.7509765625,8051.53369140625,6315.37255859375,2933.82608695652,8097.04347826087,6269.85869565217
14,train,2005-04-01,2647.0,11028749.0,30364232.0,7567674.0,2759.3173828125,7627.3447265625,6467.18212890625,2778.08888888889,7673.37777777778,6421.15
14,train,2005-07-01,2738.0,11265351.0,31016762.0,8166046.0,2587.5576171875,7138.26611328125,6607.92236328125,2600.02197802198,7170.65934065934,6575.51648351648
14,train,2005-10-01,2830.0,11490609.0,31636630.0,8783326.0,2435.59545898438,6705.34814453125,6741.8896484375,2448.45652173913,6737.69565217391,6709.5652173913
14,train,2006-01-01,2922.0,11705465.0,32227056.0,9411677.0,2323.35546875,6389.525390625,6858.0546875,2335.39130434783,6417.67391304348,6829.90217391304
14,train,2006-04-01,3012.0,11908211.0,32784382.0,10036907.0,2239.60668945313,6162.275390625,6977.24951171875,2252.73333333333,6192.51111111111,6947.0
14,train,2006-07-01,3103.0,12107596.0,33333292.0,10681695.0,2176.76123046875,5999.05859375,7118.486328125,2191.04395604396,6031.97802197802,7085.58241758242
14,train,2006-10-01,3195.0,12304144.0,33875384.0,11346811.0,2120.51391601563,5854.91162109375,7266.08837890625,2136.39130434783,5892.30434782609,7229.52173913043
14,train,2007-01-01,3287.0,12495303.0,34402292.0,12023266.0,2061.19897460938,5679.044921875,7377.91455078125,2077.8152173913,5727.26086956522,7352.77173913043
14,train,2007-04-01,3377.0,12677351.0,34903580.0,12694409.0,2007.01489257813,5525.6513671875,7481.4716796875,2022.75555555556,5569.86666666667,7457.14444444444
14,train,2007-07-01,3468.0,12856477.0,35396628.0,13383247.0,1952.53063964844,5374.14501953125,7593.1328125,1968.41758241758,5418.10989010989,7569.64835164835
14,train,2007-10-01,3560.0,13032287.0,35880576.0,14089838.0,1894.48571777344,5215.2529296875,7704.84326171875,1910.97826086957,5260.30434782609,7680.33695652174
14,train,2008-01-01,3652.0,13202687.0,36349728.0,14806199.0,1836.029296875,5055.2470703125,7809.5439453125,1852.17391304348,5099.47826086957,7786.53260869565
15,train,1998-01-01,0.0,0.0,0.0,0.0,0.0,0.0,0.0,,,
15,train,1998-04-01,90.0,0.0,0.0,0.0,0.0,0.0,0.0,0.0,0.0,0.0
15,train,1998-07-01,181.0,0.0,0.0,0.0,0.0,0.0,0.0,0.0,0.0,0.0
15,train,1998-10-01,273.0,0.0,0.0,0.0,0.0,0.0,0.0,0.0,0.0,0.0
15,train,1999-01-01,365.0,518325.5,1426714.875,0.0,5633.97265625,15507.76953125,0.0,5633.97282608696,15507.7703804348,0.0
15,train,1999-04-01,455.0,1017777.4375,2801479.25,0.0,5549.4658203125,15275.16015625,0.0,5549.46597222222,15275.1597222222,0.0
15,train,1999-07-01,546.0,1527962.0,4205785.5,757.999328613281,5596.59375,15404.8828125,35.386173248291,5606.42376373626,15431.9368131868,8.3296629517943
15,train,1999-10-01,638.0,2038420.0,5610845.0,11592.583984375,5533.75341796875,15231.9111328125,158.239791870117,5548.45652173913,15272.3858695652,117.767224519149
15,train,2000-01-01,730.0,2542733.0,6998989.5,41865.35546875,5419.31005859375,14916.900390625,500.679626464844,5481.66304347826,15088.527173913,329.051863960598
15,train,2000-04-01,821.0,3030895.75,8342680.0,117941.2578125,5305.775390625,14604.3916015625,997.436401367188,5364.42582417582,14765.8296703297,835.998926854396
15,train,2000-07-01,912.0,3505752.5,9649745.0,232601.703125,5144.99755859375,14161.8427734375,1461.51770019531,5218.20604395604,14363.3516483516,1260.00489354396
15,train,2000-10-01,1004.0,3977226.75,10947500.0,392992.0625,5057.9306640625,13922.1875,1927.21154785156,5124.72010869565,14106.0326086957,1743.37347146739
15,train,2001-01-01,1096.0,4445744.5,12237117.0,599513.375,5035.79736328125,13861.2646484375,2401.11108398438,5092.58423913043,14017.5760869565,2244.796875
15,train,2001-04-01,1186.0,4904062.0,13498656.0,848673.75,5035.75244140625,13861.1416015625,2924.40966796875,5092.41666666667,14017.1,2768.44861111111
15,train,2001-07-01,1277.0,5361179.5,14756894.0,1142666.625,4966.4970703125,13670.51171875,3386.97021484375,5023.26923076923,13826.7912087912,3230.69093406593
15,train,2001-10-01,1369.0,5811600.5,15996699.0,1480818.625,4823.54931640625,13277.041015625,3874.66162109375,4895.88043478261,13476.1413043478,3675.5652173913
15,train,2002-01-01,1461.0,6244504.0,17188716.0,1879422.375,4582.42041015625,12626.9287109375,4662.42578125,4705.47282608696,12956.7065217391,4332.64945652174
15,train,2002-04-01,1551.0,6639645.5,18280190.0,2350016.25,4274.5517578125,11836.4033203125,5519.90576171875,4390.46111111111,12127.4888888889,5228.82083333333
15,train,2002-07-01,1642.0,7016111.5,19320798.0,2885749.25,4042.82934570312,11144.8544921875,6073.0078125,4136.98901098901,11435.2527472527,5887.17582417582
15,train,2002-10-01,1734.0,7376747.0,20313996.0,3471996.5,3833.79541015625,10556.146484375,6496.73583984375,3919.95108695652,10795.6304347826,6372.2527173913
15,train,2003-01-01,1826.0,7719380.5,21257404.0,4086351.25,3650.44604492187,10051.087890625,6801.0048828125,3724.27717391304,10254.4347826087,6677.76902173913
15,train,2003-04-01,1916.0,8036996.5,22131870.0,4705214.5,3473.92993164063,9563.7109375,6962.2314453125,3529.06666666667,9716.28888888889,6876.25833333333
15,train,2003-07-01,2007.0,8337186.0,22958134.0,5322515.5,3260.72143554688,8973.498046875,6843.1650390625,3298.78571428571,9079.82417582418,6783.52747252747
15,train,2003-10-01,2099.0,8623060.0,23744558.0,5938852.0,3075.97387695313,8459.3828125,6754.455078125,3107.32608695652,8548.08695652174,6699.3097826087
15,train,2004-01-01,2191.0,8895052.0,24492040.0,6563082.0,2924.84448242188,8036.60498046875,6843.2841796875,2956.4347826087,8124.80434782609,6785.10869565217
15,train,2004-04-01,2282.0,9150584.0,25194534.0,7191732.0,2782.12377929688,7650.58056640625,6954.5302734375,2808.04395604396,7719.71428571429,6908.24175824176
15,train,2004-07-01,2373.0,9393090.0,25861588.0,7830423.0,2639.4912109375,7261.42626953125,7061.88525390625,2664.9010989011,7330.26373626374,7018.58241758242
15,train,2004-10-01,2465.0,9624156.0,26497348.0,8487843.0,2485.41918945313,6838.73291015625,7185.98779296875,2511.58695652174,6910.4347826087,7145.86956521739
15,train,2005-01-01,2557.0,9841590.0,27095614.0,9158007.0,2336.9853515625,6430.28369140625,7323.11181640625,2363.41304347826,6502.89130434783,7284.39130434783
15,train,2005-04-01,2647.0,10039142.0,27639226.0,9826802.0,2175.783203125,5988.0224609375,7457.02490234375,2195.02222222222,6040.13333333333,7431.05555555556
15,train,2005-07-01,2738.0,10222291.0,28143350.0,10513712.0,1989.47021484375,5476.70703125,7575.75830078125,2012.62637362637,5539.82417582418,7548.46153846154
15,train,2005-10-01,2830.0,10391954.0,28610488.0,11219340.0,1828.67956542969,5035.20947265625,7690.14794921875,1844.16304347826,5077.58695652174,7669.86956521739
15,train,2006-01-01,2922.0,10551028.0,29048492.0,11934569.0,1709.45837402344,4706.92041015625,7800.98486328125,1729.0652173913,4760.91304347826,7774.22826086957
15,train,2006-04-01,3012.0,10698822.0,29455176.0,12645309.0,1630.10583496094,4484.4091796875,7921.98828125,1642.15555555556,4518.71111111111,7897.11111111111
15,train,2006-07-01,3103.0,10843612.0,29853482.0,13376775.0,1570.31774902344,4320.29443359375,8088.55712890625,1591.0989010989,4376.98901098901,8038.08791208791
15,train,2006-10-01,3195.0,10984646.0,30241608.0,14133616.0,1518.53845214844,4179.2890625,8261.57421875,1532.97826086957,4218.76086956522,8226.53260869565
15,train,2007-01-01,3287.0,11121640.0,30618678.0,14903696.0,1476.9013671875,4065.18530273438,8399.07421875,1489.0652173913,4098.58695652174,8370.4347826087
15,train,2007-04-01,3377.0,11252349.0,30978470.0,15666983.0,1441.67578125,3968.40942382813,8505.2978515625,1452.32222222222,3997.68888888889,8480.96666666667
15,train,2007-07-01,3468.0,11381340.0,31333556.0,16449451.0,1407.21398925781,3873.85083007813,8622.0224609375,1417.48351648352,3902.04395604396,8598.54945054945
15,train,2007-10-01,3560.0,11508547.0,31683754.0,17250720.0,1372.41235351563,3778.3037109375,8732.2353515625,1382.6847826087,3806.5,8709.44565217391
15,train,2008-01-01,3652.0,11632457.0,32024896.0,18061576.0,1336.732421875,3680.23413085938,8835.59375,1346.84782608696,3708.0652173913,8813.65217391304
16,train,1998-01-01,0.0,0.0,0.0,0.0,0.0,0.0,0.0,,,
16,train,1998-04-01,90.0,0.0,0.0,0.0,0.0,0.0,0.0,0.0,0.0,0.0
16,train,1998-07-01,181.0,0.0,0.0,0.0,0.0,0.0,0.0,0.0,0.0,0.0
16,train,1998-10-01,273.0,0.0,0.0,0.0,0.0,0.0,0.0,0.0,0.0,0.0
16,train,1999-01-01,365.0,518325.5,1426714.875,0.0,5633.97265625,15507.76953125,0.0,5633.97282608696,15507.7703804348,0.0
16,train,1999-04-01,455.0,1017777.4375,2801479.25,0.0,5549.4658203125,15275.16015625,0.0,5549.46597222222,15275.1597222222,0.0
16,train,1999-07-01,546.0,1528237.375,4206543.5,0.0,5609.44970703125,15440.26953125,0.0,5609.44986263736,15440.2664835165,0.0
16,train,1999-10-01,638.0,2041828.0,5620225.5,2212.0712890625,5566.62890625,15322.40234375,67.7487487792969,5582.50679347826,15366.1086956522,24.0442531419837
16,train,2000-01-01,730.0,2553078.0,7027465.0,13390.2509765625,5549.244140625,15274.55078125,143.02978515625,5557.0652173913,15296.0815217391,121.501953125
16,train,2000-04-01,821.0,3061585.25,8427155.0,33466.48046875,5557.8935546875,15298.3583984375,303.469604492188,5587.99175824176,15381.2087912088,220.617906507555
16,train,2000-07-01,912.0,3560489.25,9800411.0,81936.25,5427.59814453125,14939.7138671875,683.646179199219,5482.46153846154,15090.7252747253,532.634830013736
16,train,2000-10-01,1004.0,4058994.5,11172570.0,167922.25,5368.638671875,14777.42578125,1071.97338867188,5418.53532608696,14914.7717391304,934.630434782609
16,train,2001-01-01,1096.0,4557208.0,12543925.0,292705.09375,5353.63427734375,14736.1259765625,1526.24951171875,5415.36413043478,14906.0326086957,1356.33525815217
16,train,2001-04-01,1186.0,5045206.0,13887162.0,460168.125,5361.2236328125,14757.0146484375,2028.53625488281,5422.2,14924.8555555556,1860.70034722222
16,train,2001-07-01,1277.0,5533282.0,15230614.0,668946.375,5307.572265625,14609.337890625,2448.14453125,5363.47252747253,14763.2087912088,2294.26648351648
16,train,2001-10-01,1369.0,6018004.5,16564835.0,912682.0,5219.3828125,14366.591796875,2785.11157226563,5268.72282608696,14502.402173913,2649.30027173913
16,train,2002-01-01,1461.0,6494232.0,17877838.0,1190299.5,5124.95947265625,14140.76171875,3148.59228515625,5176.38586956522,14271.7717391304,3017.58152173913
16,train,2002-04-01,1551.0,6950657.0,19138174.0,1492032.125,5019.29736328125,13887.6826171875,3468.62744140625,5071.38888888889,14003.7333333333,3352.58472222222
16,train,2002-07-01,1642.0,7400507.5,20382594.0,1827610.25,4874.53271484375,13456.974609375,3819.98120117188,4943.41208791209,13674.9450549451,3687.6717032967
16,train,2002-10-01,1734.0,7841768.5,21596822.0,2206689.0,4723.14599609375,12993.85546875,4295.53857421875,4796.3152173913,13198.1304347826,4120.42119565217
16,train,2003-01-01,1826.0,8261040.0,22750766.0,2639873.75,4447.515625,12243.0693359375,4972.908203125,4557.29891304348,12542.8695652174,4708.52989130435
16,train,2003-04-01,1916.0,8640382.0,23795140.0,3112335.25,4130.0927734375,11371.0546875,5439.23193359375,4214.91111111111,11604.1555555556,5249.57222222222
16,train,2003-07-01,2007.0,8994559.0,24770260.0,3607531.25,3832.96118164063,10554.4287109375,5558.18115234375,3892.05494505495,10715.6043956044,5441.71428571429
16,train,2003-10-01,2099.0,9329638.0,25692876.0,4114694.5,3583.81201171875,9867.568359375,5618.05517578125,3642.16304347826,10028.4347826087,5512.64402173913
16,train,2004-01-01,2191.0,9645554.0,26562714.0,4638533.0,3383.3681640625,9315.412109375,5773.78955078125,3433.86956521739,9454.76086956522,5693.89673913043
16,train,2004-04-01,2282.0,9942346.0,27379780.0,5169255.0,3220.73828125,8866.3134765625,5895.2119140625,3261.45054945055,8978.74725274725,5832.10989010989
16,train,2004-07-01,2373.0,10225466.0,28159112.0,5710039.0,3079.20825195313,8476.01171875,5994.037109375,3111.20879120879,8564.08791208791,5942.68131868132
16,train,2004-10-01,2465.0,10497841.0,28908796.0,6267494.5,2937.365234375,8083.98681640625,6094.44384765625,2960.59782608696,8148.73913043478,6059.29891304348
16,train,2005-01-01,2557.0,10757890.0,29624246.0,6835470.0,2804.8564453125,7716.09130859375,6206.2158203125,2826.61956521739,7776.63043478261,6173.64673913043
16,train,2005-04-01,2647.0,10999284.0,30287916.0,7402147.5,2664.52783203125,7323.34326171875,6326.662109375,2682.15555555556,7374.11111111111,6296.41666666667
16,train,2005-07-01,2738.0,11227859.0,30915790.0,7986567.0,2498.79223632813,6864.0966796875,6445.93994140625,2511.81318681319,6899.71428571429,6422.19230769231
16,train,2005-10-01,2830.0,11445577.0,31514092.0,8588500.0,2353.53247070313,6468.95556640625,6565.09375,2366.5,6503.28260869565,6542.75
16,train,2006-01-01,2922.0,11653379.0,32085460.0,9200880.0,2245.08447265625,6173.73828125,6679.48974609375,2258.71739130435,6210.52173913043,6656.30434782609
16,train,2006-04-01,3012.0,11849518.0,32624922.0,9809860.0,2161.00268554688,5944.47802734375,6797.294921875,2179.32222222222,5994.02222222222,6766.44444444444
16,train,2006-07-01,3103.0,12042085.0,33154706.0,10437318.0,2095.7685546875,5766.060546875,6928.55322265625,2116.12087912088,5821.8021978022,6895.14285714286
16,train,2006-10-01,3195.0,12231137.0,33674876.0,11084267.0,2037.87951660156,5607.24755859375,7058.64990234375,2054.91304347826,5654.02173913043,7032.05434782609
16,train,2007-01-01,3287.0,12414907.0,34180560.0,11742009.0,1980.49401855469,5449.99169921875,7175.62548828125,1997.5,5496.5652173913,7149.36956521739
16,train,2007-04-01,3377.0,12589451.0,34661012.0,12394899.0,1922.71008300781,5292.94189453125,7278.0859375,1939.37777777778,5338.35555555556,7254.33333333333
16,train,2007-07-01,3468.0,12761139.0,35133760.0,13064616.0,1864.97546386719,5135.91650390625,7391.45263671875,1886.68131868132,5195.03296703297,7359.52747252747
16,train,2007-10-01,3560.0,12929196.0,35596584.0,13752259.0,1811.50036621094,4988.7841796875,7497.1044921875,1826.70652173913,5030.69565217391,7474.38043478261
16,train,2008-01-01,3652.0,13092195.0,36045444.0,14449626.0,1756.36120605469,4836.486328125,7604.18408203125,1771.72826086957,4878.91304347826,7580.07608695652
17,train,1998-01-01,0.0,0.0,0.0,0.0,0.0,0.0,0.0,,,
17,train,1998-04-01,90.0,0.0,0.0,0.0,0.0,0.0,0.0,0.0,0.0,0.0
17,train,1998-07-01,181.0,0.0,0.0,0.0,0.0,0.0,0.0,0.0,0.0,0.0
17,train,1998-10-01,273.0,0.0,0.0,0.0,0.0,0.0,0.0,0.0,0.0,0.0
17,train,1999-01-01,365.0,518325.5,1426714.875,0.0,5633.97265625,15507.76953125,0.0,5633.97282608696,15507.7703804348,0.0
17,train,1999-04-01,455.0,1017777.4375,2801479.25,0.0,5549.4658203125,15275.16015625,0.0,5549.46597222222,15275.1597222222,0.0
17,train,1999-07-01,546.0,1528237.375,4206543.5,0.0,5609.44970703125,15440.26953125,0.0,5609.44986263736,15440.2664835165,0.0
17,train,1999-10-01,638.0,2042631.625,5622437.5,0.0,5591.24169921875,15390.1513671875,0.0,5591.24184782609,15390.152173913,0.0
17,train,2000-01-01,730.0,2557046.25,7038387.5,2467.53735351563,5579.16455078125,15356.908203125,60.6718978881836,5591.46331521739,15390.7608695652,26.8210581903873
17,train,2000-04-01,821.0,3069195.5,8448102.0,12519.09375,5620.7900390625,15471.484375,130.343414306641,5628.01373626374,15491.3681318681,110.45666369763
17,train,2000-07-01,912.0,3580008.75,9854139.0,28207.8671875,5598.22412109375,15409.3701171875,213.98991394043,5613.33241758242,15450.956043956,172.404103708791
17,train,2000-10-01,1004.0,4096810.5,11276660.0,63831.87109375,5580.51904296875,15360.6357421875,488.763153076172,5617.41032608696,15462.1847826087,387.217433763587
17,train,2001-01-01,1096.0,4615593.0,12704633.0,131997.4375,5593.83349609375,15397.2841796875,865.09130859375,5638.9402173913,15521.4456521739,740.930069633152
17,train,2001-04-01,1186.0,5127006.0,14112320.0,235009.84375,5645.03662109375,15538.2236328125,1247.32763671875,5682.36666666667,15640.9666666667,1144.58229166667
17,train,2001-07-01,1277.0,5641311.0,15527968.0,371592.46875,5599.99755859375,15414.251953125,1643.23010253906,5651.7032967033,15556.5714285714,1500.90796703297
17,train,2001-10-01,1369.0,6152252.0,16934358.0,543159.9375,5504.87548828125,15152.423828125,1999.27905273438,5553.70652173913,15286.847826087,1864.86379076087
17,train,2002-01-01,1461.0,6656710.5,18322902.0,745235.375,5434.341796875,14958.2763671875,2331.07739257813,5483.24456521739,15092.8695652174,2196.47214673913
17,train,2002-04-01,1551.0,7142375.5,19659718.0,970487.75,5362.251953125,14759.8466796875,2596.46313476563,5396.27777777778,14853.5111111111,2502.80416666667
17,train,2002-07-01,1642.0,7625812.0,20992708.0,1220698.875,5269.73388671875,14546.5419921875,2851.28271484375,5312.48901098901,14648.2417582418,2749.5728021978
17,train,2002-10-01,1734.0,8108128.5,22323418.0,1498682.25,5202.7646484375,14367.9423828125,3117.84912109375,5242.57065217391,14464.2391304348,3021.55842391304
17,train,2003-01-01,1826.0,8579402.0,23623320.0,1800048.625,5083.67919921875,14042.2568359375,3362.83642578125,5122.53804347826,14129.3695652174,3275.7214673913
17,train,2003-04-01,1916.0,9018988.0,24830850.0,2113773.5,4848.8759765625,13335.7138671875,3567.10400390625,4884.28888888889,13417.0,3485.83194444444
17,train,2003-07-01,2007.0,9435545.0,25975198.0,2443121.5,4548.8486328125,12504.755859375,3689.71264648438,4577.54945054945,12575.2527472527,3619.20879120879
17,train,2003-10-01,2099.0,9834106.0,27069848.0,2787219.75,4299.15576171875,11812.04296875,3826.51611328125,4332.1847826087,11898.3695652174,3740.19836956522
17,train,2004-01-01,2191.0,10214036.0,28114764.0,3155194.5,4091.42016601563,11264.3759765625,4093.14990234375,4129.67391304348,11357.7826086957,3999.72554347826
17,train,2004-04-01,2282.0,10571301.0,29098898.0,3546244.75,3882.24194335938,10697.4248046875,4414.47509765625,3925.98901098901,10814.6593406593,4297.25549450549
17,train,2004-07-01,2373.0,10910903.0,30034706.0,3962988.5,3680.75317382813,10155.5947265625,4707.61083984375,3731.89010989011,10283.6043956044,4579.60164835165
17,train,2004-10-01,2465.0,11235753.0,30931386.0,4410256.5,3497.87768554688,9670.0341796875,4938.10791015625,3530.97826086957,9746.52173913043,4861.60869565217
17,train,2005-01-01,2557.0,11545146.0,31786384.0,4877015.5,3335.18408203125,9230.732421875,5136.173828125,3362.96739130435,9293.45652173913,5073.46739130435
17,train,2005-04-01,2647.0,11832209.0,32580774.0,5351132.0,3165.97973632813,8773.0849609375,5321.4423828125,3189.58888888889,8826.55555555555,5267.96111111111
17,train,2005-07-01,2738.0,12104993.0,33335724.0,5845265.0,2969.32177734375,8204.759765625,5469.240234375,2997.62637362637,8296.15384615385,5430.03296703297
17,train,2005-10-01,2830.0,12365485.0,34054056.0,6356843.5,2803.5224609375,7725.1533203125,5602.08447265625,2831.4347826087,7807.95652173913,5560.63586956522
17,train,2006-01-01,2922.0,12614730.0,34740552.0,6879094.5,2684.92822265625,7393.6279296875,5708.3046875,2709.1847826087,7461.91304347826,5676.64130434783
17,train,2006-04-01,3012.0,12851063.0,35391252.0,7398709.5,2605.16040039063,7172.33349609375,5804.60791015625,2625.92222222222,7230.0,5773.5
17,train,2006-07-01,3103.0,13084637.0,36034300.0,7934330.0,2547.51904296875,7013.4931640625,5915.32470703125,2566.74725274725,7066.46153846154,5885.93956043956
17,train,2006-10-01,3195.0,13315949.0,36671092.0,8486632.0,2499.52294921875,6880.85107421875,6026.50927734375,2514.26086956522,6921.65217391304,6003.28260869565
17,train,2007-01-01,3287.0,13542909.0,37295876.0,9048613.0,2452.29736328125,6750.57861328125,6131.9580078125,2466.95652173913,6791.13043478261,6108.48913043478
17,train,2007-04-01,3377.0,13760966.0,37896040.0,9606480.0,2403.74755859375,6615.2138671875,6229.9990234375,2422.85555555556,6668.48888888889,6198.52222222222
17,train,2007-07-01,3468.0,13976882.0,38489964.0,10181134.0,2359.29956054688,6488.6650390625,6337.9677734375,2372.7032967033,6526.63736263736,6314.87912087912
17,train,2007-10-01,3560.0,14191066.0,39078752.0,10771769.0,2315.044921875,6363.140625,6442.74169921875,2328.08695652174,6399.86956521739,6419.94565217391
17,train,2008-01-01,3652.0,14401147.0,39656104.0,11371776.0,2270.83666992188,6241.2666015625,6545.94384765625,2283.48913043478,6275.5652173913,6521.8152173913
18,train,1998-01-01,0.0,0.0,0.0,0.0,0.0,0.0,0.0,,,
18,train,1998-04-01,90.0,0.0,0.0,0.0,0.0,0.0,0.0,0.0,0.0,0.0
18,train,1998-07-01,181.0,0.0,0.0,0.0,0.0,0.0,0.0,0.0,0.0,0.0
18,train,1998-10-01,273.0,0.0,0.0,0.0,0.0,0.0,0.0,0.0,0.0,0.0
18,train,1999-01-01,365.0,518325.5,1426714.875,0.0,5633.97265625,15507.76953125,0.0,5633.97282608696,15507.7703804348,0.0
18,train,1999-04-01,455.0,1017777.4375,2801479.25,0.0,5549.4658203125,15275.16015625,0.0,5549.46597222222,15275.1597222222,0.0
18,train,1999-07-01,546.0,1528222.125,4206502.0,41.8036270141602,5608.8330078125,15438.5712890625,1.69773364067078,5609.28228021978,15439.8104395604,0.459380516639123
18,train,1999-10-01,638.0,2040583.625,5616800.5,5637.05126953125,5550.65869140625,15278.443359375,111.707557678223,5569.14673913043,15329.3315217391,60.8179091577945
18,train,2000-01-01,730.0,2550142.75,7019386.0,21469.240234375,5516.14208984375,15183.435546875,234.144485473633,5538.68614130435,15245.4945652174,172.089010487432
18,train,2000-04-01,821.0,3049744.75,8394563.0,66058.140625,5431.97998046875,14951.775390625,650.052185058594,5490.13186813187,15111.8351648352,489.987916380494
18,train,2000-07-01,912.0,3536531.75,9734467.0,147880.453125,5290.373046875,14561.99609375,1061.36389160156,5349.30769230769,14724.2197802198,899.146291208791
18,train,2000-10-01,1004.0,4021684.0,11069870.0,270621.4375,5211.5654296875,14345.07421875,1504.32507324219,5273.39402173913,14515.25,1334.14113451087
18,train,2001-01-01,1096.0,4504637.5,12399222.0,437407.84375,5188.712890625,14282.171875,1980.20373535156,5249.49456521739,14449.4782608696,1812.8957201087
18,train,2001-04-01,1186.0,4977910.0,13701926.0,645403.5,5204.46728515625,14325.5361328125,2460.01513671875,5258.58333333333,14474.4888888889,2311.06284722222
18,train,2001-07-01,1277.0,5452055.5,15007035.0,892525.9375,5158.92724609375,14200.185546875,2857.29663085938,5210.39010989011,14341.8571428571,2715.63118131868
18,train,2001-10-01,1369.0,5922955.5,16303208.0,1174309.375,5068.4443359375,13951.126953125,3200.57543945313,5118.47826086957,14088.8369565217,3062.86345108696
18,train,2002-01-01,1461.0,6385794.5,17577194.0,1490944.625,4976.2177734375,13697.26953125,3592.08447265625,5030.85869565217,13847.6739130435,3441.6875
18,train,2002-04-01,1551.0,6826017.5,18789976.0,1840229.125,4822.84716796875,13281.8349609375,4074.47485351563,4891.36666666667,13475.3555555556,3880.93888888889
18,train,2002-07-01,1642.0,7250480.5,19959654.0,2253754.25,4542.73046875,12537.837890625,4859.986328125,4664.42857142857,12853.6043956044,4544.23214285714
18,train,2002-10-01,1734.0,7654762.5,21076098.0,2746002.0,4288.7919921875,11867.7431640625,5618.04931640625,4394.36956521739,12135.2608695652,5350.51902173913
18,train,2003-01-01,1826.0,8035622.5,22128114.0,3286687.0,4038.87182617188,11152.88671875,6021.44384765625,4139.78260869565,11434.9565217391,5877.01086956522
18,train,2003-04-01,1916.0,8386294.0,23093462.0,3842593.75,3837.5478515625,10587.5185546875,6315.29931640625,3896.35,10726.0888888889,6176.74166666667
18,train,2003-07-01,2007.0,8716815.0,24003840.0,4405755.5,3590.01123046875,9907.0888671875,6275.7587890625,3632.0989010989,10004.1538461538,6188.59065934066
18,train,2003-10-01,2099.0,9031696.0,24871538.0,4970582.5,3373.9609375,9292.359375,6206.84619140625,3422.61956521739,9431.5,6139.42391304348
18,train,2004-01-01,2191.0,9330406.0,25694036.0,5543958.0,3211.14990234375,8841.3740234375,6283.701171875,3246.84782608696,8940.19565217391,6232.34239130435
18,train,2004-04-01,2282.0,9611493.0,26467878.0,6120061.5,3059.39404296875,8421.6748046875,6373.1005859375,3088.86813186813,8503.75824175824,6330.80769230769
18,train,2004-07-01,2373.0,9879243.0,27204750.0,6704975.5,2915.7177734375,8023.642578125,6469.88916015625,2942.30769230769,8097.49450549451,6427.62637362637
18,train,2004-10-01,2465.0,10136406.0,27911958.0,7307592.5,2771.7451171875,7619.958984375,6591.92626953125,2795.25,7687.04347826087,6550.1847826087
18,train,2005-01-01,2557.0,10380395.0,28582444.0,7923953.0,2634.39233398438,7239.81884765625,6732.2685546875,2652.05434782609,7287.89130434783,6699.57065217391
18,train,2005-04-01,2647.0,10605689.0,29201870.0,8540020.0,2488.0791015625,6842.00732421875,6872.380859375,2503.26666666667,6882.51111111111,6845.18888888889
18,train,2005-07-01,2738.0,10817842.0,29785456.0,9174871.0,2317.23071289063,6375.095703125,7001.15771484375,2331.35164835165,6413.03296703297,6976.38461538462
18,train,2005-10-01,2830.0,11018819.0,30338474.0,9827532.0,2166.79931640625,5962.794921875,7122.25537109375,2184.53260869565,6011.0652173913,7094.14130434783
18,train,2006-01-01,2922.0,11208761.0,30861196.0,10491418.0,2049.27880859375,5639.759765625,7238.36962890625,2064.58695652174,5681.76086956522,7216.15217391304
18,train,2006-04-01,3012.0,11386739.0,31351022.0,11150698.0,1962.47082519531,5401.1337890625,7347.32177734375,1977.53333333333,5442.51111111111,7325.33333333333
18,train,2006-07-01,3103.0,11560893.0,31830326.0,11828154.0,1898.3251953125,5224.48828125,7466.82421875,1913.78021978022,5267.07692307692,7444.57142857143
18,train,2006-10-01,3195.0,11731867.0,32300900.0,12523719.0,1841.21435546875,5067.72998046875,7585.03857421875,1858.41304347826,5114.9347826087,7560.48913043478
18,train,2007-01-01,3287.0,11897511.0,32756884.0,13229422.0,1783.591796875,4910.2431640625,7695.17724609375,1800.47826086957,4956.34782608696,7670.6847826087
18,train,2007-04-01,3377.0,12054455.0,33189044.0,13928477.0,1727.70251464844,4757.5947265625,7790.08203125,1743.82222222222,4801.77777777778,7767.27777777778
18,train,2007-07-01,3468.0,12208417.0,33612964.0,14645231.0,1677.65124511719,4619.1982421875,7897.6669921875,1691.89010989011,4658.46153846154,7876.41758241758
18,train,2007-10-01,3560.0,12359510.0,34028960.0,15379469.0,1627.9453125,4482.0048828125,8004.2841796875,1642.3152173913,4521.69565217391,7980.84782608696
18,train,2008-01-01,3652.0,12506207.0,34432676.0,16123916.0,1581.99426269531,4353.17333984375,8116.69091796875,1594.53260869565,4388.21739130435,8091.8152173913
19,train,1998-01-01,0.0,0.0,0.0,0.0,0.0,0.0,0.0,,,
19,train,1998-04-01,90.0,0.0,0.0,0.0,0.0,0.0,0.0,0.0,0.0,0.0
19,train,1998-07-01,181.0,0.0,0.0,0.0,0.0,0.0,0.0,0.0,0.0,0.0
19,train,1998-10-01,273.0,0.0,0.0,0.0,0.0,0.0,0.0,0.0,0.0,0.0
19,train,1999-01-01,365.0,518325.5,1426714.875,0.0,5633.97265625,15507.76953125,0.0,5633.97282608696,15507.7703804348,0.0
19,train,1999-04-01,455.0,1017777.4375,2801479.25,0.0,5549.4658203125,15275.16015625,0.0,5549.46597222222,15275.1597222222,0.0
19,train,1999-07-01,546.0,1528237.0,4206543.0,0.79063481092453,5609.43798828125,15440.236328125,0.0328296571969986,5609.44574175824,15440.260989011,0.00868829462554429
19,train,1999-10-01,638.0,2042483.25,5622029.5,408.3037109375,5585.3837890625,15374.0263671875,16.1247425079346,5589.63315217391,15385.722826087,4.42948995789756
19,train,2000-01-01,730.0,2555169.0,7033220.5,7634.51220703125,5560.2587890625,15304.869140625,112.71117401123,5572.67119565217,15339.0326086957,78.5457445227582
19,train,2000-04-01,821.0,3065486.5,8437893.0,22728.61328125,5594.58447265625,15399.3515625,202.475662231445,5607.88461538462,15435.9615384615,165.869242573832
19,train,2000-07-01,912.0,3569012.75,9823872.0,58475.046875,5493.58544921875,15121.3466796875,502.013244628906,5533.25549450549,15230.5384615385,392.81795157967
19,train,2000-10-01,1004.0,4073529.5,11212578.0,127914.1953125,5435.0595703125,14960.251953125,889.146911621094,5483.8777173913,15094.6304347826,754.773352581522
19,train,2001-01-01,1096.0,4578278.0,12601922.0,234708.75,5438.82373046875,14970.61328125,1291.76245117188,5486.39673913043,15101.5652173913,1160.81037703804
19,train,2001-04-01,1186.0,5074392.5,13967500.0,379830.1875,5453.90087890625,15012.1142578125,1773.43701171875,5512.38333333333,15173.0888888889,1612.46041666667
19,train,2001-07-01,1277.0,5571027.5,15334510.0,565050.75,5405.12451171875,14877.8544921875,2179.62768554688,5457.52747252747,15022.0879120879,2035.3907967033
19,train,2001-10-01,1369.0,6065078.5,16694408.0,783109.5,5322.39453125,14650.13671875,2501.56616210938,5370.11956521739,14781.5,2370.20380434783
19,train,2002-01-01,1461.0,6552725.5,18036678.0,1031459.0625,5261.13134765625,14481.505859375,2807.84765625,5300.51086956522,14589.8913043478,2699.45176630435
19,train,2002-04-01,1551.0,7022643.5,19330150.0,1300056.25,5183.56005859375,14267.98828125,3088.32153320313,5221.31111111111,14371.9111111111,2984.41319444444
19,train,2002-07-01,1642.0,7489956.5,20616450.0,1596957.0,5096.8544921875,14029.3271484375,3368.49755859375,5135.30769230769,14135.1648351648,3262.6456043956
19,train,2002-10-01,1734.0,7954788.5,21895922.0,1926178.5,5009.73583984375,13789.5283203125,3696.263671875,5052.52173913043,13907.3043478261,3578.49456521739
19,train,2003-01-01,1826.0,8404490.0,23133748.0,2289622.0,4835.7958984375,13310.7509765625,4094.341796875,4888.0597826087,13454.6304347826,3950.47282608696
19,train,2003-04-01,1916.0,8814830.0,24263224.0,2681398.0,4486.97998046875,12350.619140625,4552.19921875,4559.33333333333,12549.7333333333,4353.06666666667
19,train,2003-07-01,2007.0,9193243.0,25304826.0,3113494.0,4102.92138671875,11293.48046875,4900.9873046875,4158.38461538462,11446.1758241758,4748.30769230769
19,train,2003-10-01,2099.0,9550792.0,26288994.0,3568072.5,3840.57421875,10571.357421875,5067.201171875,3886.40217391304,10697.4782608696,4941.07065217391
19,train,2004-01-01,2191.0,9891458.0,27226694.0,4043264.25,3669.85009765625,10101.431640625,5256.09423828125,3702.89130434783,10192.3913043478,5165.1277173913
19,train,2004-04-01,2282.0,10214050.0,28114644.0,4530499.0,3518.87768554688,9685.873046875,5426.02685546875,3544.96703296703,9757.69230769231,5354.22802197802
19,train,2004-07-01,2373.0,10522923.0,28964832.0,5032863.0,3372.25244140625,9282.2802734375,5580.92529296875,3394.20879120879,9342.72527472528,5520.48351648352
19,train,2004-10-01,2465.0,10821671.0,29787148.0,5554495.5,3228.00927734375,8885.244140625,5722.8974609375,3247.26086956522,8938.21739130435,5669.91847826087
19,train,2005-01-01,2557.0,11107710.0,30574584.0,6088814.5,3090.82934570313,8512.9033203125,5854.00244140625,3109.11956521739,8559.08695652174,5807.8152173913
19,train,2005-04-01,2647.0,11374371.0,31308938.0,6622967.0,2944.82495117188,8114.6943359375,5979.83251953125,2962.9,8159.48888888889,5935.02777777778
19,train,2005-07-01,2738.0,11628165.0,32007988.0,7174821.0,2776.41748046875,7650.16455078125,6096.0244140625,2788.94505494505,7681.86813186813,6064.32967032967
19,train,2005-10-01,2830.0,11871085.0,32676988.0,7742967.5,2629.15478515625,7242.8271484375,6204.41064453125,2640.4347826087,7271.73913043478,6175.50543478261
19,train,2006-01-01,2922.0,12103604.0,33317072.0,8321660.0,2518.07666015625,6932.72216796875,6314.857421875,2527.38043478261,6957.4347826087,6290.13586956522
19,train,2006-04-01,3012.0,12324227.0,33923880.0,8897409.0,2439.74462890625,6709.97802734375,6429.546875,2451.36666666667,6742.31111111111,6397.21111111111
19,train,2006-07-01,3103.0,12542170.0,34523028.0,9491957.0,2383.08715820313,6554.57470703125,6562.970703125,2394.97802197802,6584.04395604396,6533.49450549451
19,train,2006-10-01,3195.0,12757831.0,35116536.0,10105739.0,2332.51293945313,6419.70947265625,6702.994140625,2344.14130434783,6451.17391304348,6671.54347826087
19,train,2007-01-01,3287.0,12968436.0,35696428.0,10731405.0,2277.02978515625,6272.0390625,6831.85009765625,2289.1847826087,6303.17391304348,6800.71739130435
19,train,2007-04-01,3377.0,13169716.0,36250756.0,11353919.0,2224.00952148438,6128.9267578125,6947.10546875,2236.44444444444,6159.2,6916.82222222222
19,train,2007-07-01,3468.0,13368710.0,36798976.0,11994597.0,2174.98974609375,5995.341796875,7069.45654296875,2186.74725274725,6024.3956043956,7040.41758241758
19,train,2007-10-01,3560.0,13565350.0,37340840.0,12653232.0,2125.79809570313,5861.318359375,7187.61572265625,2137.39130434783,5889.82608695652,7159.07608695652
19,train,2008-01-01,3652.0,13757478.0,37870408.0,13322339.0,2077.14013671875,5727.91943359375,7301.14453125,2088.34782608696,5756.17391304348,7272.90217391304
20,train,1998-01-01,0.0,0.0,0.0,0.0,0.0,0.0,0.0,,,
20,train,1998-04-01,90.0,0.0,0.0,0.0,0.0,0.0,0.0,0.0,0.0,0.0
20,train,1998-07-01,181.0,0.0,0.0,0.0,0.0,0.0,0.0,0.0,0.0,0.0
20,train,1998-10-01,273.0,0.0,0.0,0.0,0.0,0.0,0.0,0.0,0.0,0.0
20,train,1999-01-01,365.0,518325.5,1426714.875,0.0,5633.97265625,15507.76953125,0.0,5633.97282608696,15507.7703804348,0.0
20,train,1999-04-01,455.0,1017777.4375,2801479.25,0.0,5549.4658203125,15275.16015625,0.0,5549.46597222222,15275.1597222222,0.0
20,train,1999-07-01,546.0,1528237.375,4206543.5,0.0,5609.44970703125,15440.26953125,0.0,5609.44986263736,15440.2664835165,0.0
20,train,1999-10-01,638.0,2042628.625,5622429.5,8.23316192626953,5591.07373046875,15389.6884765625,0.46244752407074,5591.20923913043,15390.0652173913,0.0894908905029297
20,train,2000-01-01,730.0,2556353.25,7036480.0,4374.87158203125,5569.9521484375,15331.5498046875,86.030387878418,5583.96331521739,15370.1141304348,47.4634610880976
20,train,2000-04-01,821.0,3067835.75,8444359.0,16261.9609375,5613.39697265625,15451.1337890625,150.693801879883,5620.68681318681,15471.1978021978,130.627355554602
20,train,2000-07-01,912.0,3576265.25,9843835.0,38512.1015625,5560.98046875,15306.85546875,316.504425048828,5587.13736263736,15378.8571428571,244.507039835165
20,train,2000-10-01,1004.0,4087404.5,11250769.0,89722.34375,5515.515625,15181.7099609375,667.6884765625,5555.86141304348,15292.7608695652,556.633067255435
20,train,2001-01-01,1096.0,4599632.5,12660701.0,175929.125,5521.37353515625,15197.8349609375,1064.54064941406,5567.69565217391,15325.347826087,937.030230978261
20,train,2001-04-01,1186.0,5104247.5,14049676.0,297653.71875,5554.13427734375,15288.0107421875,1497.5400390625,5606.83333333333,15433.0555555556,1352.49548611111
20,train,2001-07-01,1277.0,5609383.0,15440086.0,459474.8125,5498.15966796875,15133.9375,1923.54418945313,5550.93956043956,15279.2307692308,1778.25377747253
20,train,2001-10-01,1369.0,6111443.0,16822028.0,655488.6875,5406.79443359375,14882.451171875,2269.25219726563,5457.17391304348,15021.1086956522,2130.58559782609
20,train,2002-01-01,1461.0,6607025.0,18186140.0,881997.375,5342.6435546875,14705.873046875,2583.48120117188,5386.76086956522,14827.3043478261,2462.05095108696
20,train,2002-04-01,1551.0,7084582.5,19500640.0,1129565.75,5268.685546875,14502.30078125,2854.00927734375,5306.19444444444,14605.5555555556,2750.75972222222
20,train,2002-07-01,1642.0,7559805.5,20808714.0,1404694.125,5184.93994140625,14271.7861328125,3126.0380859375,5222.23076923077,14374.4395604396,3023.38873626374
20,train,2002-10-01,1734.0,8033904.5,22113692.0,1708408.125,5115.54052734375,14080.7607421875,3405.03125,5153.25,14184.5434782609,3301.23913043478
20,train,2003-01-01,1826.0,8495150.0,23383294.0,2040076.0,4980.0654296875,13707.859375,3697.23315429688,5013.53804347826,13800.0217391304,3605.08559782609
20,train,2003-04-01,1916.0,8922131.0,24558576.0,2386046.25,4706.54052734375,12954.9697265625,3947.84814453125,4744.23333333333,13058.6888888889,3844.11388888889
20,train,2003-07-01,2007.0,9324457.0,25665996.0,2752322.75,4374.369140625,12040.6533203125,4153.81494140625,4421.16483516484,12169.4505494506,4025.01648351648
20,train,2003-10-01,2099.0,9703197.0,26708496.0,3148570.0,4067.75732421875,11196.689453125,4441.86962890625,4116.73913043478,11331.5217391304,4307.03532608696
20,train,2004-01-01,2191.0,10060813.0,27692852.0,3577107.0,3845.322265625,10584.4267578125,4773.09912109375,3887.13043478261,10699.5217391304,4658.01086956522
20,train,2004-04-01,2282.0,10397939.0,28620806.0,4024337.0,3667.03759765625,10093.6904296875,5018.2099609375,3704.68131868132,10197.2967032967,4914.61538461538
20,train,2004-07-01,2373.0,10719499.0,29505916.0,4491778.0,3510.767578125,9663.5498046875,5199.65625,3533.62637362637,9726.48351648352,5136.71428571429
20,train,2004-10-01,2465.0,11030546.0,30362086.0,4979558.0,3355.15991210938,9235.232421875,5372.90966796875,3380.94565217391,9306.19565217391,5301.95652173913
20,train,2005-01-01,2557.0,11327127.0,31178440.0,5484959.5,3204.84448242188,8821.482421875,5545.423828125,3223.70652173913,8873.41304347826,5493.49456521739
20,train,2005-04-01,2647.0,11603145.0,31938190.0,5993715.5,3048.05395507813,8389.9091796875,5704.61767578125,3066.86666666667,8441.66666666667,5652.84444444444
20,train,2005-07-01,2738.0,11866036.0,32661812.0,6520998.0,2876.26318359375,7917.046875,5829.14208984375,2888.91208791209,7951.89010989011,5794.31318681319
20,train,2005-10-01,2830.0,12118301.0,33356184.0,7063771.5,2729.82885742188,7513.97998046875,5933.25830078125,2742.01086956522,7547.52173913043,5899.71195652174
20,train,2006-01-01,2922.0,12360300.0,34022296.0,7616436.5,2619.92358398438,7211.46044921875,6036.11962890625,2630.42391304348,7240.34782608696,6007.22826086957
20,train,2006-04-01,3012.0,12590083.0,34654784.0,8166505.5,2542.78369140625,6999.12890625,6140.39599609375,2553.14444444444,7027.64444444444,6111.87777777778
20,train,2006-07-01,3103.0,12817624.0,35281100.0,8733884.0,2491.47827148438,6857.9091796875,6259.63623046875,2500.45054945055,6882.59340659341,6234.92857142857
20,train,2006-10-01,3195.0,13044048.0,35904344.0,9317932.0,2448.69702148438,6740.15185546875,6382.55224609375,2461.13043478261,6774.39130434783,6348.34782608696
20,train,2007-01-01,3287.0,13265666.0,36514356.0,9913475.0,2398.65844726563,6602.41845703125,6501.470703125,2408.89130434783,6630.5652173913,6473.29347826087
20,train,2007-04-01,3377.0,13477871.0,37098460.0,10506214.0,2347.49047851563,6461.57568359375,6614.45654296875,2357.83333333333,6490.04444444444,6585.98888888889
20,train,2007-07-01,3468.0,13688024.0,37676916.0,11116655.0,2299.57836914063,6329.6953125,6735.10302734375,2309.37362637363,6356.65934065934,6708.14285714286
20,train,2007-10-01,3560.0,13895946.0,38249232.0,11744841.0,2249.70385742188,6192.41357421875,6856.5205078125,2260.02173913043,6220.82608695652,6828.10869565217
20,train,2008-01-01,3652.0,14099318.0,38809024.0,12383725.0,2200.95190429688,6058.22119140625,6970.8427734375,2210.5652173913,6084.69565217391,6944.39130434783
21,train,1998-01-01,0.0,0.0,0.0,0.0,0.0,0.0,0.0,,,
21,train,1998-04-01,90.0,0.0,0.0,0.0,0.0,0.0,0.0,0.0,0.0,0.0
21,train,1998-07-01,181.0,0.0,0.0,0.0,0.0,0.0,0.0,0.0,0.0,0.0
21,train,1998-10-01,273.0,0.0,0.0,0.0,0.0,0.0,0.0,0.0,0.0,0.0
21,train,1999-01-01,365.0,518325.5,1426714.875,0.0,5633.97265625,15507.76953125,0.0,5633.97282608696,15507.7703804348,0.0
21,train,1999-04-01,455.0,1017777.4375,2801479.25,0.0,5549.4658203125,15275.16015625,0.0,5549.46597222222,15275.1597222222,0.0
21,train,1999-07-01,546.0,1528237.125,4206543.0,0.698689103126526,5609.439453125,15440.240234375,0.0289025790989399,5609.44711538462,15440.260989011,0.00767790223215963
21,train,1999-10-01,638.0,2042049.375,5620835.0,1602.64367675781,5570.33447265625,15332.6015625,57.5491981506348,5584.91576086957,15372.7391304348,17.4124455179857
21,train,2000-01-01,730.0,2553529.0,7028706.5,12148.5458984375,5549.7158203125,15275.8486328125,141.731216430664,5559.56114130435,15302.9510869565,114.629371974779
21,train,2000-04-01,821.0,3061551.75,8427062.0,33559.203125,5543.24853515625,15258.046875,343.779968261719,5582.66758241758,15366.543956044,235.281947544643
21,train,2000-07-01,912.0,3558150.0,9793972.0,88374.9921875,5413.22607421875,14900.154296875,723.205749511719,5457.12362637363,15020.989010989,602.371308379121
21,train,2000-10-01,1004.0,4055263.75,11162300.0,178191.484375,5352.794921875,14733.8154296875,1115.58361816406,5403.41032608696,14873.1304347826,976.266219429348
21,train,2001-01-01,1096.0,4551463.5,12528112.0,308517.84375,5333.755859375,14681.4091796875,1580.96655273438,5393.47554347826,14845.7826086957,1416.59086277174
21,train,2001-04-01,1186.0,5038007.5,13867348.0,479981.625,5347.03662109375,14717.96484375,2067.58618164063,5406.04444444444,14880.4,1905.153125
21,train,2001-07-01,1277.0,5525169.0,15208282.0,691278.875,5300.71630859375,14590.466796875,2467.01513671875,5353.42307692308,14735.5384615385,2321.9478021978
21,train,2001-10-01,1369.0,6009635.0,16541798.0,935719.5625,5220.6875,14370.18359375,2781.51928710938,5265.9347826087,14494.7391304348,2656.96399456522
21,train,2002-01-01,1461.0,6487517.0,17857190.0,1210948.125,5148.6787109375,14171.9755859375,3117.37866210938,5194.36956521739,14297.7391304348,2991.61480978261
21,train,2002-04-01,1551.0,6946714.5,19121152.0,1509054.125,5060.806640625,13930.1044921875,3426.20556640625,5102.19444444444,14044.0222222222,3312.28888888889
21,train,2002-07-01,1642.0,7401639.0,20373354.0,1840054.75,4945.2060546875,13611.90234375,3785.92236328125,4999.17032967033,13760.4615384615,3637.36950549451
21,train,2002-10-01,1734.0,7849657.0,21606542.0,2215557.75,4802.7431640625,13219.7724609375,4266.01953125,4869.76086956522,13404.2173913043,4081.55434782609
21,train,2003-01-01,1826.0,8272613.5,22770846.0,2652522.75,4504.9033203125,12402.755859375,5002.33740234375,4597.35326086957,12655.4782608696,4749.61956521739
21,train,2003-04-01,1916.0,8653132.0,23818148.0,3126474.0,4159.12939453125,11448.0205078125,5454.79736328125,4227.98333333333,11636.6888888889,5266.125
21,train,2003-07-01,2007.0,9009136.0,24798062.0,3620258.25,3867.48046875,10645.4140625,5549.05419921875,3912.13186813187,10768.2857142857,5426.20054945055
21,train,2003-10-01,2099.0,9347929.0,25730606.0,4126461.0,3651.70581054688,10051.48828125,5587.07080078125,3682.53260869565,10136.347826087,5502.20380434783
21,train,2004-01-01,2191.0,9671866.0,26622778.0,4647180.5,3488.5478515625,9613.767578125,5743.75830078125,3521.05434782609,9697.52173913043,5659.99456521739
21,train,2004-04-01,2282.0,9978629.0,27468282.0,5176860.5,3350.44091796875,9236.7822265625,5875.1181640625,3371.02197802198,9291.25274725275,5820.65934065934
21,train,2004-07-01,2373.0,10272993.0,28280830.0,5716864.5,3202.18310546875,8864.169921875,5999.03564453125,3234.76923076923,8929.0989010989,5934.10989010989
21,train,2004-10-01,2465.0,10556171.0,29065440.0,6276203.5,3051.58325195313,8471.0048828125,6137.1376953125,3078.02173913043,8528.36956521739,6079.77173913043
21,train,2005-01-01,2557.0,10825689.0,29810716.0,6848689.5,2905.48706054688,8017.080078125,6254.72265625,2929.54347826087,8100.82608695652,6222.67391304348
21,train,2005-04-01,2647.0,11075741.0,30499330.0,7419819.5,2759.0966796875,7594.59130859375,6376.30419921875,2778.35555555556,7651.26666666667,6345.88888888889
21,train,2005-07-01,2738.0,11313067.0,31151992.0,8008405.0,2590.28100585938,7120.54638671875,6499.3212890625,2607.97802197802,7172.10989010989,6467.97252747253
21,train,2005-10-01,2830.0,11538964.0,31772562.0,8615589.0,2441.63232421875,6707.05615234375,6624.9111328125,2455.40217391304,6745.32608695652,6599.82608695652
21,train,2006-01-01,2922.0,11754585.0,32365114.0,9234593.0,2329.67163085938,6403.49755859375,6754.2578125,2343.70652173913,6440.78260869565,6728.30434782609
21,train,2006-04-01,3012.0,11958076.0,32924698.0,9851033.0,2246.62841796875,6178.86669921875,6874.677734375,2261.01111111111,6217.6,6849.33333333333
21,train,2006-07-01,3103.0,12158211.0,33475292.0,10486323.0,2183.95458984375,6008.962890625,7007.45361328125,2199.28571428571,6050.48351648352,6981.20879120879
21,train,2006-10-01,3195.0,12355554.0,34018352.0,11140327.0,2128.10034179688,5856.3994140625,7135.8349609375,2145.03260869565,5902.82608695652,7108.73913043478
21,train,2007-01-01,3287.0,12547640.0,34546980.0,11805314.0,2071.421875,5700.599609375,7253.89501953125,2087.89130434783,5745.95652173913,7228.11956521739
21,train,2007-04-01,3377.0,12730605.0,35050508.0,12465194.0,2017.32678222656,5551.7119140625,7356.68994140625,2032.94444444444,5594.75555555556,7332.0
21,train,2007-07-01,3468.0,12910690.0,35546092.0,13142758.0,1963.47021484375,5403.36865234375,7468.52587890625,1978.95604395604,5445.97802197802,7445.75824175824
21,train,2007-10-01,3560.0,13087660.0,36033176.0,13837608.0,1907.57592773438,5250.79638671875,7576.63671875,1923.58695652174,5294.39130434783,7552.71739130435
21,train,2008-01-01,3652.0,13259403.0,36506004.0,14541839.0,1851.19665527344,5096.81396484375,7676.57080078125,1866.77173913043,5139.4347826087,7654.6847826087
22,train,1998-01-01,0.0,0.0,0.0,0.0,0.0,0.0,0.0,,,
22,train,1998-04-01,90.0,0.0,0.0,0.0,0.0,0.0,0.0,0.0,0.0,0.0
22,train,1998-07-01,181.0,0.0,0.0,0.0,0.0,0.0,0.0,0.0,0.0,0.0
22,train,1998-10-01,273.0,0.0,0.0,0.0,0.0,0.0,0.0,0.0,0.0,0.0
22,train,1999-01-01,365.0,518325.5,1426714.875,0.0,5633.97265625,15507.76953125,0.0,5633.97282608696,15507.7703804348,0.0
22,train,1999-04-01,455.0,1017777.4375,2801479.25,0.0,5549.4658203125,15275.16015625,0.0,5549.46597222222,15275.1597222222,0.0
22,train,1999-07-01,546.0,1528237.375,4206543.5,0.0,5609.44970703125,15440.26953125,0.0,5609.44986263736,15440.2664835165,0.0
22,train,1999-10-01,638.0,2040967.375,5617857.0,4580.685546875,5555.67724609375,15292.2578125,97.8929595947266,5573.15217391304,15340.3641304348,49.7900602921196
22,train,2000-01-01,730.0,2551515.5,7023164.5,17690.736328125,5536.74267578125,15240.1396484375,177.44075012207,5549.43614130435,15275.0815217391,142.500551970109
22,train,2000-04-01,821.0,3055366.0,8410036.0,50585.60546875,5484.11474609375,15095.2783203125,506.548980712891,5536.81868131868,15240.3461538462,361.482078468407
22,train,2000-07-01,912.0,3546640.5,9762292.0,120055.34375,5341.802734375,14703.55859375,919.801452636719,5398.62087912088,14859.956043956,763.403717376374
22,train,2000-10-01,1004.0,4037280.0,11112799.0,227692.546875,5273.8740234375,14516.5810546875,1332.81787109375,5333.03804347826,14679.4239130435,1169.96959918478
22,train,2001-01-01,1096.0,4525483.5,12456602.0,380028.53125,5242.9033203125,14431.3330078125,1831.04272460938,5306.5597826087,14606.5543478261,1655.82591711957
22,train,2001-04-01,1186.0,5003550.5,13772504.0,574826.0,5253.7412109375,14461.1650390625,2324.38598632813,5311.85555555556,14621.1333333333,2164.41631944444
22,train,2001-07-01,1277.0,5482040.0,15089568.0,809992.3125,5207.1806640625,14333.0048828125,2724.47680664063,5258.12637362637,14473.2307692308,2584.24519230769
22,train,2001-10-01,1369.0,5957193.5,16397449.0,1080067.875,5112.89892578125,14073.490234375,3078.21240234375,5164.71195652174,14216.097826087,2935.60394021739
22,train,2002-01-01,1461.0,6423328.5,17683030.0,1385108.875,5016.00146484375,13844.73046875,3444.62377929688,5066.6847826087,13973.7065217391,3315.66304347826
22,train,2002-04-01,1551.0,6868059.5,18913000.0,1717205.25,4878.92919921875,13519.0771484375,3837.23217773438,4941.45555555556,13666.3333333333,3689.95972222222
22,train,2002-07-01,1642.0,7300547.0,20105918.0,2097417.75,4673.5927734375,12866.6962890625,4360.39013671875,4752.60989010989,13108.989010989,4178.15934065934
22,train,2002-10-01,1734.0,7715925.5,21249320.0,2545478.0,4398.875,12109.7021484375,5148.69287109375,4514.98369565217,12428.2826086957,4870.22010869565
22,train,2003-01-01,1826.0,8106570.0,22324846.0,3052592.5,4142.748046875,11406.37890625,5738.19580078125,4246.13586956522,11690.5,5512.11413043478
22,train,2003-04-01,1916.0,8462488.0,23304820.0,3581354.0,3889.09155273438,10708.4267578125,6002.826171875,3954.64444444444,10888.6,5875.12777777778
22,train,2003-07-01,2007.0,8796957.0,24225764.0,4120712.0,3619.5615234375,9966.2587890625,6026.39990234375,3675.48351648352,10120.2637362637,5927.01098901099
22,train,2003-10-01,2099.0,9114004.0,25098748.0,4664860.5,3395.77416992188,9350.2431640625,5986.2060546875,3446.16304347826,9488.95652173913,5914.65760869565
22,train,2004-01-01,2191.0,9415006.0,25927462.0,5217498.0,3230.8720703125,8894.3388671875,6068.6591796875,3271.76086956522,9007.76086956522,6006.92934782609
22,train,2004-04-01,2282.0,9698885.0,26708912.0,5773431.5,3089.67749023438,8505.13671875,6153.91845703125,3119.54945054945,8587.36263736264,6109.15934065934
22,train,2004-07-01,2373.0,9969616.0,27453984.0,6337939.5,2952.07153320313,8123.23046875,6238.5791015625,2975.06593406593,8187.6043956044,6203.38461538462
22,train,2004-10-01,2465.0,10230325.0,28171200.0,6918145.0,2812.62841796875,7735.71728515625,6342.27978515625,2833.79347826087,7795.82608695652,6306.58152173913
22,train,2005-01-01,2557.0,10478764.0,28854004.0,7510110.0,2680.27978515625,7364.27978515625,6468.9833984375,2700.42391304348,7421.78260869565,6434.40217391304
22,train,2005-04-01,2647.0,10708154.0,29484374.0,8102745.0,2533.03125,6962.0732421875,6614.55517578125,2548.77777777778,7004.11111111111,6584.83333333333
22,train,2005-07-01,2738.0,10924470.0,30079142.0,8714157.0,2363.36743164063,6498.984375,6743.60595703125,2377.0989010989,6535.91208791209,6718.81318681319
22,train,2005-10-01,2830.0,11129391.0,30642762.0,9343932.0,2213.00341796875,6087.50732421875,6869.4013671875,2227.40217391304,6126.30434782609,6845.38043478261
22,train,2006-01-01,2922.0,11324113.0,31178466.0,9984062.0,2097.87109375,5771.80029296875,6987.546875,2116.54347826087,5822.86956521739,6957.9347826087
22,train,2006-04-01,3012.0,11506384.0,31679976.0,10621153.0,2009.78259277344,5529.9287109375,7102.04248046875,2025.23333333333,5572.33333333333,7078.78888888889
22,train,2006-07-01,3103.0,11685137.0,32171838.0,11275957.0,1942.46948242188,5345.0068359375,7228.10546875,1964.31868131868,5405.07692307692,7195.64835164835
22,train,2006-10-01,3195.0,11860063.0,32653278.0,11949841.0,1883.87377929688,5185.55322265625,7349.861328125,1901.36956521739,5233.04347826087,7324.82608695652
22,train,2007-01-01,3287.0,12029550.0,33119914.0,12633919.0,1825.01452636719,5024.970703125,7459.015625,1842.25,5072.13043478261,7435.63043478261
22,train,2007-04-01,3377.0,12190875.0,33564108.0,13310949.0,1772.31127929688,4879.79296875,7552.890625,1792.5,4935.48888888889,7522.55555555556
22,train,2007-07-01,3468.0,12349113.0,33999768.0,14005808.0,1718.39575195313,4730.97509765625,7667.822265625,1738.87912087912,4787.47252747253,7635.81318681319
22,train,2007-10-01,3560.0,12504176.0,34426472.0,14719582.0,1673.07043457031,4603.00048828125,7783.5908203125,1685.46739130435,4638.08695652174,7758.41304347826
22,train,2008-01-01,3652.0,12655593.0,34842992.0,15443654.0,1634.71228027344,4496.939453125,7896.296875,1645.83695652174,4527.39130434783,7870.34782608696
23,train,1998-01-01,0.0,0.0,0.0,0.0,0.0,0.0,0.0,,,
23,train,1998-04-01,90.0,0.0,0.0,0.0,0.0,0.0,0.0,0.0,0.0,0.0
23,train,1998-07-01,181.0,0.0,0.0,0.0,0.0,0.0,0.0,0.0,0.0,0.0
23,train,1998-10-01,273.0,0.0,0.0,0.0,0.0,0.0,0.0,0.0,0.0,0.0
23,train,1999-01-01,365.0,518325.5,1426714.875,0.0,5633.97265625,15507.76953125,0.0,5633.97282608696,15507.7703804348,0.0
23,train,1999-04-01,455.0,1017777.4375,2801479.25,0.0,5549.4658203125,15275.16015625,0.0,5549.46597222222,15275.1597222222,0.0
23,train,1999-07-01,546.0,1527436.125,4204338.5,2205.24975585938,5581.5458984375,15363.462890625,76.8064346313477,5600.64491758242,15416.0357142857,24.2335138006525
23,train,1999-10-01,638.0,2036805.5,5606401.0,16036.740234375,5513.40185546875,15175.892578125,214.258605957031,5536.62364130435,15239.8097826087,150.342287809952
23,train,2000-01-01,730.0,2536030.5,6980541.0,60314.01953125,5349.49853515625,14724.7412109375,692.838989257813,5426.35869565217,14936.3043478261,481.274774966033
23,train,2000-04-01,821.0,3018651.75,8308978.0,151643.515625,5230.75048828125,14397.8828125,1203.94519042969,5303.53021978022,14598.2087912088,1003.62083619505
23,train,2000-07-01,912.0,3486153.5,9595798.0,286548.78125,5059.2578125,13925.8408203125,1697.51916503906,5137.38186813187,14140.8791208791,1482.47544642857
23,train,2000-10-01,1004.0,3949973.25,10872484.0,468008.21875,4977.72216796875,13701.41015625,2147.9892578125,5041.51902173913,13877.0217391304,1972.38519021739
23,train,2001-01-01,1096.0,4410813.0,12140966.0,695664.25,4947.6708984375,13618.6923828125,2643.68286132813,5009.1277173913,13787.847826087,2474.52207880435
23,train,2001-04-01,1186.0,4860165.0,13377828.0,969502.0625,4931.7255859375,13574.8017578125,3210.74951171875,4992.8,13742.9111111111,3042.64236111111
23,train,2001-07-01,1277.0,5305835.0,14604557.0,1295003.5,4828.01123046875,13289.4306640625,3768.05151367188,4897.47252747253,13480.5384615385,3576.93887362637
23,train,2001-10-01,1369.0,5738335.5,15797262.0,1680255.125,4570.869140625,12632.875,4518.828125,4701.09239130435,12964.1847826087,4187.51766304348
23,train,2002-01-01,1461.0,6139627.5,16907468.0,2153809.75,4222.52880859375,11641.4697265625,5453.44091796875,4361.86956521739,12067.4565217391,5147.33288043478
23,train,2002-04-01,1551.0,6507104.0,17919506.0,2677445.75,3980.08764648438,10958.3583984375,6025.09423828125,4083.07222222222,11244.8666666667,5818.17777777778
23,train,2002-07-01,1642.0,6858763.5,18887724.0,3252469.5,3769.54565429688,10378.9912109375,6490.70556640625,3864.39010989011,10639.7582417582,6318.94230769231
23,train,2002-10-01,1734.0,7195712.0,19815482.0,3866787.25,3584.39501953125,9868.7890625,6809.8681640625,3662.48369565217,10084.3260869565,6677.36684782609
23,train,2003-01-01,1826.0,7517170.5,20700414.0,4507559.0,3437.96752929688,9463.7509765625,7062.56396484375,3494.11413043478,9618.82608695652,6964.91032608696
23,train,2003-04-01,1916.0,7815420.0,21521148.0,5150897.0,3275.77392578125,9013.1923828125,7212.00341796875,3313.88333333333,9119.26666666667,7148.2
23,train,2003-07-01,2007.0,8098003.0,22298140.0,5791235.5,3073.38989257813,8447.6279296875,7093.30517578125,3105.30769230769,8538.37362637363,7036.68681318681
23,train,2003-10-01,2099.0,8367460.5,23038772.0,6429981.0,2894.85131835938,7959.09814453125,7004.92724609375,2928.88586956522,8050.34782608696,6942.88586956522
23,train,2004-01-01,2191.0,8622386.0,23739932.0,7077699.0,2742.89575195313,7545.1689453125,7088.423828125,2770.92934782609,7621.30434782609,7040.41304347826
23,train,2004-04-01,2282.0,8860817.0,24395934.0,7728428.0,2591.29296875,7129.89501953125,7196.6513671875,2620.12087912088,7208.81318681319,7150.86813186813
23,train,2004-07-01,2373.0,9085880.0,25015186.0,8388311.5,2440.53955078125,6715.26416015625,7300.0947265625,2473.21978021978,6804.96703296703,7251.46703296703
23,train,2004-10-01,2465.0,9298494.0,25600276.0,9066735.0,2283.12719726563,6283.99609375,7412.35107421875,2311.02173913043,6359.67391304348,7374.16847826087
23,train,2005-01-01,2557.0,9496905.0,26146454.0,9757231.0,2131.37841796875,5867.23974609375,7539.37939453125,2156.64130434783,5936.71739130435,7505.39130434783
23,train,2005-04-01,2647.0,9676288.0,26640340.0,10445759.0,1966.3388671875,5414.0185546875,7695.93017578125,1993.14444444444,5487.62222222222,7650.31111111111
23,train,2005-07-01,2738.0,9839732.0,27090260.0,11158740.0,1761.61804199219,4848.02587890625,7907.40087890625,1796.08791208791,4944.17582417582,7834.95604395604
23,train,2005-10-01,2830.0,9989388.0,27501874.0,11897907.0,1607.86682128906,4422.4306640625,8081.46484375,1626.69565217391,4474.0652173913,8034.42391304348
23,train,2006-01-01,2922.0,10128765.0,27885330.0,12651800.0,1501.87414550781,4132.5087890625,8226.431640625,1514.96739130435,4168.0,8194.48913043478
23,train,2006-04-01,3012.0,10258484.0,28242326.0,13401389.0,1429.8251953125,3935.1845703125,8356.3916015625,1441.32222222222,3966.62222222222,8328.76666666667
23,train,2006-07-01,3103.0,10385342.0,28591496.0,14171565.0,1383.26208496094,3807.45043945313,8488.2578125,1394.04395604396,3837.03296703297,8463.47252747253
23,train,2006-10-01,3195.0,10510448.0,28935880.0,14961585.0,1349.41333007813,3714.71459960938,8610.427734375,1359.84782608696,3743.30434782609,8587.17391304348
23,train,2007-01-01,3287.0,10632455.0,29271772.0,15761849.0,1315.443359375,3621.51586914063,8721.8642578125,1326.16304347826,3651.0,8698.52173913043
23,train,2007-04-01,3377.0,10748520.0,29591320.0,16554053.0,1277.95568847656,3518.50048828125,8827.5712890625,1289.61111111111,3550.53333333333,8802.26666666667
23,train,2007-07-01,3468.0,10862435.0,29904964.0,17366016.0,1232.72766113281,3394.2392578125,8964.7060546875,1251.81318681319,3446.63736263736,8922.67032967033
23,train,2007-10-01,3560.0,10973086.0,30209668.0,18199782.0,1191.38500976563,3280.806640625,9087.3125,1202.72826086957,3312.0,9062.67391304348
23,train,2008-01-01,3652.0,11080335.0,30505012.0,19043140.0,1156.4892578125,3184.73901367188,9186.0517578125,1165.75,3210.26086956522,9166.9347826087
24,train,1998-01-01,0.0,0.0,0.0,0.0,0.0,0.0,0.0,,,
24,train,1998-04-01,90.0,0.0,0.0,0.0,0.0,0.0,0.0,0.0,0.0,0.0
24,train,1998-07-01,181.0,0.0,0.0,0.0,0.0,0.0,0.0,0.0,0.0,0.0
24,train,1998-10-01,273.0,0.0,0.0,0.0,0.0,0.0,0.0,0.0,0.0,0.0
24,train,1999-01-01,365.0,518325.5,1426714.875,0.0,5633.97265625,15507.76953125,0.0,5633.97282608696,15507.7703804348,0.0
24,train,1999-04-01,455.0,1017777.4375,2801479.25,0.0,5549.4658203125,15275.16015625,0.0,5549.46597222222,15275.1597222222,0.0
24,train,1999-07-01,546.0,1528237.375,4206543.5,0.0,5609.44970703125,15440.26953125,0.0,5609.44986263736,15440.2664835165,0.0
24,train,1999-10-01,638.0,2042589.375,5622321.5,116.353965759277,5588.56884765625,15382.79296875,7.35827207565308,5590.78260869565,15388.8913043478,1.26471701912258
24,train,2000-01-01,730.0,2555578.25,7034347.0,6508.14990234375,5562.84228515625,15311.9794921875,105.60041809082,5575.9660326087,15348.1032608696,69.4760427889617
24,train,2000-04-01,821.0,3066348.5,8440265.0,20355.859375,5603.84033203125,15424.8291015625,176.998657226563,5612.85989010989,15449.6483516484,152.172631567651
24,train,2000-07-01,912.0,3571940.5,9831931.0,50416.35546875,5518.62890625,15190.2802734375,433.079772949219,5555.95604395604,15293.032967033,330.335121909341
24,train,2000-10-01,1004.0,4079198.25,11228181.0,112310.40625,5462.80810546875,15036.630859375,812.768005371094,5513.67119565217,15176.6304347826,672.761421535326
24,train,2001-01-01,1096.0,4586647.5,12624959.0,211670.984375,5468.6337890625,15052.6669921875,1209.70825195313,5515.7527173913,15182.3695652174,1080.00628396739
24,train,2001-04-01,1186.0,5085819.0,13998951.0,348379.15625,5486.36279296875,15101.466796875,1684.083984375,5546.35,15266.5777777778,1518.9796875
24,train,2001-07-01,1277.0,5585333.5,15373888.0,525672.4375,5432.81494140625,14954.07421875,2103.40795898438,5489.17032967033,15109.1978021978,1948.27781593407
24,train,2001-10-01,1369.0,6081766.0,16740341.0,737176.125,5345.720703125,14714.3427734375,2437.35986328125,5396.00543478261,14852.75,2298.953125
24,train,2002-01-01,1461.0,6571749.5,18089042.0,979095.0,5282.91552734375,14541.4677734375,2747.8857421875,5325.90760869565,14659.7934782609,2629.55298913043
24,train,2002-04-01,1551.0,7043742.0,19388224.0,1241981.625,5203.43994140625,14322.7080078125,3033.60131835938,5244.36111111111,14435.3555555556,2920.9625
24,train,2002-07-01,1642.0,7512775.5,20679260.0,1534147.0,5116.59228515625,14083.65625,3314.16870117188,5154.21428571429,14187.2087912088,3210.60851648352
24,train,2002-10-01,1734.0,7979786.5,21964730.0,1857370.875,5036.77587890625,13863.95703125,3621.83471679688,5076.20652173913,13972.5,3513.30298913043
24,train,2003-01-01,1826.0,8433445.0,23213448.0,2209922.0,4883.236328125,13441.3330078125,3963.759765625,4931.07065217391,13573.0217391304,3832.07744565217
24,train,2003-04-01,1916.0,8849550.0,24358794.0,2585828.5,4573.3955078125,12588.482421875,4314.33544921875,4623.38888888889,12726.0666666667,4176.73888888889
24,train,2003-07-01,2007.0,9235682.0,25421642.0,2996677.75,4182.455078125,11512.400390625,4682.06787109375,4243.20879120879,11679.6483516484,4514.82692307692
24,train,2003-10-01,2099.0,9598430.0,26420120.0,3436946.0,3896.83422851563,10726.2158203125,4912.34326171875,3942.91304347826,10853.0217391304,4785.52445652174
24,train,2004-01-01,2191.0,9943560.0,27370106.0,3899852.25,3712.4775390625,10218.765625,5138.76025390625,3751.41304347826,10325.9347826087,5031.58967391304
24,train,2004-04-01,2282.0,10269778.0,28268038.0,4377104.5,3557.392578125,9791.88671875,5320.01318359375,3584.81318681319,9867.38461538462,5244.53021978022
24,train,2004-07-01,2373.0,10582327.0,29128342.0,4869351.5,3407.20434570313,9378.4873046875,5484.71923828125,3434.6043956044,9453.89010989011,5409.30769230769
24,train,2004-10-01,2465.0,10883779.0,29958104.0,5383538.5,3256.3017578125,8963.1201171875,5645.021484375,3276.65217391304,9019.15217391304,5588.98913043478
24,train,2005-01-01,2557.0,11172038.0,30751550.0,5911848.5,3114.01538085938,8571.470703125,5795.43505859375,3133.25,8624.41304347826,5742.5
24,train,2005-04-01,2647.0,11440558.0,31490662.0,6441243.5,2967.97485351563,8169.4873046875,5925.03955078125,2983.55555555556,8212.35555555556,5882.16666666667
24,train,2005-07-01,2738.0,11696625.0,32195500.0,6987309.5,2801.46801757813,7711.169921875,6035.01904296875,2813.92307692308,7745.47252747253,6000.72527472528
24,train,2005-10-01,2830.0,11941641.0,32869942.0,7550012.0,2653.17358398438,7304.11328125,6143.12451171875,2663.21739130435,7330.89130434783,6116.33152173913
24,train,2006-01-01,2922.0,12176364.0,33516006.0,8122726.0,2543.27612304688,7000.3583984375,6247.2216796875,2551.33695652174,7022.4347826087,6225.15217391304
24,train,2006-04-01,3012.0,12398977.0,34128756.0,8692534.0,2464.607421875,6783.93017578125,6355.5947265625,2473.47777777778,6808.33333333333,6331.2
24,train,2006-07-01,3103.0,12619459.0,34735644.0,9279342.0,2409.66455078125,6632.71142578125,6484.833984375,2422.87912087912,6669.0989010989,6448.43956043956
24,train,2006-10-01,3195.0,12837768.0,35336548.0,9885727.0,2361.71606445313,6500.732421875,6621.9716796875,2372.92391304348,6531.5652173913,6591.14130434783
24,train,2007-01-01,3287.0,13051231.0,35924116.0,10503717.0,2309.76171875,6357.7255859375,6746.16357421875,2320.25,6386.60869565217,6717.28260869565
24,train,2007-04-01,3377.0,13255417.0,36486148.0,11118529.0,2258.09252929688,6215.50390625,6860.5283203125,2268.73333333333,6244.8,6831.24444444444
24,train,2007-07-01,3468.0,13457323.0,37041904.0,11751670.0,2208.57666015625,6079.208984375,6985.58935546875,2218.74725274725,6107.20879120879,6957.59340659341
24,train,2007-10-01,3560.0,13656941.0,37591360.0,12402715.0,2159.64208984375,5944.51416015625,7104.419921875,2169.76086956522,5972.34782608696,7076.57608695652
24,train,2008-01-01,3652.0,13852060.0,38128432.0,13064315.0,2111.15478515625,5811.05078125,7218.01318359375,2120.85869565217,5837.73913043478,7191.30434782609
25,train,1998-01-01,0.0,0.0,0.0,0.0,0.0,0.0,0.0,,,
25,train,1998-04-01,90.0,0.0,0.0,0.0,0.0,0.0,0.0,0.0,0.0,0.0
25,train,1998-07-01,181.0,0.0,0.0,0.0,0.0,0.0,0.0,0.0,0.0,0.0
25,train,1998-10-01,273.0,0.0,0.0,0.0,0.0,0.0,0.0,0.0,0.0,0.0
25,train,1999-01-01,365.0,518325.5,1426714.875,0.0,5633.97265625,15507.76953125,0.0,5633.97282608696,15507.7703804348,0.0
25,train,1999-04-01,455.0,1017777.375,2801479.0,0.12093148380518,5549.46240234375,15275.1513671875,0.00868784915655852,5549.46527777778,15275.1569444444,0.00134368315339089
25,train,1999-07-01,546.0,1528090.75,4206140.5,403.417999267578,5600.07958984375,15414.4775390625,25.7911796569824,5607.83928571429,15435.8406593407,4.43183590971179
25,train,1999-10-01,638.0,2038951.625,5612308.0,10129.40625,5537.7294921875,15242.85546875,147.295318603516,5552.83559782609,15284.4293478261,105.717263594918
25,train,2000-01-01,730.0,2544887.25,7004919.5,35935.3984375,5442.1865234375,14979.869140625,437.710876464844,5499.30027173913,15137.0815217391,280.499915081522
25,train,2000-04-01,821.0,3036439.75,8357940.5,102680.65625,5329.9521484375,14670.9384765625,930.888671875,5401.67582417582,14868.3626373626,733.464371565934
25,train,2000-07-01,912.0,3513691.5,9671598.0,210749.5,5178.5302734375,14254.1435546875,1369.21606445313,5244.52472527472,14435.7967032967,1187.56971153846
25,train,2000-10-01,1004.0,3988188.5,10977673.0,362819.09375,5093.94140625,14021.30859375,1828.09069824219,5157.57608695652,14196.4673913043,1652.93036684783
25,train,2001-01-01,1096.0,4459960.5,12276247.0,560383.4375,5069.33251953125,13953.5712890625,2308.80444335938,5127.95652173913,14114.9347826087,2147.43851902174
25,train,2001-04-01,1186.0,4922006.5,13548049.0,799280.6875,5077.68017578125,13976.548828125,2809.00244140625,5133.84444444444,14131.1333333333,2654.41388888889
25,train,2001-07-01,1277.0,5383504.0,14818343.0,1081218.0,5015.9560546875,13806.650390625,3250.83129882813,5071.4010989011,13959.2747252747,3098.21222527473
25,train,2001-10-01,1369.0,5839657.0,16073925.0,1403592.0,4896.65283203125,13478.2626953125,3673.43994140625,4958.1847826087,13647.6304347826,3504.0652173913
25,train,2002-01-01,1461.0,6282211.0,17292076.0,1776062.0,4714.0009765625,12975.5048828125,4313.84912109375,4810.36956521739,13240.7717391304,4048.58695652174
25,train,2002-04-01,1551.0,6689955.5,18414412.0,2215794.5,4413.126953125,12147.3349609375,5208.974609375,4530.49444444444,12470.4,4885.91666666667
25,train,2002-07-01,1642.0,7078734.0,19485192.0,2728216.5,4190.82421875,11547.7509765625,5850.0732421875,4272.29120879121,11766.8131868132,5631.01098901099
25,train,2002-10-01,1734.0,7455627.5,20523564.0,3298072.5,4023.9248046875,11095.345703125,6359.8291015625,4096.66847826087,11286.652173913,6194.08695652174
25,train,2003-01-01,1826.0,7813886.0,21511864.0,3902787.25,3828.53002929688,10597.916015625,6723.134765625,3894.11413043478,10742.3913043478,6572.98641304348
25,train,2003-04-01,1916.0,8145301.5,22424544.0,4511360.5,3625.982421875,10023.9169921875,6878.90087890625,3682.39444444444,10140.8888888889,6761.925
25,train,2003-07-01,2007.0,8458518.0,23288446.0,5121156.0,3399.8037109375,9403.8662109375,6790.6015625,3441.93956043956,9493.42857142857,6701.04945054945
25,train,2003-10-01,2099.0,8756153.0,24110828.0,5734324.5,3195.86572265625,8812.037109375,6722.67626953125,3235.16304347826,8938.9347826087,6664.875
25,train,2004-01-01,2191.0,9038644.0,24888212.0,6356095.5,3041.4638671875,8363.2177734375,6809.75830078125,3070.55434782609,8449.82608695652,6758.38043478261
25,train,2004-04-01,2282.0,9304787.0,25619562.0,6981471.5,2896.4091796875,7959.69873046875,6924.39794921875,2924.64835164835,8036.81318681319,6872.26373626374
25,train,2004-07-01,2373.0,9557581.0,26314620.0,7618079.5,2752.83935546875,7570.8564453125,7040.2158203125,2777.95604395604,7638.0,6995.69230769231
25,train,2004-10-01,2465.0,9799552.0,26980252.0,8273321.5,2605.5087890625,7168.47900390625,7163.59130859375,2630.11956521739,7235.13043478261,7122.19565217391
25,train,2005-01-01,2557.0,10027874.0,27608526.0,8942112.0,2455.72143554688,6757.78271484375,7309.71630859375,2481.76086956522,6829.0652173913,7269.46195652174
25,train,2005-04-01,2647.0,10235977.0,28181168.0,9610399.0,2293.42260742188,6310.87353515625,7452.67236328125,2312.25555555556,6362.68888888889,7425.41111111111
25,train,2005-07-01,2738.0,10429565.0,28713838.0,10297789.0,2109.9658203125,5806.12109375,7576.79296875,2127.34065934066,5853.51648351648,7553.73626373626
25,train,2005-10-01,2830.0,10610092.0,29210748.0,11003788.0,1944.7509765625,5353.794921875,7694.5771484375,1962.25,5401.19565217391,7673.90217391304
25,train,2006-01-01,2922.0,10778953.0,29675740.0,11719825.0,1817.51318359375,5005.31103515625,7804.06787109375,1835.44565217391,5054.26086956522,7783.01086956522
25,train,2006-04-01,3012.0,10935795.0,30107638.0,12429906.0,1726.7412109375,4754.86669921875,7911.4677734375,1742.68888888889,4798.86666666667,7889.78888888889
25,train,2006-07-01,3103.0,11088706.0,30528636.0,13158543.0,1660.69787597656,4571.2255859375,8040.2587890625,1680.34065934066,4626.35164835165,8007.0
25,train,2006-10-01,3195.0,11238793.0,30941548.0,13907644.0,1618.87854003906,4453.54833984375,8169.484375,1631.38043478261,4488.17391304348,8142.40217391304
25,train,2007-01-01,3287.0,11385209.0,31344406.0,14668211.0,1579.35498046875,4346.0029296875,8294.0400390625,1591.47826086957,4378.89130434783,8267.03260869565
25,train,2007-04-01,3377.0,11525186.0,31729658.0,15421789.0,1544.74267578125,4251.67578125,8397.091796875,1555.3,4280.57777777778,8373.08888888889
25,train,2007-07-01,3468.0,11663478.0,32110306.0,16194842.0,1504.85339355469,4142.14697265625,8531.0400390625,1519.69230769231,4182.94505494505,8495.08791208791
25,train,2007-10-01,3560.0,11799491.0,32484694.0,16988616.0,1463.27209472656,4027.86596679688,8663.8212890625,1478.40217391304,4069.4347826087,8627.97826086957
25,train,2008-01-01,3652.0,11931744.0,32848768.0,17793508.0,1427.73034667969,3930.41528320313,8770.953125,1437.53260869565,3957.32608695652,8748.82608695652
26,train,1998-01-01,0.0,0.0,0.0,0.0,0.0,0.0,0.0,,,
26,train,1998-04-01,90.0,0.0,0.0,0.0,0.0,0.0,0.0,0.0,0.0,0.0
26,train,1998-07-01,181.0,0.0,0.0,0.0,0.0,0.0,0.0,0.0,0.0,0.0
26,train,1998-10-01,273.0,0.0,0.0,0.0,0.0,0.0,0.0,0.0,0.0,0.0
26,train,1999-01-01,365.0,518325.5,1426714.875,0.0,5633.97265625,15507.76953125,0.0,5633.97282608696,15507.7703804348,0.0
26,train,1999-04-01,455.0,1017777.4375,2801479.25,0.0,5549.4658203125,15275.16015625,0.0,5549.46597222222,15275.1597222222,0.0
26,train,1999-07-01,546.0,1528237.375,4206543.5,0.0,5609.44970703125,15440.26953125,0.0,5609.44986263736,15440.2664835165,0.0
26,train,1999-10-01,638.0,2042618.375,5622401.0,36.4469337463379,5590.1240234375,15387.07421875,3.07743144035339,5591.09782608696,15389.7554347826,0.39616232332976
26,train,2000-01-01,730.0,2555996.5,7035498.5,5356.634765625,5567.21923828125,15324.02734375,93.5524291992188,5580.19701086957,15359.7554347826,57.8281286073768
26,train,2000-04-01,821.0,3067358.5,8443046.0,17575.61328125,5612.8896484375,15449.73828125,152.089447021484,5619.36263736264,15467.5549450549,134.274489182692
26,train,2000-07-01,912.0,3575556.5,9841884.0,40462.86328125,5556.4833984375,15294.4765625,328.883850097656,5584.59340659341,15371.8461538462,251.508241758242
26,train,2000-10-01,1004.0,4087018.75,11249707.0,90784.4921875,5509.6435546875,15165.5478515625,683.850952148438,5559.3722826087,15302.4239130435,546.974227241848
26,train,2001-01-01,1096.0,4599002.0,12658965.0,177665.375,5520.68359375,15195.9365234375,1066.43884277344,5565.03532608696,15318.0217391304,944.357421875
26,train,2001-04-01,1186.0,5103766.5,14048353.0,298976.71875,5558.03466796875,15298.74609375,1486.80456542969,5608.49444444444,15437.6444444444,1347.90381944444
26,train,2001-07-01,1277.0,5609742.0,15441073.0,458487.875,5502.60498046875,15146.1728515625,1911.30859375,5560.17032967033,15304.6153846154,1752.8698489011
26,train,2001-10-01,1369.0,6112250.0,16824250.0,653267.625,5412.6533203125,14898.578125,2253.12451171875,5462.04347826087,15034.5326086957,2117.17119565217
26,train,2002-01-01,1461.0,6608002.5,18189274.0,878863.375,5339.8837890625,14723.6865234375,2565.66772460938,5388.61413043478,14837.2173913043,2452.1277173913
26,train,2002-04-01,1551.0,7084584.0,19505528.0,1124677.625,5249.0458984375,14516.3173828125,2839.99194335938,5295.35,14625.0444444444,2731.26944444444
26,train,2002-07-01,1642.0,7557514.5,20814364.0,1399043.125,5168.99609375,14282.341796875,3115.48315429688,5197.03846153846,14382.8131868132,3015.00549450549
26,train,2002-10-01,1734.0,8030966.0,22119498.0,1702482.5,5111.828125,14084.5986328125,3395.865234375,5146.21195652174,14186.2391304348,3298.25407608696
26,train,2003-01-01,1826.0,8490492.0,23386622.0,2032524.25,4931.41796875,13600.9697265625,3686.03442382813,4994.84782608696,13773.0869565217,3587.41032608696
26,train,2003-04-01,1916.0,8913365.0,24552974.0,2379396.0,4650.37841796875,12809.4189453125,3942.9140625,4698.58888888889,12959.4666666667,3854.13055555556
26,train,2003-07-01,2007.0,9312612.0,25650506.0,2748173.25,4336.697265625,11920.9443359375,4171.798828125,4387.32967032967,12060.7912087912,4052.49725274725
26,train,2003-10-01,2099.0,9688635.0,26684780.0,3144958.0,4028.98681640625,11084.8203125,4447.7451171875,4087.20652173913,11242.1086956522,4312.8777173913
26,train,2004-01-01,2191.0,10043811.0,27662228.0,3569697.0,3798.466796875,10454.912109375,4750.25439453125,3860.60869565217,10624.4347826087,4616.72826086957
26,train,2004-04-01,2282.0,10376472.0,28577918.0,4014018.75,3609.22705078125,9935.58203125,4974.76904296875,3655.61538461538,10062.5274725275,4882.65659340659
26,train,2004-07-01,2373.0,10692095.0,29446830.0,4477430.5,3436.55517578125,9461.162109375,5150.91748046875,3468.38461538462,9548.48351648352,5092.43681318681
26,train,2004-10-01,2465.0,10995535.0,30282238.0,4961895.5,3266.67260742188,8993.6884765625,5321.98876953125,3298.26086956522,9080.52173913043,5265.92391304348
26,train,2005-01-01,2557.0,11284562.0,31077976.0,5461809.5,3109.39208984375,8560.884765625,5486.6865234375,3141.59782608696,8649.32608695652,5433.84782608696
26,train,2005-04-01,2647.0,11552347.0,31815254.0,5964650.5,2944.0126953125,8105.7900390625,5633.00244140625,2975.38888888889,8191.97777777778,5587.12222222222
26,train,2005-07-01,2738.0,11806756.0,32515650.0,6483886.5,2771.62866210938,7630.17919921875,5739.16015625,2795.7032967033,7696.65934065934,5705.89010989011
26,train,2005-10-01,2830.0,12050282.0,33186016.0,7018538.5,2630.02465820313,7239.7734375,5836.80712890625,2647.02173913043,7286.58695652174,5811.4347826087
26,train,2006-01-01,2922.0,12283989.0,33829352.0,7562216.0,2524.10278320313,6948.35302734375,5933.59765625,2540.29347826087,6992.78260869565,5909.53804347826
26,train,2006-04-01,3012.0,12505319.0,34438608.0,8103290.0,2446.21557617188,6733.787109375,6032.10693359375,2459.22222222222,6769.51111111111,6011.93333333333
26,train,2006-07-01,3103.0,12724361.0,35041524.0,8659901.0,2389.07348632813,6575.50634765625,6144.900390625,2407.05494505495,6625.45054945055,6116.6043956044
26,train,2006-10-01,3195.0,12941204.0,35638136.0,9233568.0,2342.92602539063,6445.16552734375,6259.27294921875,2356.98913043478,6484.91304347826,6235.51086956522
26,train,2007-01-01,3287.0,13153853.0,36222816.0,9817257.0,2297.3642578125,6315.58544921875,6368.7822265625,2311.40217391304,6355.21739130435,6344.44565217391
26,train,2007-04-01,3377.0,13357794.0,36783308.0,10397217.0,2252.73291015625,6191.05859375,6468.087890625,2266.01111111111,6227.68888888889,6444.0
26,train,2007-07-01,3468.0,13559890.0,37338920.0,10994327.0,2207.08032226563,6068.6494140625,6587.41162109375,2220.83516483516,6105.62637362637,6561.64835164835
26,train,2007-10-01,3560.0,13759902.0,37889124.0,11608608.0,2160.65087890625,5944.35546875,6701.654296875,2174.04347826087,5980.47826086957,6676.96739130435
26,train,2008-01-01,3652.0,13955544.0,38427488.0,12233077.0,2113.02075195313,5814.873046875,6812.68212890625,2126.54347826087,5851.78260869565,6787.70652173913
27,train,1998-01-01,0.0,0.0,0.0,0.0,0.0,0.0,0.0,,,
27,train,1998-04-01,90.0,0.0,0.0,0.0,0.0,0.0,0.0,0.0,0.0,0.0
27,train,1998-07-01,181.0,0.0,0.0,0.0,0.0,0.0,0.0,0.0,0.0,0.0
27,train,1998-10-01,273.0,0.0,0.0,0.0,0.0,0.0,0.0,0.0,0.0,0.0
27,train,1999-01-01,365.0,518325.5,1426714.875,0.0,5633.97265625,15507.76953125,0.0,5633.97282608696,15507.7703804348,0.0
27,train,1999-04-01,455.0,1017777.4375,2801479.25,0.0,5549.4658203125,15275.16015625,0.0,5549.46597222222,15275.1597222222,0.0
27,train,1999-07-01,546.0,1528237.375,4206543.5,0.0356890894472599,5609.44921875,15440.2666015625,0.00210893619805574,5609.44986263736,15440.2664835165,0.000392187796123735
27,train,1999-10-01,638.0,2042245.0,5621373.5,1064.14575195313,5575.58447265625,15347.0537109375,43.0976409912109,5587.03940217391,15378.5869565217,11.5664137267792
27,train,2000-01-01,730.0,2554042.75,7030120.5,10734.3408203125,5552.52734375,15283.587890625,133.992599487305,5563.01902173913,15312.4673913043,105.110815960428
27,train,2000-04-01,821.0,3063322.25,8431936.0,28685.70703125,5570.17529296875,15332.1640625,269.663665771484,5596.47802197802,15404.5659340659,197.267760559753
27,train,2000-07-01,912.0,3562884.0,9807003.0,75344.53125,5447.99609375,14995.8603515625,627.499389648438,5489.68956043956,15110.6263736264,512.734332074176
27,train,2000-10-01,1004.0,4063091.25,11183846.0,156645.84375,5384.767578125,14821.8212890625,1027.57788085938,5437.03532608696,14965.6847826087,883.709918478261
27,train,2001-01-01,1096.0,4562672.5,12558967.0,277663.40625,5373.6396484375,14791.19140625,1471.18383789063,5430.23097826087,14946.9673913043,1315.40828804348
27,train,2001-04-01,1186.0,5052687.5,13907755.0,439575.15625,5383.76318359375,14819.056640625,1966.49401855469,5444.61111111111,14986.5333333333,1799.01944444444
27,train,2001-07-01,1277.0,5543201.0,15257917.0,641643.8125,5333.29931640625,14680.1533203125,2377.3291015625,5390.25824175824,14836.9450549451,2220.53468406593
27,train,2001-10-01,1369.0,6030756.0,16599935.0,877582.8125,5252.77099609375,14458.494140625,2693.20874023438,5299.51086956522,14587.152173913,2564.55434782609
27,train,2002-01-01,1461.0,6511634.0,17923574.0,1144564.625,5180.75439453125,14260.265625,3029.08862304688,5226.9347826087,14387.3804347826,2901.97622282609
27,train,2002-04-01,1551.0,6973847.5,19195838.0,1434368.625,5094.533203125,14022.9365234375,3333.37280273438,5135.70555555556,14136.2666666667,3220.04444444444
27,train,2002-07-01,1642.0,7431922.5,20456708.0,1756699.125,4991.5498046875,13739.470703125,3658.35400390625,5033.79120879121,13855.7142857143,3542.09340659341
27,train,2002-10-01,1734.0,7885384.5,21704884.0,2117216.5,4877.38134765625,13425.216796875,4060.57568359375,4928.9347826087,13567.1304347826,3918.66711956522
27,train,2003-01-01,1826.0,8320266.5,22901918.0,2521451.75,4639.19140625,12769.5888671875,4635.50439453125,4726.97826086957,13011.2391304348,4393.86141304348
27,train,2003-04-01,1916.0,8709031.0,23972010.0,2972613.0,4253.849609375,11708.9169921875,5193.900390625,4319.60555555556,11889.9111111111,5012.90277777778
27,train,2003-07-01,2007.0,9071772.0,24970470.0,3447849.25,3931.97216796875,10822.9345703125,5371.533203125,3986.16483516484,10972.0879120879,5222.37637362637
27,train,2003-10-01,2099.0,9415901.0,25917700.0,3939366.25,3706.80810546875,10203.16015625,5435.39892578125,3740.53260869565,10295.9782608696,5342.57608695652
27,train,2004-01-01,2191.0,9744668.0,26822648.0,4447310.5,3545.0947265625,9758.037109375,5599.4892578125,3573.55434782609,9836.39130434783,5521.13315217391
27,train,2004-04-01,2282.0,10056092.0,27679920.0,4965223.0,3396.98071289063,9352.2890625,5759.61083984375,3422.24175824176,9420.57142857143,5691.34615384615
27,train,2004-07-01,2373.0,10354654.0,28502518.0,5495176.5,3256.43432617188,8978.8994140625,5884.30712890625,3280.9010989011,9039.53846153846,5823.66483516484
27,train,2004-10-01,2465.0,10643572.0,29298794.0,6042848.0,3120.86596679688,8602.25,6005.89208984375,3140.41304347826,8655.17391304348,5952.95108695652
27,train,2005-01-01,2557.0,10919930.0,30060322.0,6603076.0,2982.9453125,8231.3251953125,6135.58056640625,3003.89130434783,8277.47826086957,6089.4347826087
27,train,2005-04-01,2647.0,11176661.0,30768414.0,7163491.0,2835.134765625,7831.64501953125,6262.8818359375,2852.56666666667,7867.68888888889,6226.83333333333
27,train,2005-07-01,2738.0,11420210.0,31440620.0,7742189.0,2664.716796875,7359.9140625,6386.27490234375,2676.36263736264,7386.87912087912,6359.31868131868
27,train,2005-10-01,2830.0,11653219.0,32082238.0,8337717.5,2518.109375,6938.91357421875,6508.32421875,2532.70652173913,6974.10869565217,6473.13586956522
27,train,2006-01-01,2922.0,11875648.0,32693744.0,8944987.0,2405.16357421875,6617.35546875,6630.224609375,2417.70652173913,6646.80434782609,6600.75543478261
27,train,2006-04-01,3012.0,12085791.0,33271326.0,9549964.0,2322.14721679688,6388.8056640625,6750.71923828125,2334.92222222222,6417.57777777778,6721.96666666667
27,train,2006-07-01,3103.0,12292744.0,33840856.0,10174132.0,2259.97119140625,6226.3623046875,6891.18310546875,2274.20879120879,6258.57142857143,6858.98901098901
27,train,2006-10-01,3195.0,12497022.0,34404016.0,10818260.0,2204.80615234375,6086.18798828125,7036.51611328125,2220.41304347826,6121.30434782609,7001.39130434783
27,train,2007-01-01,3287.0,12696002.0,34953160.0,11474672.0,2147.18579101563,5933.4833984375,7170.4052734375,2162.82608695652,5968.95652173913,7134.91304347826
27,train,2007-04-01,3377.0,12885423.0,35475516.0,12126890.0,2088.60571289063,5756.27001953125,7271.03955078125,2104.67777777778,5803.95555555556,7246.86666666667
27,train,2007-07-01,3468.0,13071924.0,35989080.0,12796985.0,2033.2197265625,5597.87646484375,7388.57177734375,2049.46153846154,5643.56043956044,7363.68131868132
27,train,2007-10-01,3560.0,13255192.0,36493600.0,13484829.0,1976.16418457031,5440.146484375,7499.8203125,1992.04347826087,5483.91304347826,7476.5652173913
27,train,2008-01-01,3652.0,13433118.0,36983452.0,14182156.0,1917.9326171875,5280.39599609375,7602.4140625,1933.97826086957,5324.47826086957,7579.64130434783
28,train,1998-01-01,0.0,0.0,0.0,0.0,0.0,0.0,0.0,,,
28,train,1998-04-01,90.0,0.0,0.0,0.0,0.0,0.0,0.0,0.0,0.0,0.0
28,train,1998-07-01,181.0,0.0,0.0,0.0,0.0,0.0,0.0,0.0,0.0,0.0
28,train,1998-10-01,273.0,0.0,0.0,0.0,0.0,0.0,0.0,0.0,0.0,0.0
28,train,1999-01-01,365.0,518325.5,1426714.875,0.0,5633.97265625,15507.76953125,0.0,5633.97282608696,15507.7703804348,0.0
28,train,1999-04-01,455.0,1017777.4375,2801479.25,0.0,5549.4658203125,15275.16015625,0.0,5549.46597222222,15275.1597222222,0.0
28,train,1999-07-01,546.0,1528116.75,4206212.0,331.945861816406,5600.47900390625,15415.5771484375,24.6923637390137,5608.12431318681,15436.6236263736,3.64775672325721
28,train,1999-10-01,638.0,2039078.75,5612658.5,9779.2705078125,5539.3017578125,15247.1845703125,142.967132568359,5553.9347826087,15287.4619565217,102.688311369523
28,train,2000-01-01,730.0,2546050.75,7008122.0,32733.185546875,5459.296875,15026.9658203125,390.614166259766,5510.5652173913,15168.0815217391,249.499076511549
28,train,2000-04-01,821.0,3039540.25,8366474.5,94146.8359375,5352.12353515625,14731.966796875,869.860473632813,5422.96153846154,14926.9505494506,674.875279017857
28,train,2000-07-01,912.0,3519010.5,9686239.0,196108.34375,5207.26806640625,14333.2451171875,1290.11499023438,5268.90384615385,14502.9065934066,1120.45612980769
28,train,2000-10-01,1004.0,3995892.0,10998877.0,341614.90625,5114.55224609375,14078.041015625,1771.35766601563,5183.49456521739,14267.8043478261,1581.59307065217
28,train,2001-01-01,1096.0,4469776.0,12303265.0,533365.125,5089.41064453125,14008.8369140625,2253.53833007813,5150.91304347826,14178.1304347826,2084.24150815217
28,train,2001-04-01,1186.0,4933576.0,13579896.0,767434.3125,5097.140625,14030.1142578125,2755.43676757813,5153.33333333333,14184.7888888889,2600.76875
28,train,2001-07-01,1277.0,5396555.5,14854306.0,1045254.9375,5031.99365234375,13852.6875,3204.7939453125,5087.68681318681,14004.5054945055,3052.9739010989
28,train,2001-10-01,1369.0,5853198.5,16114996.0,1362521.375,4896.046875,13535.8466796875,3615.85595703125,4963.51086956522,13703.152173913,3448.54823369565
28,train,2002-01-01,1461.0,6293641.5,17332780.0,1728124.0,4689.06298828125,12916.9599609375,4188.09619140625,4787.42391304348,13236.7826086957,3973.94157608696
28,train,2002-04-01,1551.0,6699721.5,18450724.0,2149864.0,4387.21630859375,12077.9736328125,4984.96044921875,4512.0,12421.6,4686.0
28,train,2002-07-01,1642.0,7084654.0,19510534.0,2642646.25,4118.76123046875,11340.298828125,5656.62255859375,4230.02747252747,11646.2637362637,5415.18956043956
28,train,2002-10-01,1734.0,7451900.5,20521708.0,3192389.0,3894.21313476563,10722.5556640625,6104.47509765625,3991.8097826087,10991.0217391304,5975.46467391304
28,train,2003-01-01,1826.0,7797535.0,21473400.0,3771069.0,3679.81811523438,10132.4208984375,6406.61865234375,3756.89673913043,10344.4782608696,6290.0
28,train,2003-04-01,1916.0,8119133.0,22358912.0,4361813.5,3509.30834960938,9662.296875,6661.64111328125,3573.31111111111,9839.02222222222,6563.82777777778
28,train,2003-07-01,2007.0,8422926.0,23195238.0,4951754.0,3297.9765625,9078.80859375,6546.50830078125,3338.38461538462,9190.3956043956,6482.86263736264
28,train,2003-10-01,2099.0,8712090.0,23991132.0,5540641.0,3114.12133789063,8570.1591796875,6445.6806640625,3143.08695652174,8651.02173913043,6400.94565217391
28,train,2004-01-01,2191.0,8987888.0,24749940.0,6135103.5,2966.15795898438,8158.77490234375,6514.14794921875,2997.80434782609,8247.91304347826,6461.54891304348
28,train,2004-04-01,2282.0,9247410.0,25463268.0,6733066.0,2825.30834960938,7763.51611328125,6618.4521484375,2851.89010989011,7838.76923076923,6571.01648351648
28,train,2004-07-01,2373.0,9493999.0,26141086.0,7341639.5,2686.06689453125,7385.4375,6730.02294921875,2709.76923076923,7448.54945054945,6687.62087912088
28,train,2004-10-01,2465.0,9730326.0,26791074.0,7967778.5,2544.3642578125,6999.1083984375,6849.20751953125,2568.77173913043,7065.08695652174,6805.85869565217
28,train,2005-01-01,2557.0,9953506.0,27405106.0,8607238.0,2401.82495117188,6608.56298828125,6989.66845703125,2425.86956521739,6674.26086956522,6950.64673913043
28,train,2005-04-01,2647.0,10157768.0,27967120.0,9245709.0,2246.81298828125,6182.27880859375,7128.95361328125,2269.57777777778,6244.6,7094.12222222222
28,train,2005-07-01,2738.0,10347811.0,28490000.0,9903122.0,2068.45166015625,5691.25390625,7252.4755859375,2088.38461538462,5745.93406593407,7224.31868131868
28,train,2005-10-01,2830.0,10525359.0,28978566.0,10578644.0,1909.88464355469,5256.58203125,7368.50390625,1929.86956521739,5310.5,7342.63043478261
28,train,2006-01-01,2922.0,10691401.0,29435662.0,11264615.0,1789.45446777344,4926.419921875,7476.0625,1804.80434782609,4968.4347826087,7456.20652173913
28,train,2006-04-01,3012.0,10846479.0,29862596.0,11944437.0,1703.02600097656,4688.4697265625,7582.22998046875,1723.08888888889,4743.71111111111,7553.57777777778
28,train,2006-07-01,3103.0,10996863.0,30276552.0,12644254.0,1636.34643554688,4503.72802734375,7720.4912109375,1652.57142857143,4548.96703296703,7690.2967032967
28,train,2006-10-01,3195.0,11144070.0,30681482.0,13366401.0,1584.25866699219,4357.6513671875,7887.708984375,1600.07608695652,4401.41304347826,7849.42391304348
28,train,2007-01-01,3287.0,11286657.0,31073740.0,14103339.0,1535.38464355469,4224.1064453125,8044.986328125,1549.85869565217,4263.67391304348,8010.19565217391
28,train,2007-04-01,3377.0,11422142.0,31446564.0,14836210.0,1492.99914550781,4108.71337890625,8172.63720703125,1505.38888888889,4142.48888888889,8143.01111111111
28,train,2007-07-01,3468.0,11555482.0,31813570.0,15589301.0,1453.88745117188,4001.80786132813,8302.2626953125,1465.27472527473,4033.03296703297,8275.72527472528
28,train,2007-10-01,3560.0,11686737.0,32174880.0,16361886.0,1415.55920410156,3896.80126953125,8423.216796875,1426.6847826087,3927.28260869565,8397.66304347826
28,train,2008-01-01,3652.0,11814448.0,32526470.0,17144982.0,1377.39514160156,3792.0498046875,8536.3125,1388.16304347826,3821.63043478261,8511.91304347826
29,train,1998-01-01,0.0,0.0,0.0,0.0,0.0,0.0,0.0,,,
29,train,1998-04-01,90.0,0.0,0.0,0.0,0.0,0.0,0.0,0.0,0.0,0.0
29,train,1998-07-01,181.0,0.0,0.0,0.0,0.0,0.0,0.0,0.0,0.0,0.0
29,train,1998-10-01,273.0,0.0,0.0,0.0,0.0,0.0,0.0,0.0,0.0,0.0
29,train,1999-01-01,365.0,518325.5,1426714.875,0.0,5633.97265625,15507.76953125,0.0,5633.97282608696,15507.7703804348,0.0
29,train,1999-04-01,455.0,1017777.4375,2801479.25,0.0,5549.4658203125,15275.16015625,0.0,5549.46597222222,15275.1597222222,0.0
29,train,1999-07-01,546.0,1528225.75,4206512.0,31.7908477783203,5608.71826171875,15438.255859375,2.01300239562988,5609.32211538462,15439.9203296703,0.349349975585937
29,train,1999-10-01,638.0,2040141.125,5615582.5,6855.27392578125,5547.27880859375,15269.140625,121.010772705078,5564.29755434783,15315.9836956522,74.1682943261188
29,train,2000-01-01,730.0,2549259.75,7016955.0,23899.9453125,5509.2890625,15164.5712890625,253.008605957031,5533.89809782609,15232.3097826087,185.268167246943
29,train,2000-04-01,821.0,3048160.25,8390201.0,70419.921875,5418.7900390625,14915.46875,686.3583984375,5482.42307692308,15090.6153846154,511.208533653846
29,train,2000-07-01,912.0,3533531.5,9726208.0,156138.78125,5277.46484375,14526.4658203125,1096.89465332031,5333.75,14681.3956043956,941.965487637363
29,train,2000-10-01,1004.0,4017489.0,11058324.0,282167.75,5190.3779296875,14286.75390625,1562.64501953125,5260.40760869565,14479.5217391304,1369.8800951087
29,train,2001-01-01,1096.0,4498108.0,12381249.0,455381.0625,5162.91552734375,14211.1630859375,2051.21240234375,5224.11956521739,14379.6195652174,1882.75339673913
29,train,2001-04-01,1186.0,4968844.5,13676974.0,670355.75,5176.4970703125,14248.5458984375,2537.00463867188,5230.40555555556,14396.9444444444,2388.60763888889
29,train,2001-07-01,1277.0,5439902.5,14973582.0,925978.4375,5121.5703125,14097.3583984375,2960.12377929688,5176.46153846154,14248.4395604396,2809.04052197802
29,train,2001-10-01,1369.0,5906803.5,16258749.0,1218768.0,5023.345703125,13826.990234375,3324.712890625,5075.01086956522,13969.2065217391,3182.49524456522
29,train,2002-01-01,1461.0,6363457.5,17517748.0,1550390.625,4906.91064453125,13532.0546875,3757.29907226563,4963.63043478261,13684.7717391304,3604.59375
29,train,2002-04-01,1551.0,6795602.5,18711050.0,1919156.375,4720.78955078125,13053.4130859375,4302.89697265625,4801.61111111111,13258.9111111111,4097.39722222222
29,train,2002-07-01,1642.0,7208478.5,19851222.0,2357821.0,4414.5224609375,12167.84765625,5109.39501953125,4537.0989010989,12529.3626373626,4820.49038461538
29,train,2002-10-01,1734.0,7602153.5,20935414.0,2867648.5,4174.18896484375,11493.5361328125,5771.3154296875,4279.07608695652,11784.6956521739,5541.60326086957
29,train,2003-01-01,1826.0,7973132.5,21956844.0,3424137.5,3940.08422851562,10848.3486328125,6169.443359375,4032.38043478261,11102.5,6048.79347826087
29,train,2003-04-01,1916.0,8314314.5,22896246.0,3991655.75,3725.33837890625,10257.412109375,6421.3173828125,3790.91111111111,10437.8,6305.75833333333
29,train,2003-07-01,2007.0,8635961.0,23781886.0,4562311.0,3476.40869140625,9572.1904296875,6354.50634765625,3534.57692307692,9732.30769230769,6270.93681318681
29,train,2003-10-01,2099.0,8941249.0,24622382.0,5133915.5,3279.16040039063,9027.134765625,6273.6123046875,3318.34782608696,9135.82608695652,6213.09239130435
29,train,2004-01-01,2191.0,9231803.0,25422168.0,5712941.0,3127.01049804688,8606.73828125,6341.29248046875,3158.19565217391,8693.32608695652,6293.75543478261
29,train,2004-04-01,2282.0,9505766.0,26175974.0,6294440.0,2985.60327148438,8214.4228515625,6429.4326171875,3010.58241758242,8283.58241758242,6390.0989010989
29,train,2004-07-01,2373.0,9767207.0,26894804.0,6884684.5,2847.7861328125,7827.28955078125,6530.677734375,2872.97802197802,7899.23076923077,6486.2032967033
29,train,2004-10-01,2465.0,10018154.0,27584354.0,7493235.5,2705.06079101563,7434.2060546875,6657.81787109375,2727.6847826087,7495.10869565217,6614.6847826087
29,train,2005-01-01,2557.0,10256036.0,28238442.0,8115703.5,2568.65625,7063.962890625,6795.8193359375,2585.67391304348,7109.65217391304,6765.95652173913
29,train,2005-04-01,2647.0,10475172.0,28841198.0,8737469.0,2418.10668945313,6651.8896484375,6936.88671875,2434.84444444444,6697.28888888889,6908.50555555556
29,train,2005-07-01,2738.0,10680438.0,29405896.0,9378391.0,2239.93505859375,6162.4365234375,7067.89794921875,2255.67032967033,6205.47252747253,7043.0989010989
29,train,2005-10-01,2830.0,10873512.0,29937068.0,10037990.0,2083.34643554688,5731.70947265625,7191.923828125,2098.63043478261,5773.60869565217,7169.55434782609
29,train,2006-01-01,2922.0,11056180.0,30439638.0,10707368.0,1964.28918457031,5404.6357421875,7305.0546875,1985.52173913043,5462.71739130435,7275.84782608696
29,train,2006-04-01,3012.0,11226131.0,30907408.0,11372624.0,1872.04260253906,5153.16796875,7412.39794921875,1888.34444444444,5197.44444444444,7391.73333333333
29,train,2006-07-01,3103.0,11391570.0,31362908.0,12055758.0,1800.9111328125,4958.6591796875,7528.83251953125,1818.01098901099,5005.49450549451,7506.96703296703
29,train,2006-10-01,3195.0,11553755.0,31809442.0,12756861.0,1746.33142089844,4807.98876953125,7645.046875,1762.88043478261,4853.63043478261,7620.6847826087
29,train,2007-01-01,3287.0,11711309.0,32243214.0,13467782.0,1692.22509765625,4658.43359375,7762.82568359375,1712.54347826087,4714.91304347826,7727.40217391304
29,train,2007-04-01,3377.0,11861365.0,32656078.0,14173046.0,1651.59973144531,4543.28125,7870.771484375,1667.28888888889,4587.37777777778,7836.26666666667
29,train,2007-07-01,3468.0,12009321.0,33063124.0,14898048.0,1614.75634765625,4442.6298828125,7992.50927734375,1625.89010989011,4473.03296703297,7967.05494505495
29,train,2007-10-01,3560.0,12155389.0,33465094.0,15642230.0,1575.68884277344,4336.4697265625,8117.8701171875,1587.69565217391,4369.23913043478,8088.9347826087
29,train,2008-01-01,3652.0,12297433.0,33856048.0,16398731.0,1531.02893066406,4214.0400390625,8254.697265625,1543.95652173913,4249.5,8222.83695652174
30,train,1998-01-01,0.0,0.0,0.0,0.0,0.0,0.0,0.0,,,
30,train,1998-04-01,90.0,0.0,0.0,0.0,0.0,0.0,0.0,0.0,0.0,0.0
30,train,1998-07-01,181.0,0.0,0.0,0.0,0.0,0.0,0.0,0.0,0.0,0.0
30,train,1998-10-01,273.0,0.0,0.0,0.0,0.0,0.0,0.0,0.0,0.0,0.0
30,train,1999-01-01,365.0,518325.5,1426714.875,0.0,5633.97265625,15507.76953125,0.0,5633.97282608696,15507.7703804348,0.0
30,train,1999-04-01,455.0,1017777.4375,2801479.25,0.0,5549.4658203125,15275.16015625,0.0,5549.46597222222,15275.1597222222,0.0
30,train,1999-07-01,546.0,1528220.75,4206498.0,45.5657997131348,5608.75634765625,15438.3603515625,1.90909993648529,5609.26717032967,15439.7664835165,0.500723073770712
30,train,1999-10-01,638.0,2040731.375,5617207.5,5230.35302734375,5552.0224609375,15282.197265625,107.953720092773,5570.76766304348,15333.7989130435,56.3563829090284
30,train,2000-01-01,730.0,2550620.0,7020699.0,20155.94140625,5522.4326171875,15200.7509765625,216.828948974609,5542.26766304348,15255.3423913043,162.234656292459
30,train,2000-04-01,821.0,3051492.75,8399374.0,61246.9453125,5444.69482421875,14986.7734375,615.053161621094,5504.09615384615,15150.2747252747,451.549493475275
30,train,2000-07-01,912.0,3539138.75,9741643.0,140704.1875,5302.466796875,14595.28515625,1028.07507324219,5358.74725274725,14750.2087912088,873.156507554945
30,train,2000-10-01,1004.0,4025320.0,11079879.0,260613.015625,5224.234375,14379.9462890625,1469.45251464844,5284.57880434783,14546.0434782609,1303.35682744565
30,train,2001-01-01,1096.0,4509234.0,12411874.0,424755.90625,5198.37646484375,14308.7705078125,1953.60473632813,5259.9347826087,14478.2065217391,1784.16185461957
30,train,2001-04-01,1186.0,4983337.5,13716866.0,630464.0625,5211.2802734375,14344.2890625,2441.26147460938,5267.81666666667,14499.9111111111,2285.64618055556
30,train,2001-07-01,1277.0,5457971.5,15023319.0,876241.9375,5164.828125,14216.427734375,2841.0537109375,5215.75824175824,14356.6263736264,2700.85576923077
30,train,2001-10-01,1369.0,5929154.5,16320271.0,1157245.875,5072.345703125,13961.8662109375,3189.83715820313,5121.55434782609,14097.3043478261,3054.390625
30,train,2002-01-01,1461.0,6391956.0,17594154.0,1473984.625,4981.88916015625,13712.87890625,3576.47485351563,5030.45108695652,13846.5543478261,3442.8125
30,train,2002-04-01,1551.0,6833451.0,18809388.0,1820816.875,4841.7138671875,13327.041015625,4029.26879882813,4905.5,13502.6,3853.69166666667
30,train,2002-07-01,1642.0,7262147.0,19989394.0,2224013.5,4601.47998046875,12665.78515625,4732.03955078125,4710.94505494505,12967.0989010989,4430.73214285714
30,train,2002-10-01,1734.0,7670550.5,21113544.0,2708556.25,4340.974609375,11948.7333984375,5537.05859375,4439.16847826087,12219.0217391304,5266.76902173913
30,train,2003-01-01,1826.0,8057057.5,22177422.0,3245947.25,4128.107421875,11362.8056640625,6042.28759765625,4201.16304347826,11563.8913043478,5841.20652173913
30,train,2003-04-01,1916.0,8409129.0,23146514.0,3798108.5,3866.96728515625,10644.005859375,6258.81201171875,3911.90555555556,10767.6888888889,6135.125
30,train,2003-07-01,2007.0,8741263.0,24060730.0,4357589.5,3619.58984375,9963.087890625,6231.38037109375,3649.82417582418,10046.3296703297,6148.14285714286
30,train,2003-10-01,2099.0,9059692.0,24937220.0,4919847.0,3433.923828125,9452.0341796875,6186.52490234375,3461.1847826087,9527.0652173913,6111.49456521739
30,train,2004-01-01,2191.0,9364946.0,25777992.0,5491966.5,3292.56176757813,9074.1826171875,6283.34375,3317.97826086957,9138.82608695652,6218.6902173913
30,train,2004-04-01,2282.0,9654542.0,26576018.0,6069124.5,3163.85888671875,8719.4306640625,6392.46923828125,3182.37362637363,8769.51648351648,6342.3956043956
30,train,2004-07-01,2373.0,9932120.0,27340862.0,6656832.5,3029.52734375,8353.08203125,6510.1240234375,3050.30769230769,8404.87912087912,6458.32967032967
30,train,2004-10-01,2465.0,10199490.0,28077540.0,7264102.5,2883.61450195313,7952.91259765625,6655.2294921875,2906.19565217391,8007.36956521739,6600.76086956522
30,train,2005-01-01,2557.0,10453243.0,28776120.0,7887277.5,2741.76416015625,7553.7294921875,6813.17626953125,2758.1847826087,7593.26086956522,6773.64130434783
30,train,2005-04-01,2647.0,10687630.0,29420982.0,8510925.0,2589.60522460938,7130.95751953125,6963.56982421875,2604.3,7165.13333333333,6929.41666666667
30,train,2005-07-01,2738.0,10908246.0,30028428.0,9154380.0,2411.36108398438,6644.2421875,7101.9462890625,2424.35164835165,6675.23076923077,7070.93406593407
30,train,2005-10-01,2830.0,11116610.0,30602376.0,9817579.0,2252.28002929688,6207.74755859375,7239.49072265625,2264.82608695652,6238.5652173913,7208.6847826087
30,train,2006-01-01,2922.0,11313964.0,31145968.0,10492764.0,2133.17651367188,5878.17333984375,7369.40673828125,2145.15217391304,5908.60869565217,7338.96739130435
30,train,2006-04-01,3012.0,11499046.0,31656340.0,11164949.0,2041.75427246094,5637.94580078125,7501.5791015625,2056.46666666667,5670.8,7468.72222222222
30,train,2006-07-01,3103.0,11679651.0,32154660.0,11857668.0,1966.12634277344,5421.4287109375,7637.7041015625,1984.67032967033,5476.04395604396,7612.2967032967
30,train,2006-10-01,3195.0,11856369.0,32641546.0,12568971.0,1902.47387695313,5240.83349609375,7755.6083984375,1920.84782608696,5292.23913043478,7731.55434782609
30,train,2007-01-01,3287.0,12027158.0,33111974.0,13290566.0,1838.03234863281,5062.62744140625,7868.0234375,1856.40217391304,5113.34782608696,7843.42391304348
30,train,2007-04-01,3377.0,12188741.0,33556980.0,14005664.0,1778.22790527344,4897.13427734375,7970.248046875,1795.36666666667,4944.51111111111,7945.53333333333
30,train,2007-07-01,3468.0,12346958.0,33992584.0,14739744.0,1723.74304199219,4745.0537109375,8093.53955078125,1738.64835164835,4786.85714285714,8066.81318681319
30,train,2007-10-01,3560.0,12502725.0,34421144.0,15492807.0,1681.3046875,4625.16943359375,8211.2802734375,1693.11956521739,4658.26086956522,8185.46739130435
30,train,2008-01-01,3652.0,12654709.0,34839324.0,16256714.0,1640.44970703125,4514.13818359375,8329.349609375,1652.0,4545.4347826087,8303.33695652174
31,train,1998-01-01,0.0,0.0,0.0,0.0,0.0,0.0,0.0,,,
31,train,1998-04-01,90.0,0.0,0.0,0.0,0.0,0.0,0.0,0.0,0.0,0.0
31,train,1998-07-01,181.0,0.0,0.0,0.0,0.0,0.0,0.0,0.0,0.0,0.0
31,train,1998-10-01,273.0,0.0,0.0,0.0,0.0,0.0,0.0,0.0,0.0,0.0
31,train,1999-01-01,365.0,518325.5,1426714.875,0.0,5633.97265625,15507.76953125,0.0,5633.97282608696,15507.7703804348,0.0
31,train,1999-04-01,455.0,1017777.4375,2801479.25,0.0,5549.4658203125,15275.16015625,0.0,5549.46597222222,15275.1597222222,0.0
31,train,1999-07-01,546.0,1528237.375,4206543.5,0.0,5609.44970703125,15440.26953125,0.0,5609.44986263736,15440.2664835165,0.0
31,train,1999-10-01,638.0,2042625.75,5622421.5,16.0341339111328,5591.06640625,15389.66796875,0.482842087745667,5591.17798913043,15389.9782608696,0.174284064251443
31,train,2000-01-01,730.0,2557203.25,7038820.0,2034.87072753906,5582.0322265625,15364.80078125,52.7789039611816,5593.23369565217,15395.6358695652,21.9438760176949
31,train,2000-04-01,821.0,3069411.75,8448697.0,11924.19140625,5621.09228515625,15472.3154296875,129.512298583984,5628.66483516484,15493.1538461538,108.673853612208
31,train,2000-07-01,912.0,3579904.5,9853852.0,28494.671875,5593.818359375,15397.2431640625,226.116622924805,5609.81043956044,15441.2637362637,182.093191964286
31,train,2000-10-01,1004.0,4095931.25,11274240.0,66251.9140625,5571.6484375,15336.2197265625,513.179077148438,5608.98641304348,15439.0,410.40480638587
31,train,2001-01-01,1096.0,4613766.0,12699604.0,137026.515625,5581.71484375,15363.927734375,898.447814941406,5628.63858695652,15493.0869565217,769.289147418478
31,train,2001-04-01,1186.0,5124430.5,14105232.0,242098.171875,5628.8203125,15493.5869140625,1291.96374511719,5674.05,15618.0888888889,1167.46284722222
31,train,2001-07-01,1277.0,5636568.5,15514914.0,384646.5625,5581.51513671875,15363.3779296875,1694.10424804688,5627.89010989011,15491.010989011,1566.46583104396
31,train,2001-10-01,1369.0,6145975.5,16917082.0,560436.0,5489.5419921875,15110.216796875,2041.48583984375,5537.03260869565,15240.9565217391,1910.75475543478
31,train,2002-01-01,1461.0,6648809.5,18301154.0,766983.3125,5421.0146484375,14921.59375,2367.7607421875,5465.58695652174,15044.2608695652,2245.07948369565
31,train,2002-04-01,1551.0,7133706.5,19635856.0,994349.5625,5349.966796875,14726.029296875,2630.27978515625,5387.74444444444,14830.0222222222,2526.29166666667
31,train,2002-07-01,1642.0,7617120.0,20966474.0,1246933.375,5276.14306640625,14522.8271484375,2874.99780273438,5312.23626373626,14622.1758241758,2775.64629120879
31,train,2002-10-01,1734.0,8100076.0,22295832.0,1526268.125,5215.84765625,14356.861328125,3128.93041992188,5249.52173913043,14449.5434782609,3036.2472826087
31,train,2003-01-01,1826.0,8571917.0,23594596.0,1828773.375,5097.77001953125,14031.8466796875,3373.24584960938,5128.70652173913,14117.0,3288.10054347826
31,train,2003-04-01,1916.0,9010488.0,24801784.0,2142839.5,4841.43505859375,13326.2734375,3576.544921875,4873.01111111111,13413.2,3489.62361111111
31,train,2003-07-01,2007.0,9425519.0,25944176.0,2474143.75,4530.8720703125,12471.4345703125,3723.03369140625,4560.78021978022,12553.7582417582,3640.70604395604
31,train,2003-10-01,2099.0,9821485.0,27034090.0,2822976.75,4273.3583984375,11762.6162109375,3875.94287109375,4303.97826086957,11846.8913043478,3791.66304347826
31,train,2004-01-01,2191.0,10199506.0,28074612.0,3195348.0,4070.02880859375,11202.9423828125,4154.583984375,4108.92391304348,11310.0217391304,4047.51358695652
31,train,2004-04-01,2282.0,10554367.0,29051380.0,3593761.5,3857.77270507813,10618.697265625,4493.20263671875,3899.57142857143,10733.7142857143,4378.17032967033
31,train,2004-07-01,2373.0,10891293.0,29978786.0,4018908.25,3665.13061523438,10088.44140625,4774.76513671875,3702.48351648352,10191.2747252747,4671.94230769231
31,train,2004-10-01,2465.0,11215270.0,30870548.0,4471094.5,3493.84985351563,9616.982421875,4991.1591796875,3521.48913043478,9693.0652173913,4915.06793478261
31,train,2005-01-01,2557.0,11523884.0,31720022.0,4943376.0,3338.88549804687,9190.4365234375,5176.4697265625,3354.5,9233.41304347826,5133.49456521739
31,train,2005-04-01,2647.0,11811670.0,32512166.0,5419739.5,3177.65161132813,8746.6328125,5347.89453125,3197.62222222222,8801.6,5292.92777777778
31,train,2005-07-01,2738.0,12085694.0,33266430.0,5916379.5,2997.0244140625,8249.4482421875,5496.7412109375,3011.25274725275,8288.61538461538,5457.58241758242
31,train,2005-10-01,2830.0,12348459.0,33989704.0,6430251.0,2840.25268554688,7817.92626953125,5629.3115234375,2856.14130434783,7861.67391304348,5585.5597826087
31,train,2006-01-01,2922.0,12600466.0,34683364.0,6955369.5,2726.85131835938,7505.78369140625,5741.7958984375,2739.20652173913,7539.78260869565,5707.8097826087
31,train,2006-04-01,3012.0,12840213.0,35343280.0,7478010.5,2650.85498046875,7296.6005859375,5842.9248046875,2663.85555555556,7332.4,5807.12222222222
31,train,2006-07-01,3103.0,13078003.0,35997804.0,8017180.0,2600.36010742188,7157.61083984375,5959.93408203125,2613.07692307692,7192.57142857143,5924.93956043956
31,train,2006-10-01,3195.0,13314562.0,36648944.0,8573329.0,2559.6005859375,7045.41845703125,6077.28564453125,2571.29347826087,7077.60869565217,6045.09782608696
31,train,2007-01-01,3287.0,13546613.0,37287676.0,9140155.0,2512.97021484375,6917.06591796875,6186.82275390625,2522.29347826087,6942.73913043478,6161.15217391304
31,train,2007-04-01,3377.0,13769413.0,37900944.0,9703731.0,2466.24462890625,6788.4521484375,6287.57958984375,2475.55555555556,6814.08888888889,6261.95555555556
31,train,2007-07-01,3468.0,13990502.0,38509504.0,10284070.0,2420.04296875,6661.27978515625,6403.51806640625,2429.54945054945,6687.47252747253,6377.35164835165
31,train,2007-10-01,3560.0,14209740.0,39112964.0,10881110.0,2373.53344726563,6533.259765625,6515.673828125,2383.02173913043,6559.34782608696,6489.5652173913
31,train,2008-01-01,3652.0,14424615.0,39704420.0,11488329.0,2326.11352539063,6402.73486328125,6626.3291015625,2335.59782608696,6428.86956521739,6600.20652173913
32,train,1998-01-01,0.0,0.0,0.0,0.0,0.0,0.0,0.0,,,
32,train,1998-04-01,90.0,0.0,0.0,0.0,0.0,0.0,0.0,0.0,0.0,0.0
32,train,1998-07-01,181.0,0.0,0.0,0.0,0.0,0.0,0.0,0.0,0.0,0.0
32,train,1998-10-01,273.0,0.0,0.0,0.0,0.0,0.0,0.0,0.0,0.0,0.0
32,train,1999-01-01,365.0,518325.5,1426714.875,0.0,5633.97265625,15507.76953125,0.0,5633.97282608696,15507.7703804348,0.0
32,train,1999-04-01,455.0,1017777.4375,2801479.25,0.0,5549.4658203125,15275.16015625,0.0,5549.46597222222,15275.1597222222,0.0
32,train,1999-07-01,546.0,1528237.125,4206543.0,0.710991382598877,5609.43896484375,15440.23828125,0.0303719360381365,5609.44711538462,15440.260989011,0.00781309211647118
32,train,1999-10-01,638.0,2042446.625,5621928.5,509.062103271484,5583.5341796875,15368.935546875,21.2156715393066,5589.23369565217,15384.625,5.52555556400962
32,train,2000-01-01,730.0,2554949.0,7032615.0,8240.142578125,5558.7470703125,15300.70703125,116.872756958008,5570.67798913043,15333.5489130435,84.0334834223208
32,train,2000-04-01,821.0,3065174.25,8437033.0,23587.8125,5588.64453125,15383.001953125,218.82551574707,5606.87087912088,15433.1648351648,168.655713427198
32,train,2000-07-01,912.0,3568070.75,9821279.0,61067.68359375,5481.11083984375,15087.009765625,536.350036621094,5526.33516483516,15211.4945054945,411.866715315934
32,train,2000-10-01,1004.0,4071344.5,11206564.0,133928.21875,5423.400390625,14928.1591796875,921.239318847656,5470.36684782609,15057.4456521739,791.962338654891
32,train,2001-01-01,1096.0,4574888.5,12592591.0,244039.109375,5424.3408203125,14930.748046875,1331.62707519531,5473.30434782609,15065.5108695652,1196.85750679348
32,train,2001-04-01,1186.0,5069632.0,13954396.0,392933.59375,5437.76318359375,14967.693359375,1817.85729980469,5497.15,15131.1666666667,1654.38315972222
32,train,2001-07-01,1277.0,5564808.0,15317390.0,582170.625,5387.9619140625,14830.6142578125,2226.86791992188,5441.49450549451,14977.956043956,2079.52781593407
32,train,2001-10-01,1369.0,6057330.0,16673080.0,804437.125,5306.39111328125,14606.0869140625,2545.6162109375,5353.5,14735.7608695652,2415.9402173913
32,train,2002-01-01,1461.0,6543789.0,18012082.0,1056056.5,5242.89013671875,14431.2958984375,2858.0576171875,5287.59782608696,14554.3695652174,2734.99320652174
32,train,2002-04-01,1551.0,7012216.0,19301448.0,1328758.375,5163.74560546875,14213.447265625,3142.86206054688,5204.74444444444,14326.2888888889,3030.02083333333
32,train,2002-07-01,1642.0,7477517.0,20582210.0,1631197.125,5074.57080078125,13967.990234375,3429.83471679688,5113.1978021978,14074.3076923077,3323.50274725275
32,train,2002-10-01,1734.0,7940092.0,21855468.0,1966632.0,4980.44970703125,13708.91796875,3776.87426757813,5027.98913043478,13839.7608695652,3646.03125
32,train,2003-01-01,1826.0,8387136.0,23085978.0,2337391.0,4798.4423828125,13207.93359375,4197.1591796875,4859.17391304348,13375.1086956522,4029.98913043478
32,train,2003-04-01,1916.0,8792214.0,24200974.0,2743648.25,4425.75927734375,12182.10546875,4720.7119140625,4500.86666666667,12388.8444444444,4513.96944444444
32,train,2003-07-01,2007.0,9166655.0,25231640.0,3186679.5,4056.38061523438,11165.3740234375,5029.09375,4114.73626373626,11326.0,4868.47527472528
32,train,2003-10-01,2099.0,9520804.0,26206454.0,3650614.0,3806.19897460938,10476.73828125,5161.82080078125,3849.44565217391,10595.8043478261,5042.76630434783
32,train,2004-01-01,2191.0,9858370.0,27135620.0,4134340.0,3639.14575195313,10016.9169921875,5340.609375,3669.19565217391,10099.6304347826,5257.89130434783
32,train,2004-04-01,2282.0,10178069.0,28015606.0,4629537.0,3489.14038085938,9604.01953125,5507.88037109375,3513.17582417582,9670.17582417582,5441.72527472528
32,train,2004-07-01,2373.0,10484295.0,28858504.0,5139190.0,3343.70727539063,9203.7080078125,5659.49755859375,3365.12087912088,9262.61538461538,5600.58241758242
32,train,2004-10-01,2465.0,10780782.0,29674600.0,5667044.0,3203.11987304688,8816.7353515625,5791.40673828125,3222.6847826087,8870.60869565217,5737.54347826087
32,train,2005-01-01,2557.0,11064673.0,30456128.0,6207270.5,3066.25830078125,8446.3671875,5920.5390625,3085.77173913043,8494.86956521739,5872.02717391304
32,train,2005-04-01,2647.0,11328893.0,31183766.0,6748140.0,2920.63232421875,8047.02001953125,6047.5068359375,2935.77777777778,8084.86666666667,6009.66111111111
32,train,2005-07-01,2738.0,11580492.0,31876766.0,7306044.0,2752.4599609375,7584.34912109375,6161.83984375,2764.82417582418,7615.38461538462,6130.81318681319
32,train,2005-10-01,2830.0,11820947.0,32538900.0,7881054.0,2604.87426757813,7173.9990234375,6273.23876953125,2613.64130434783,7197.10869565217,6250.10869565217
32,train,2006-01-01,2922.0,12051238.0,33172500.0,8466232.0,2494.20849609375,6862.0751953125,6385.5048828125,2503.16304347826,6886.95652173913,6360.63043478261
32,train,2006-04-01,3012.0,12269736.0,33773132.0,9048156.0,2413.80126953125,6639.2275390625,6500.29736328125,2427.75555555556,6673.68888888889,6465.82222222222
32,train,2006-07-01,3103.0,12484894.0,34365264.0,9649723.0,2353.10522460938,6476.4326171875,6641.11279296875,2364.37362637363,6506.94505494505,6610.62637362637
32,train,2006-10-01,3195.0,12697934.0,34951652.0,10270624.0,2304.39624023438,6342.8798828125,6779.82421875,2315.65217391304,6373.78260869565,6748.92391304348
32,train,2007-01-01,3287.0,12906019.0,35524548.0,10903286.0,2249.96411132813,6196.0107421875,6907.87841796875,2261.79347826087,6227.13043478261,6876.76086956522
32,train,2007-04-01,3377.0,13104925.0,36072228.0,11532449.0,2197.97680664063,6056.2451171875,7019.787109375,2210.06666666667,6085.33333333333,6990.7
32,train,2007-07-01,3468.0,13301497.0,36613760.0,12179812.0,2147.95336914063,5921.2646484375,7143.533203125,2160.13186813187,5950.9010989011,7113.87912087912
32,train,2007-10-01,3560.0,13495621.0,37148764.0,12845310.0,2098.43994140625,5786.3779296875,7262.5556640625,2110.04347826087,5815.26086956522,7233.67391304348
32,train,2008-01-01,3652.0,13685298.0,37671484.0,13521265.0,2050.7294921875,5653.9599609375,7375.10400390625,2061.70652173913,5681.73913043478,7347.33695652174
33,train,1998-01-01,0.0,0.0,0.0,0.0,0.0,0.0,0.0,,,
33,train,1998-04-01,90.0,0.0,0.0,0.0,0.0,0.0,0.0,0.0,0.0,0.0
33,train,1998-07-01,181.0,0.0,0.0,0.0,0.0,0.0,0.0,0.0,0.0,0.0
33,train,1998-10-01,273.0,0.0,0.0,0.0,0.0,0.0,0.0,0.0,0.0,0.0
33,train,1999-01-01,365.0,518325.5,1426714.875,0.0,5633.97265625,15507.76953125,0.0,5633.97282608696,15507.7703804348,0.0
33,train,1999-04-01,455.0,1017777.4375,2801479.25,0.0,5549.4658203125,15275.16015625,0.0,5549.46597222222,15275.1597222222,0.0
33,train,1999-07-01,546.0,1527477.25,4204451.5,2092.3173828125,5580.6884765625,15361.1025390625,79.1661529541016,5601.09684065934,15417.2774725275,22.9924987122253
33,train,1999-10-01,638.0,2037007.5,5606957.0,15480.7197265625,5521.123046875,15197.1455078125,193.005615234375,5538.3722826087,15244.625,145.526112432065
33,train,2000-01-01,730.0,2537819.5,6985465.0,55390.078125,5369.36328125,14779.419921875,638.160278320313,5443.60869565217,14983.7826086957,433.79737389606
33,train,2000-04-01,821.0,3021871.0,8317839.5,142782.03125,5256.54296875,14468.876953125,1132.95056152344,5319.24725274725,14641.478021978,960.351133241758
33,train,2000-07-01,912.0,3491880.25,9611561.0,270785.84375,5087.16162109375,14002.646484375,1620.71337890625,5164.93681318681,14216.7197802198,1406.6353021978
33,train,2000-10-01,1004.0,3958084.75,10894811.0,445681.0,5000.67822265625,13764.5966796875,2084.8017578125,5067.4402173913,13948.3695652174,1901.03430706522
33,train,2001-01-01,1096.0,4420831.5,12168542.0,668088.25,4968.57470703125,13676.23046875,2586.14453125,5029.85597826087,13844.902173913,2417.47010869565
33,train,2001-04-01,1186.0,4870732.5,13409674.0,937655.4375,4935.337890625,13627.482421875,3158.06884765625,4998.9,13790.3555555556,2995.19097222222
33,train,2001-07-01,1277.0,5314060.5,14636225.0,1256555.125,4771.7470703125,13146.572265625,3692.8056640625,4871.73626373626,13478.5824175824,3504.39217032967
33,train,2001-10-01,1369.0,5740543.5,15809698.0,1630951.625,4525.54345703125,12455.380859375,4323.09033203125,4635.6847826087,12755.1413043478,4069.52717391304
33,train,2002-01-01,1461.0,6138551.0,16905406.0,2081782.875,4179.98583984375,11508.3828125,5233.56298828125,4326.16847826087,11909.8695652174,4900.33967391304
33,train,2002-04-01,1551.0,6501281.0,17904132.0,2587667.0,3923.74877929688,10803.66796875,5837.99267578125,4030.33333333333,11096.9555555556,5620.93472222222
33,train,2002-07-01,1642.0,6846369.5,18854308.0,3144787.5,3683.9345703125,10143.708984375,6272.16552734375,3792.18131868132,10441.4945054945,6122.2032967033
33,train,2002-10-01,1734.0,7175406.5,19760236.0,3737190.5,3501.35131835938,9639.37109375,6565.12939453125,3576.48913043478,9847.04347826087,6439.16304347826
33,train,2003-01-01,1826.0,7489115.0,20623838.0,4355395.0,3359.59423828125,9248.51171875,6804.44873046875,3409.875,9386.97826086957,6719.61413043478
33,train,2003-04-01,1916.0,7783438.5,21433890.0,4981795.5,3225.22827148438,8875.7861328125,7034.939453125,3270.26111111111,9000.57777777778,6960.00555555556
33,train,2003-07-01,2007.0,8062006.5,22200116.0,5604375.0,3025.28881835938,8317.7421875,6903.2626953125,3061.18681318681,8420.06593406593,6841.53296703297
33,train,2003-10-01,2099.0,8326496.0,22927032.0,6226363.0,2845.119140625,7820.82421875,6815.85986328125,2874.88586956522,7901.26086956522,6760.73913043478
33,train,2004-01-01,2191.0,8577477.0,23617242.0,6855738.0,2697.02124023438,7418.7353515625,6895.45068359375,2728.05434782609,7502.28260869565,6841.03260869565
33,train,2004-04-01,2282.0,8812075.0,24262690.0,7488794.5,2550.96484375,7019.0537109375,7001.7314453125,2578.0,7092.83516483516,6956.66483516484
33,train,2004-07-01,2373.0,9033376.0,24871628.0,8131535.5,2404.37768554688,6616.30419921875,7106.41748046875,2431.87912087912,6691.62637362637,7063.08791208791
33,train,2004-10-01,2465.0,9243393.0,25449526.0,8791831.0,2250.95971679688,6193.81689453125,7226.02880859375,2282.79347826087,6281.5,7177.125
33,train,2005-01-01,2557.0,9437685.0,25984206.0,9470743.0,2074.39453125,5709.08544921875,7455.9345703125,2111.86956521739,5811.73913043478,7379.47826086957
33,train,2005-04-01,2647.0,9610983.0,26461214.0,10155113.0,1896.74487304688,5221.150390625,7658.998046875,1925.53333333333,5300.08888888889,7604.11111111111
33,train,2005-07-01,2738.0,9768690.0,26895356.0,10862407.0,1707.63549804688,4701.11767578125,7819.02587890625,1733.04395604396,4770.79120879121,7772.46153846154
33,train,2005-10-01,2830.0,9913547.0,27293836.0,11592213.0,1559.72937011719,4289.81689453125,7968.0634765625,1574.53260869565,4331.30434782609,7932.67391304348
33,train,2006-01-01,2922.0,10048422.0,27664822.0,12335773.0,1452.08166503906,3994.35302734375,8115.42431640625,1466.03260869565,4032.45652173913,8082.17391304348
33,train,2006-04-01,3012.0,10173735.0,28009590.0,13074960.0,1380.97436523438,3799.80908203125,8239.7060546875,1392.36666666667,3830.75555555556,8213.18888888889
33,train,2006-07-01,3103.0,10296595.0,28347722.0,13833214.0,1338.23937988281,3683.31201171875,8358.6240234375,1350.10989010989,3715.73626373626,8332.46153846154
33,train,2006-10-01,3195.0,10418118.0,28682244.0,14609930.0,1308.28796386719,3601.58837890625,8470.0185546875,1320.90217391304,3636.10869565217,8442.5652173913
33,train,2007-01-01,3287.0,10536581.0,29008386.0,15396642.0,1277.79431152344,3517.97680664063,8572.1142578125,1287.64130434783,3545.02173913043,8551.21739130435
33,train,2007-04-01,3377.0,10649677.0,29319774.0,16174225.0,1247.18774414063,3433.93798828125,8659.1171875,1256.62222222222,3459.86666666667,8639.81111111111
33,train,2007-07-01,3468.0,10761161.0,29626768.0,16969574.0,1215.57556152344,3347.4375,8759.2099609375,1225.0989010989,3373.56043956044,8740.0989010989
33,train,2007-10-01,3560.0,10870942.0,29929082.0,17782612.0,1183.90588378906,3260.2626953125,8856.69921875,1193.27173913043,3286.02173913043,8837.36956521739
33,train,2008-01-01,3652.0,10977540.0,30222646.0,18604486.0,1148.28894042969,3162.34765625,8954.6181640625,1158.67391304348,3190.91304347826,8933.41304347826
34,train,1998-01-01,0.0,0.0,0.0,0.0,0.0,0.0,0.0,,,
34,train,1998-04-01,90.0,0.0,0.0,0.0,0.0,0.0,0.0,0.0,0.0,0.0
34,train,1998-07-01,181.0,0.0,0.0,0.0,0.0,0.0,0.0,0.0,0.0,0.0
34,train,1998-10-01,273.0,0.0,0.0,0.0,0.0,0.0,0.0,0.0,0.0,0.0
34,train,1999-01-01,365.0,518325.5,1426714.875,0.0,5633.97265625,15507.76953125,0.0,5633.97282608696,15507.7703804348,0.0
34,train,1999-04-01,455.0,1017777.4375,2801479.25,0.0,5549.4658203125,15275.16015625,0.0,5549.46597222222,15275.1597222222,0.0
34,train,1999-07-01,546.0,1528235.5,4206538.5,5.08536243438721,5609.36474609375,15440.0361328125,0.233375161886215,5609.42925824176,15440.2115384615,0.0558831036745847
34,train,1999-10-01,638.0,2041712.5,5619908.0,2529.83251953125,5563.29931640625,15313.23828125,76.9128723144531,5581.27173913043,15362.7119565217,27.4429038814876
34,train,2000-01-01,730.0,2552760.0,7026589.5,14265.4267578125,5544.9052734375,15262.607421875,154.972427368164,5554.86413043478,15290.0163043478,127.56080693784
34,train,2000-04-01,821.0,3059059.75,8420203.0,40418.31640625,5516.05908203125,15183.20703125,418.620300292969,5563.73351648352,15314.4340659341,287.394391741071
34,train,2000-07-01,912.0,3553648.0,9781580.0,100767.0625,5377.42919921875,14801.6220703125,821.73828125,5435.03571428571,14960.1868131868,663.173033997253
34,train,2000-10-01,1004.0,4047363.5,11140555.0,199937.203125,5316.9482421875,14635.14453125,1214.25427246094,5366.47282608696,14771.4673913043,1077.9363111413
34,train,2001-01-01,1096.0,4539796.5,12495999.0,340630.9375,5290.19091796875,14561.494140625,1700.880859375,5352.53260869565,14733.0869565217,1529.27972146739
34,train,2001-04-01,1186.0,5022247.0,13823967.0,523363.09375,5302.33837890625,14594.931640625,2190.61962890625,5360.56111111111,14755.2,2030.35729166667
34,train,2001-07-01,1277.0,5505331.5,15153679.0,745882.0625,5257.107421875,14470.4306640625,2587.05126953125,5308.62087912088,14612.2197802198,2445.26339285714
34,train,2001-10-01,1369.0,5985585.5,16475601.0,1001916.8125,5172.53662109375,14237.6455078125,2914.05688476563,5220.15217391304,14368.7173913043,2782.98641304348
34,train,2002-01-01,1461.0,6458550.0,17777456.0,1290681.875,5095.32275390625,14025.111328125,3264.24267578125,5140.91847826087,14150.597826087,3138.75067934783
34,train,2002-04-01,1551.0,6912079.0,19025816.0,1604390.125,4998.40966796875,13758.353515625,3597.95654296875,5039.21111111111,13870.6666666667,3485.64722222222
34,train,2002-07-01,1642.0,7359942.5,20258580.0,1954827.125,4863.30517578125,13386.4716796875,4011.35302734375,4921.57692307692,13546.8571428571,3850.95604395604
34,train,2002-10-01,1734.0,7797943.0,21464198.0,2357903.25,4664.14306640625,12838.26953125,4647.52294921875,4760.875,13104.5434782609,4381.26222826087
34,train,2003-01-01,1826.0,8206587.5,22589010.0,2834359.25,4363.4091796875,12010.484375,5394.6083984375,4441.78804347826,12226.2173913043,5178.86956521739
34,train,2003-04-01,1916.0,8576986.0,23608548.0,3336074.25,4053.72045898438,11158.052734375,5744.765625,4115.53888888889,11328.2,5574.61111111111
34,train,2003-07-01,2007.0,8924293.0,24564528.0,3853791.5,3779.64331054688,10403.642578125,5790.82568359375,3816.56043956044,10505.2747252747,5689.20054945055
34,train,2003-10-01,2099.0,9256059.0,25477728.0,4379338.0,3569.10717773438,9824.1318359375,5814.42724609375,3606.15217391304,9926.08695652174,5712.46195652174
34,train,2004-01-01,2191.0,9573004.0,26350136.0,4919824.0,3422.46923828125,9420.50390625,5937.02197265625,3445.05434782609,9482.69565217391,5874.84782608696
34,train,2004-04-01,2282.0,9874269.0,27179914.0,5465228.5,3285.49462890625,9056.740234375,6055.1591796875,3310.6043956044,9118.43956043956,5993.45604395604
34,train,2004-07-01,2373.0,10163318.0,27976444.0,6021250.5,3155.94067382813,8698.890625,6164.3154296875,3176.36263736264,8753.07692307692,6110.13186813187
34,train,2004-10-01,2465.0,10442682.0,28746230.0,6595414.0,3020.38891601563,8326.0927734375,6282.04931640625,3036.5652173913,8367.23913043478,6240.90760869565
34,train,2005-01-01,2557.0,10709475.0,29481422.0,7181976.5,2880.29272460938,7949.2841796875,6417.62158203125,2899.92391304348,7991.21739130435,6375.67934782609
34,train,2005-04-01,2647.0,10957031.0,30163236.0,7768670.5,2733.7841796875,7535.12646484375,6559.400390625,2750.62222222222,7575.71111111111,6518.82222222222
34,train,2005-07-01,2738.0,11191539.0,30808224.0,8374584.0,2559.4189453125,7045.73876953125,6700.4501953125,2577.01098901099,7087.78021978022,6658.39010989011
34,train,2005-10-01,2830.0,11413922.0,31419568.0,9000387.0,2403.25415039063,6615.73486328125,6831.5029296875,2417.20652173913,6645.04347826087,6802.20652173913
34,train,2006-01-01,2922.0,11625132.0,32001118.0,9637613.0,2283.78100585938,6292.70947265625,6954.87060546875,2295.76086956522,6321.19565217391,6926.36956521739
34,train,2006-04-01,3012.0,11823951.0,32548906.0,10272383.0,2196.74047851563,6056.42724609375,7083.09765625,2209.1,6086.53333333333,7053.0
34,train,2006-07-01,3103.0,12019376.0,33087706.0,10927280.0,2134.91186523438,5888.5009765625,7229.0439453125,2147.52747252747,5920.87912087912,7196.67032967033
34,train,2006-10-01,3195.0,12212143.0,33619644.0,11602632.0,2079.60180664063,5746.77294921875,7375.9306640625,2095.29347826087,5781.9347826087,7340.78260869565
34,train,2007-01-01,3287.0,12399399.0,34136324.0,12289857.0,2018.16491699219,5568.41845703125,7499.58642578125,2035.39130434783,5616.08695652174,7469.83695652174
34,train,2007-04-01,3377.0,12577174.0,34626208.0,12971417.0,1958.41979980469,5395.0693359375,7595.4609375,1975.27777777778,5443.15555555556,7572.88888888889
34,train,2007-07-01,3468.0,12751481.0,35106256.0,13670578.0,1898.06335449219,5227.37841796875,7706.79296875,1915.46153846154,5275.25274725275,7683.08791208791
34,train,2007-10-01,3560.0,12922179.0,35576384.0,14387246.0,1839.56884765625,5066.31103515625,7812.673828125,1855.41304347826,5110.08695652174,7789.86956521739
34,train,2008-01-01,3652.0,13087558.0,36031812.0,15113670.0,1782.08947753906,4907.400390625,7920.05419921875,1797.59782608696,4950.30434782609,7895.91304347826
35,train,1998-01-01,0.0,0.0,0.0,0.0,0.0,0.0,0.0,,,
35,train,1998-04-01,90.0,0.0,0.0,0.0,0.0,0.0,0.0,0.0,0.0,0.0
35,train,1998-07-01,181.0,0.0,0.0,0.0,0.0,0.0,0.0,0.0,0.0,0.0
35,train,1998-10-01,273.0,0.0,0.0,0.0,0.0,0.0,0.0,0.0,0.0,0.0
35,train,1999-01-01,365.0,518325.5,1426714.875,0.0,5633.97265625,15507.76953125,0.0,5633.97282608696,15507.7703804348,0.0
35,train,1999-04-01,455.0,1017777.4375,2801479.25,0.0,5549.4658203125,15275.16015625,0.0,5549.46597222222,15275.1597222222,0.0
35,train,1999-07-01,546.0,1528237.375,4206543.5,0.0,5609.44970703125,15440.26953125,0.0,5609.44986263736,15440.2664835165,0.0
35,train,1999-10-01,638.0,2042630.625,5622435.0,2.65799927711487,5591.19921875,15390.0341796875,0.117517456412315,5591.23097826087,15390.125,0.028891296490379
35,train,2000-01-01,730.0,2557052.25,7038404.5,2450.4697265625,5579.205078125,15357.01953125,60.5602684020996,5591.53940217391,15390.972826087,26.6066492096238
35,train,2000-04-01,821.0,3069101.0,8447842.0,12779.1845703125,5619.68701171875,15468.447265625,133.380065917969,5626.90934065934,15488.3241758242,113.50236092033
35,train,2000-07-01,912.0,3579478.75,9852680.0,29666.8203125,5590.78173828125,15388.884765625,234.475341796875,5608.5467032967,15437.7802197802,185.578414749313
35,train,2000-10-01,1004.0,4095169.75,11272144.0,68348.2421875,5563.392578125,15313.494140625,535.904968261719,5605.33695652174,15428.9565217391,420.450237771739
35,train,2001-01-01,1096.0,4612066.5,12694925.0,141704.8125,5573.31884765625,15340.81640625,921.558837890625,5618.44293478261,15465.0108695652,797.35402513587
35,train,2001-04-01,1186.0,5121815.5,14098034.0,249295.921875,5619.3759765625,15467.591796875,1317.95959472656,5663.87777777778,15590.1,1195.45677083333
35,train,2001-07-01,1277.0,5633467.0,15506377.0,393183.46875,5567.65283203125,15325.220703125,1732.2607421875,5622.54395604396,15476.2967032967,1581.18183379121
35,train,2001-10-01,1369.0,6141869.5,16905778.0,571738.6875,5474.359375,15068.42578125,2083.27661132813,5526.11413043478,15210.8804347826,1940.8175951087
35,train,2002-01-01,1461.0,6643396.0,18286254.0,781883.5625,5406.30126953125,14881.09375,2408.26049804688,5451.375,15005.1739130435,2284.18342391304
35,train,2002-04-01,1551.0,7126932.5,19617210.0,1012995.3125,5335.4140625,14685.97265625,2670.33666992188,5372.62777777778,14788.4,2567.90833333333
35,train,2002-07-01,1642.0,7608742.5,20943414.0,1269993.375,5258.78466796875,14475.0478515625,2922.77685546875,5294.61538461538,14573.6703296703,2824.15453296703
35,train,2002-10-01,1734.0,8089970.5,22268018.0,1554083.375,5195.30712890625,14300.3232421875,3185.46923828125,5230.73913043478,14397.8695652174,3087.9347826087
35,train,2003-01-01,1826.0,8560099.0,23562068.0,1861300.875,5075.86083984375,13971.5419921875,3433.55151367188,5110.09239130435,14065.7608695652,3339.32065217391
35,train,2003-04-01,1916.0,8996513.0,24763318.0,2181305.75,4814.12353515625,13251.09765625,3651.72045898438,4849.04444444444,13347.2222222222,3555.60972222222
35,train,2003-07-01,2007.0,9409409.0,25899832.0,2518488.0,4505.716796875,12402.193359375,3792.2744140625,4537.31868131868,12489.1648351648,3705.29945054945
35,train,2003-10-01,2099.0,9803264.0,26983936.0,2873130.75,4245.869140625,11686.9501953125,3951.60888671875,4281.03260869565,11783.7391304348,3854.8125
35,train,2004-01-01,2191.0,10177963.0,28015314.0,3254645.5,4032.93725585938,11100.845703125,4256.68017578125,4072.8152173913,11210.6304347826,4146.89945652174
35,train,2004-04-01,2282.0,10529412.0,28982694.0,3662449.0,3821.4892578125,10518.8251953125,4593.07470703125,3862.07692307692,10630.5494505494,4481.35714285714
35,train,2004-07-01,2373.0,10863600.0,29902558.0,4095135.0,3634.96728515625,10005.4150390625,4857.791015625,3672.3956043956,10108.3956043956,4754.79120879121
35,train,2004-10-01,2465.0,11184902.0,30786958.0,4554684.5,3468.59301757813,9547.4619140625,5060.6796875,3492.41304347826,9613.04347826087,4995.10326086957
35,train,2005-01-01,2557.0,11491851.0,31631848.0,5031549.5,3314.95141601563,9124.556640625,5242.349609375,3336.40217391304,9183.58695652174,5183.3152173913
35,train,2005-04-01,2647.0,11777181.0,32417234.0,5514671.0,3153.16137695313,8679.2216796875,5415.30517578125,3170.33333333333,8726.51111111111,5368.01666666667
35,train,2005-07-01,2738.0,12049102.0,33165710.0,6017099.0,2972.90161132813,8183.048828125,5563.14013671875,2988.14285714286,8225.01098901099,5521.18681318681
35,train,2005-10-01,2830.0,12309614.0,33882780.0,6537174.5,2815.8701171875,7750.81201171875,5696.42578125,2831.65217391304,7794.23913043478,5652.99456521739
35,train,2006-01-01,2922.0,12559619.0,34570932.0,7067802.0,2705.17114257813,7446.10791015625,5801.4716796875,2717.44565217391,7479.91304347826,5767.6902173913
35,train,2006-04-01,3012.0,12797460.0,35225596.0,7595691.5,2629.232421875,7237.083984375,5902.44140625,2642.67777777778,7274.04444444444,5865.43888888889
35,train,2006-07-01,3103.0,13033209.0,35874508.0,8140477.5,2579.0224609375,7098.87841796875,6018.6669921875,2590.64835164835,7130.9010989011,5986.65934065934
35,train,2006-10-01,3195.0,13267839.0,36520340.0,8701935.0,2537.82250976563,6985.4736328125,6137.23046875,2550.32608695652,7019.91304347826,6102.79891304348
35,train,2007-01-01,3287.0,13497857.0,37153472.0,9274359.0,2490.794921875,6856.02783203125,6247.86083984375,2500.19565217391,6881.86956521739,6222.0
35,train,2007-04-01,3377.0,13718848.0,37761760.0,9842914.0,2443.71362304688,6726.4345703125,6349.59716796875,2455.45555555556,6758.75555555556,6317.27777777778
35,train,2007-07-01,3468.0,13937907.0,38364732.0,10428841.0,2397.84716796875,6600.18505859375,6464.61279296875,2407.24175824176,6626.06593406593,6438.75824175824
35,train,2007-10-01,3560.0,14155034.0,38962384.0,11031691.0,2350.3837890625,6469.53955078125,6579.39453125,2360.07608695652,6496.21739130435,6552.71739130435
35,train,2008-01-01,3652.0,14367759.0,39547920.0,11644827.0,2302.86645507813,6338.74609375,6690.31787109375,2312.22826086957,6364.52173913043,6664.52173913043
36,train,1998-01-01,0.0,0.0,0.0,0.0,0.0,0.0,0.0,,,
36,train,1998-04-01,90.0,0.0,0.0,0.0,0.0,0.0,0.0,0.0,0.0,0.0
36,train,1998-07-01,181.0,0.0,0.0,0.0,0.0,0.0,0.0,0.0,0.0,0.0
36,train,1998-10-01,273.0,0.0,0.0,0.0,0.0,0.0,0.0,0.0,0.0,0.0
36,train,1999-01-01,365.0,518325.5,1426714.875,0.0,5633.97265625,15507.76953125,0.0,5633.97282608696,15507.7703804348,0.0
36,train,1999-04-01,455.0,1017777.4375,2801479.25,0.0,5549.4658203125,15275.16015625,0.0,5549.46597222222,15275.1597222222,0.0
36,train,1999-07-01,546.0,1528068.875,4206080.0,463.850646972656,5598.9306640625,15411.3154296875,28.9538555145264,5607.59821428571,15435.1730769231,5.09725985684237
36,train,1999-10-01,638.0,2038814.0,5611929.5,10508.0009765625,5536.892578125,15240.5517578125,149.599075317383,5551.57744565217,15280.972826087,109.175547060759
36,train,2000-01-01,730.0,2544645.5,7004254.0,36601.19921875,5440.005859375,14973.8671875,443.712585449219,5498.16847826087,15133.9619565217,283.621720023777
36,train,2000-04-01,821.0,3035666.75,8355813.0,104808.453125,5328.36767578125,14666.5771484375,935.250427246094,5395.83791208791,14852.2967032967,749.530262706044
36,train,2000-07-01,912.0,3512741.75,9668984.0,213363.359375,5174.765625,14243.78125,1379.57861328125,5242.58241758242,14430.4505494506,1192.91105769231
36,train,2000-10-01,1004.0,3986845.5,10973976.0,366516.03125,5084.75927734375,13996.0341796875,1853.36474609375,5153.30163043478,14184.6956521739,1664.70295516304
36,train,2001-01-01,1096.0,4458000.0,12270851.0,565779.4375,5062.00732421875,13933.4091796875,2328.96606445313,5121.24456521739,14096.4673913043,2165.90658967391
36,train,2001-04-01,1186.0,4919160.5,13540217.0,807113.1875,5066.53173828125,13945.8623046875,2839.68896484375,5124.00555555556,14104.0666666667,2681.48611111111
36,train,2001-07-01,1277.0,5379467.0,14807232.0,1092329.125,5000.81494140625,13764.9736328125,3292.5087890625,5058.31318681319,13923.2417582418,3134.24107142857
36,train,2001-10-01,1369.0,5833982.0,16058305.0,1419212.625,4874.29443359375,13416.720703125,3734.982421875,4940.38043478261,13598.6195652174,3553.08152173913
36,train,2002-01-01,1461.0,6273761.5,17268942.0,1799196.625,4684.40576171875,12901.8193359375,4387.53466796875,4780.21195652174,13159.097826087,4130.26086956522
36,train,2002-04-01,1551.0,6677971.0,18384520.0,2245685.0,4368.01416015625,12080.615234375,5275.6943359375,4491.21666666667,12395.3111111111,4960.98194444444
36,train,2002-07-01,1642.0,7062713.5,19448808.0,2761892.25,4114.8349609375,11361.7880859375,5908.70361328125,4227.93956043956,11695.4725274725,5672.60714285714
36,train,2002-10-01,1734.0,7431232.0,20464124.0,3333976.25,3908.87744140625,10763.3642578125,6361.23193359375,4005.63586956522,11036.0434782609,6218.30434782609
36,train,2003-01-01,1826.0,7779213.5,21422260.0,3937553.25,3712.08935546875,10220.84375,6683.27001953125,3782.40760869565,10414.5217391304,6560.61956521739
36,train,2003-04-01,1916.0,8102040.0,22311110.0,4546548.5,3525.76538085938,9707.189453125,6859.24072265625,3586.96111111111,9876.11111111111,6766.61388888889
36,train,2003-07-01,2007.0,8406946.0,23150456.0,5154627.5,3310.35083007813,9111.998046875,6744.302734375,3350.61538461538,9223.58241758242,6682.18681318681
36,train,2003-10-01,2099.0,8697229.0,23949206.0,5761757.0,3124.52172851563,8596.34765625,6647.52001953125,3155.25,8682.0652173913,6599.23369565217
36,train,2004-01-01,2191.0,8973813.0,24709678.0,6375851.5,2973.53637695313,8172.26904296875,6732.77490234375,3006.34782608696,8266.0,6674.9402173913
36,train,2004-04-01,2282.0,9233795.0,25424130.0,6994412.5,2831.55615234375,7782.9921875,6845.0751953125,2856.94505494505,7851.12087912088,6797.37362637363
36,train,2004-07-01,2373.0,9480844.0,26103498.0,7623316.5,2690.94873046875,7401.263671875,6952.5498046875,2714.82417582418,7465.58241758242,6911.03296703297
36,train,2004-10-01,2465.0,9716440.0,26751618.0,8271438.0,2539.91235351563,6987.939453125,7078.822265625,2560.82608695652,7044.78260869565,7044.79891304348
36,train,2005-01-01,2557.0,9938983.0,27363912.0,8931795.0,2392.36474609375,6582.5068359375,7217.994140625,2418.94565217391,6655.36956521739,7177.79347826087
36,train,2005-04-01,2647.0,10142221.0,27923080.0,9590527.0,2234.390625,6147.58740234375,7352.83740234375,2258.2,6212.97777777778,7319.24444444444
36,train,2005-07-01,2738.0,10330639.0,28441606.0,10268420.0,2048.33471679688,5637.90625,7477.32958984375,2070.52747252747,5698.08791208791,7449.37362637363
36,train,2005-10-01,2830.0,10505607.0,28923278.0,10964853.0,1884.69018554688,5188.896484375,7589.9072265625,1901.82608695652,5235.5652173913,7569.92391304348
36,train,2006-01-01,2922.0,10669435.0,29374378.0,11671291.0,1764.94165039063,4859.9033203125,7699.36865234375,1780.73913043478,4903.26086956522,7678.67391304348
36,train,2006-04-01,3012.0,10821700.0,29793590.0,12372230.0,1677.24230957031,4617.13720703125,7811.7001953125,1691.83333333333,4657.91111111111,7788.21111111111
36,train,2006-07-01,3103.0,10970901.0,30204056.0,13092267.0,1623.66027832031,4466.32275390625,7947.7548828125,1639.57142857143,4510.61538461538,7912.49450549451
36,train,2006-10-01,3195.0,11117859.0,30608414.0,13833266.0,1578.17785644531,4342.9951171875,8099.83154296875,1597.36956521739,4395.19565217391,8054.33695652174
36,train,2007-01-01,3287.0,11259738.0,30998906.0,14590248.0,1527.39978027344,4203.96826171875,8264.3349609375,1542.16304347826,4244.47826086957,8228.0652173913
36,train,2007-04-01,3377.0,11394580.0,31370060.0,15342682.0,1486.47900390625,4091.6044921875,8388.3759765625,1498.24444444444,4123.93333333333,8360.37777777778
36,train,2007-07-01,3468.0,11527524.0,31736004.0,16114914.0,1450.42333984375,3992.47778320313,8510.28125,1460.92307692308,4021.36263736264,8486.06593406593
36,train,2007-10-01,3560.0,11658737.0,32097204.0,16905986.0,1416.12939453125,3898.38134765625,8621.7431640625,1426.22826086957,3926.08695652174,8598.60869565217
36,train,2008-01-01,3652.0,11786688.0,32449450.0,17706830.0,1380.65698242188,3800.97607421875,8727.4609375,1390.77173913043,3828.76086956522,8704.82608695652
37,train,1998-01-01,0.0,0.0,0.0,0.0,0.0,0.0,0.0,,,
37,train,1998-04-01,90.0,0.0,0.0,0.0,0.0,0.0,0.0,0.0,0.0,0.0
37,train,1998-07-01,181.0,0.0,0.0,0.0,0.0,0.0,0.0,0.0,0.0,0.0
37,train,1998-10-01,273.0,0.0,0.0,0.0,0.0,0.0,0.0,0.0,0.0,0.0
37,train,1999-01-01,365.0,518325.5,1426714.875,0.0,5633.97265625,15507.76953125,0.0,5633.97282608696,15507.7703804348,0.0
37,train,1999-04-01,455.0,1017777.4375,2801479.25,0.0,5549.4658203125,15275.16015625,0.0,5549.46597222222,15275.1597222222,0.0
37,train,1999-07-01,546.0,1528237.375,4206543.5,0.0,5609.44970703125,15440.26953125,0.0,5609.44986263736,15440.2664835165,0.0
37,train,1999-10-01,638.0,2042631.0,5622436.0,1.62948954105377,5591.2099609375,15390.0634765625,0.0881080999970436,5591.23505434783,15390.1358695652,0.017711842837541
37,train,2000-01-01,730.0,2556728.25,7037512.5,3342.66674804688,5575.23095703125,15346.080078125,71.5000991821289,5588.01358695652,15381.2663043478,36.3156223750633
37,train,2000-04-01,821.0,3068575.0,8446394.0,14226.8525390625,5617.724609375,15463.044921875,138.782165527344,5624.68956043956,15482.2142857143,119.606437263908
37,train,2000-07-01,912.0,3578633.25,9850353.0,31994.0234375,5584.58837890625,15371.837890625,251.522399902344,5605.03571428571,15428.1208791209,195.243636246566
37,train,2000-10-01,1004.0,4093125.5,11266516.0,73975.4140625,5554.7841796875,15289.798828125,559.599609375,5592.30706521739,15393.0760869565,456.319463315217
37,train,2001-01-01,1096.0,4609124.5,12686827.0,149802.875,5562.81884765625,15311.9150390625,950.460571289063,5608.6847826087,15438.1630434783,824.211531929348
37,train,2001-04-01,1186.0,5117522.5,14086217.0,261113.296875,5608.0234375,15436.3427734375,1349.20825195313,5648.86666666667,15548.7777777778,1236.78246527778
37,train,2001-07-01,1277.0,5628000.5,15491331.0,408229.28125,5550.97705078125,15279.3203125,1778.16125488281,5609.64835164835,15440.8131868132,1616.65916895604
37,train,2001-10-01,1369.0,6134599.5,16885768.0,591749.6875,5456.32080078125,15018.775390625,2132.92797851563,5506.51086956522,15156.9239130435,1994.78702445652
37,train,2002-01-01,1461.0,6634518.0,18261816.0,806320.9375,5386.60693359375,14826.8837890625,2462.47021484375,5433.89673913043,14957.0434782609,2332.29619565217
37,train,2002-04-01,1551.0,7115853.5,19586714.0,1043491.625,5313.70263671875,14626.2119140625,2730.09765625,5348.17222222222,14721.0888888889,2635.22986111111
37,train,2002-07-01,1642.0,7595451.0,20906828.0,1306579.0,5231.0458984375,14398.6953125,2999.12939453125,5270.3021978022,14506.7472527473,2891.07005494505
37,train,2002-10-01,1734.0,8073792.0,22223486.0,1598615.5,5162.90380859375,14211.130859375,3274.66088867188,5199.35869565217,14311.5,3174.3097826087
37,train,2003-01-01,1826.0,8540551.0,23508260.0,1915108.625,5038.85107421875,13869.669921875,3535.4228515625,5073.46739130435,13964.9347826087,3440.14266304348
37,train,2003-04-01,1916.0,8973454.0,24699846.0,2244776.5,4775.63134765625,13145.1455078125,3757.67211914063,4810.03333333333,13239.8444444444,3662.97638888889
37,train,2003-07-01,2007.0,9382669.0,25826228.0,2592091.0,4465.3544921875,12291.0947265625,3903.37329101563,4496.86813186813,12377.8241758242,3816.64285714286
37,train,2003-10-01,2099.0,9771849.0,26897464.0,2959603.0,4193.7421875,11543.46875,4095.09033203125,4230.21739130435,11643.8695652174,3994.69565217391
37,train,2004-01-01,2191.0,10141108.0,27913866.0,3356092.5,3970.64892578125,10929.39453125,4428.1318359375,4013.6847826087,11047.847826087,4309.66847826087
37,train,2004-04-01,2282.0,10487582.0,28867554.0,3777589.0,3767.0595703125,10369.0048828125,4742.89501953125,3807.40659340659,10480.0879120879,4631.82967032967
37,train,2004-07-01,2373.0,10817226.0,29774914.0,4222780.5,3591.62255859375,9886.1064453125,4977.09912109375,3622.46153846154,9970.98901098901,4892.21428571429
37,train,2004-10-01,2465.0,11134757.0,30648932.0,4692710.5,3429.67041015625,9440.326171875,5167.81591796875,3451.42391304348,9500.19565217391,5107.9347826087
37,train,2005-01-01,2557.0,11438196.0,31484162.0,5179236.0,3274.91357421875,9014.3505859375,5352.55517578125,3298.25,9078.58695652174,5288.32065217391
37,train,2005-04-01,2647.0,11720132.0,32260202.0,5671703.0,3114.23266601563,8572.0693359375,5522.4580078125,3132.62222222222,8622.66666666667,5471.85555555556
37,train,2005-07-01,2738.0,11988696.0,32999438.0,6183372.0,2933.29248046875,8074.02294921875,5672.166015625,2951.25274725275,8123.47252747253,5622.73626373626
37,train,2005-10-01,2830.0,12245696.0,33706844.0,6713112.5,2779.63452148438,7651.072265625,5796.16552734375,2793.47826086957,7689.19565217391,5758.04891304348
37,train,2006-01-01,2922.0,12492461.0,34386076.0,7252657.5,2670.03002929688,7349.38037109375,5898.19921875,2682.22826086957,7382.95652173913,5864.61956521739
37,train,2006-04-01,3012.0,12726809.0,35031128.0,7790160.0,2593.9169921875,7139.8759765625,5999.64892578125,2603.86666666667,7167.24444444444,5972.25
37,train,2006-07-01,3103.0,12958996.0,35670392.0,8344595.0,2542.06420898438,7000.6044921875,6116.94091796875,2551.50549450549,7024.87912087912,6092.69230769231
37,train,2006-10-01,3195.0,13190001.0,36306452.0,8915824.0,2500.90161132813,6887.92724609375,6234.7763671875,2510.92391304348,6913.69565217391,6209.01086956522
37,train,2007-01-01,3287.0,13417054.0,36931120.0,9496712.0,2455.53125,6756.70751953125,6347.18115234375,2467.96739130435,6789.86956521739,6314.0
37,train,2007-04-01,3377.0,13634540.0,37529712.0,10074965.0,2406.96508789063,6624.96044921875,6451.07177734375,2416.51111111111,6651.02222222222,6425.03333333333
37,train,2007-07-01,3468.0,13850075.0,38122972.0,10670601.0,2358.48266601563,6491.7841796875,6573.013671875,2368.51648351648,6519.34065934066,6545.45054945055
37,train,2007-10-01,3560.0,14063529.0,38710512.0,11283561.0,2310.63671875,6360.12646484375,6688.8076171875,2320.15217391304,6386.30434782609,6662.60869565217
37,train,2008-01-01,3652.0,14272566.0,39285896.0,11906852.0,2262.39282226563,6227.3388671875,6801.72509765625,2272.14130434783,6254.17391304348,6774.90217391304
38,train,1998-01-01,0.0,0.0,0.0,0.0,0.0,0.0,0.0,,,
38,train,1998-04-01,90.0,0.0,0.0,0.0,0.0,0.0,0.0,0.0,0.0,0.0
38,train,1998-07-01,181.0,0.0,0.0,0.0,0.0,0.0,0.0,0.0,0.0,0.0
38,train,1998-10-01,273.0,0.0,0.0,0.0,0.0,0.0,0.0,0.0,0.0,0.0
38,train,1999-01-01,365.0,518325.5,1426714.875,0.0,5633.97265625,15507.76953125,0.0,5633.97282608696,15507.7703804348,0.0
38,train,1999-04-01,455.0,1017777.4375,2801479.25,0.0,5549.4658203125,15275.16015625,0.0,5549.46597222222,15275.1597222222,0.0
38,train,1999-07-01,546.0,1528237.125,4206543.0,0.718391001224518,5609.439453125,15440.240234375,0.028701227158308,5609.44711538462,15440.260989011,0.00789440660686284
38,train,1999-10-01,638.0,2042279.375,5621468.5,969.3759765625,5576.9873046875,15350.9150390625,39.2365226745605,5587.41576086957,15379.625,10.5288867995791
38,train,2000-01-01,730.0,2554128.0,7030355.0,10499.9892578125,5552.849609375,15284.474609375,133.105850219727,5563.57201086957,15313.9836956522,103.593622622283
38,train,2000-04-01,821.0,3063287.75,8431841.0,28780.76953125,5569.998046875,15331.6767578125,270.151184082031,5595.16208791209,15400.9450549451,200.8876953125
38,train,2000-07-01,912.0,3563503.0,9808706.0,73640.8359375,5446.7939453125,14992.5517578125,630.807983398438,5496.87087912088,15130.3846153846,492.967762706044
38,train,2000-10-01,1004.0,4063649.5,11185383.0,155108.9375,5386.28369140625,14825.994140625,1023.40435791016,5436.375,14963.8804347826,885.522843070652
38,train,2001-01-01,1096.0,4563365.0,12560873.0,275757.34375,5375.80224609375,14797.1435546875,1465.23168945313,5431.6902173913,14950.9782608696,1311.3957201087
38,train,2001-04-01,1186.0,5053644.0,13910388.0,436941.59375,5387.03662109375,14828.06640625,1957.484375,5447.54444444444,14994.6111111111,1790.93611111111
38,train,2001-07-01,1277.0,5544352.0,15261084.0,638476.8125,5336.61376953125,14689.275390625,2368.20703125,5392.3956043956,14842.8131868132,2214.67273351648
38,train,2001-10-01,1369.0,6032161.5,16603803.0,873714.5625,5255.85302734375,14466.9775390625,2684.7255859375,5302.27717391304,14594.7717391304,2556.93206521739
38,train,2002-01-01,1461.0,6513398.5,17928430.0,1139708.875,5186.0322265625,14274.79296875,3014.56079101563,5230.83695652174,14398.1195652174,2891.24252717391
38,train,2002-04-01,1551.0,6976168.0,19202224.0,1427982.125,5100.25537109375,14038.6884765625,3317.62109375,5141.88333333333,14153.2666666667,3203.03611111111
38,train,2002-07-01,1642.0,7435211.5,20465762.0,1747645.5,5000.22705078125,13763.3564453125,3634.46850585938,5044.43406593407,13885.032967033,3512.78434065934
38,train,2002-10-01,1734.0,7889780.5,21716984.0,2105116.25,4884.7802734375,13445.5830078125,4040.20947265625,4940.96739130435,13600.2391304348,3885.55163043478
38,train,2003-01-01,1826.0,8325774.5,22917078.0,2506291.5,4651.2158203125,12802.6865234375,4602.40625,4739.0652173913,13044.5,4360.60054347826
38,train,2003-04-01,1916.0,8715125.0,23988782.0,2955840.25,4259.68798828125,11724.9873046875,5177.83056640625,4326.11666666667,11907.8222222222,4994.98611111111
38,train,2003-07-01,2007.0,9077640.0,24986622.0,3431698.0,3935.30053710938,10832.095703125,5362.3720703125,3983.68131868132,10965.2747252747,5229.20604395604
38,train,2003-10-01,2099.0,9422040.0,25934600.0,3922466.5,3709.01245117188,10209.2275390625,5429.33154296875,3743.47826086957,10304.1086956522,5334.4402173913
38,train,2004-01-01,2191.0,9751289.0,26840872.0,4429086.5,3548.10546875,9766.32421875,5591.2021484375,3578.79347826087,9850.78260869565,5506.73913043478
38,train,2004-04-01,2282.0,10063255.0,27699572.0,4945569.5,3400.77587890625,9360.7919921875,5751.10791015625,3428.1978021978,9436.26373626374,5675.63736263736
38,train,2004-07-01,2373.0,10362007.0,28521904.0,5475790.5,3264.7568359375,8986.3935546875,5876.81201171875,3282.98901098901,9036.61538461538,5826.6043956044
38,train,2004-10-01,2465.0,10651649.0,29319154.0,6022489.0,3128.37939453125,8611.0078125,5997.1337890625,3148.28260869565,8665.76086956522,5942.375
38,train,2005-01-01,2557.0,10928693.0,30081730.0,6581668.5,2994.8896484375,8243.5712890625,6123.33447265625,3011.34782608696,8288.86956521739,6078.03804347826
38,train,2005-04-01,2647.0,11186287.0,30790832.0,7141073.0,2849.6435546875,7846.58203125,6247.94482421875,2862.15555555556,7878.91111111111,6215.60555555556
38,train,2005-07-01,2738.0,11431322.0,31465282.0,7717527.5,2681.21997070313,7381.53955078125,6364.64892578125,2692.69230769231,7411.53846153846,6334.66483516484
38,train,2005-10-01,2830.0,11664887.0,32108144.0,8311810.5,2529.42822265625,6962.17431640625,6485.06396484375,2538.75,6987.63043478261,6459.59782608696
38,train,2006-01-01,2922.0,11887695.0,32721430.0,8917302.0,2411.76098632813,6638.46240234375,6609.11767578125,2421.82608695652,6666.15217391304,6581.42934782609
38,train,2006-04-01,3012.0,12098008.0,33300324.0,9520966.0,2326.48583984375,6403.7568359375,6735.76806640625,2336.81111111111,6432.15555555556,6707.37777777778
38,train,2006-07-01,3103.0,12305399.0,33871180.0,10143807.0,2268.453125,6244.021484375,6873.5234375,2279.02197802198,6273.14285714286,6844.40659340659
38,train,2006-10-01,3195.0,12510744.0,34436400.0,10785875.0,2220.95458984375,6113.2802734375,7009.423828125,2232.01086956522,6143.69565217391,6979.0
38,train,2007-01-01,3287.0,12711300.0,34988440.0,11439394.0,2169.09326171875,5970.529296875,7133.35986328125,2179.95652173913,6000.4347826087,7103.46739130435
38,train,2007-04-01,3377.0,12902859.0,35515716.0,12088960.0,2117.77270507813,5829.26708984375,7246.7646484375,2128.43333333333,5858.62222222222,7217.4
38,train,2007-07-01,3468.0,13092134.0,36036700.0,12756870.0,2069.88598632813,5697.45703125,7367.34130859375,2079.94505494505,5725.0989010989,7339.67032967033
38,train,2007-10-01,3560.0,13279048.0,36551264.0,13442812.0,2021.40063476563,5565.52197265625,7483.412109375,2031.67391304348,5593.08695652174,7455.89130434783
38,train,2008-01-01,3652.0,13461533.0,37053900.0,14138849.0,1971.66357421875,5435.5927734375,7593.47119140625,1983.53260869565,5463.4347826087,7565.61956521739
39,train,1998-01-01,0.0,0.0,0.0,0.0,0.0,0.0,0.0,,,
39,train,1998-04-01,90.0,0.0,0.0,0.0,0.0,0.0,0.0,0.0,0.0,0.0
39,train,1998-07-01,181.0,0.0,0.0,0.0,0.0,0.0,0.0,0.0,0.0,0.0
39,train,1998-10-01,273.0,0.0,0.0,0.0,0.0,0.0,0.0,0.0,0.0,0.0
39,train,1999-01-01,365.0,518325.5,1426714.875,0.0,5633.97265625,15507.76953125,0.0,5633.97282608696,15507.7703804348,0.0
39,train,1999-04-01,455.0,1017777.4375,2801479.25,0.0,5549.4658203125,15275.16015625,0.0,5549.46597222222,15275.1597222222,0.0
39,train,1999-07-01,546.0,1528212.25,4206475.0,68.9544982910156,5608.56201171875,15437.826171875,2.44331741333008,5609.17376373626,15439.5137362637,0.75774173946171
39,train,1999-10-01,638.0,2040355.375,5616172.5,6265.357421875,5548.857421875,15273.4853515625,116.665428161621,5566.77309782609,15322.7989130435,67.3522056911303
39,train,2000-01-01,730.0,2549638.25,7017997.0,22858.123046875,5507.4189453125,15159.4248046875,258.155059814453,5535.68342391304,15237.222826087,180.356148097826
39,train,2000-04-01,821.0,3048291.0,8390562.0,70059.515625,5414.01806640625,14902.333984375,699.493774414063,5479.70054945055,15083.1318681319,518.696621737637
39,train,2000-07-01,912.0,3533237.0,9725397.0,156949.578125,5273.31201171875,14515.0341796875,1108.32580566406,5329.07692307692,14668.5164835165,954.835851648352
39,train,2000-10-01,1004.0,4016559.25,11055764.0,284727.5625,5189.85546875,14285.31640625,1564.08288574219,5253.5027173913,14460.5108695652,1388.89113451087
39,train,2001-01-01,1096.0,4497451.0,12379441.0,457188.8125,5164.51318359375,14215.560546875,2046.81481933594,5227.08423913043,14387.7934782609,1874.57880434783
39,train,2001-04-01,1186.0,4968457.5,13675908.0,671422.0,5178.7919921875,14254.8642578125,2530.68676757813,5233.40555555556,14405.1888888889,2380.36875
39,train,2001-07-01,1277.0,5439886.0,14973538.0,926023.0625,5128.73388671875,14117.076171875,2940.4052734375,5180.53296703297,14259.6703296703,2797.81387362637
39,train,2001-10-01,1369.0,5907501.0,16260669.0,1216848.375,5033.2001953125,13854.115234375,3297.58740234375,5082.77173913043,13990.5543478261,3161.14470108696
39,train,2002-01-01,1461.0,6366364.5,17523712.0,1544425.75,4929.8681640625,13569.6884765625,3719.6650390625,4987.64673913043,13728.7282608696,3560.62364130435
39,train,2002-04-01,1551.0,6801838.0,18722374.0,1907832.625,4760.46728515625,13103.40625,4252.9033203125,4838.59444444444,13318.4666666667,4037.85416666667
39,train,2002-07-01,1642.0,7217774.5,19867256.0,2346151.0,4473.56689453125,12313.69921875,5084.125,4570.73076923077,12581.1208791209,4816.68543956044
39,train,2002-10-01,1734.0,7616797.5,20965728.0,2856372.0,4253.3359375,11713.9765625,5771.81591796875,4337.20652173913,11939.9130434783,5545.88043478261
39,train,2003-01-01,1826.0,7995755.5,22009202.0,3413686.5,4050.8291015625,11160.8896484375,6216.1962890625,4119.10869565217,11342.1086956522,6057.76630434783
39,train,2003-04-01,1916.0,8342326.0,22962816.0,3981326.0,3805.31518554688,10480.1640625,6422.65380859375,3850.78333333333,10595.7111111111,6307.10555555556
39,train,2003-07-01,2007.0,8670120.0,23865320.0,4552519.0,3566.07348632813,9828.3759765625,6366.091796875,3602.13186813187,9917.62637362637,6276.84615384615
39,train,2003-10-01,2099.0,8984046.0,24730354.0,5126232.5,3384.38891601563,9328.0185546875,6310.5400390625,3412.23913043478,9402.54347826087,6236.01630434783
39,train,2004-01-01,2191.0,9284416.0,25558656.0,5710824.0,3241.03344726563,8948.0732421875,6409.45263671875,3264.89130434783,9003.28260869565,6354.25543478261
39,train,2004-04-01,2282.0,9568381.0,26344180.0,6300482.5,3089.0361328125,8559.04296875,6552.857421875,3120.49450549451,8632.13186813187,6479.76373626374
39,train,2004-07-01,2373.0,9838302.0,27089654.0,6904398.0,2940.4326171875,8100.67626953125,6675.93212890625,2966.16483516484,8192.02197802198,6636.43406593407
39,train,2004-10-01,2465.0,10097235.0,27801570.0,7527131.5,2795.41137695313,7684.3076171875,6804.61865234375,2814.48913043478,7738.21739130435,6768.84239130435
39,train,2005-01-01,2557.0,10343195.0,28477830.0,8163806.5,2655.44677734375,7302.13623046875,6952.83349609375,2673.47826086957,7350.65217391304,6920.38043478261
39,train,2005-04-01,2647.0,10570088.0,29101900.0,8799863.0,2504.52221679688,6889.26220703125,7095.7822265625,2521.03333333333,6934.11111111111,7067.29444444444
39,train,2005-07-01,2738.0,10783132.0,29688024.0,9455576.0,2324.564453125,6395.85205078125,7231.7060546875,2341.14285714286,6440.92307692308,7205.63736263736
39,train,2005-10-01,2830.0,10983693.0,30239862.0,10130442.0,2163.41577148438,5952.72607421875,7359.52001953125,2180.01086956522,5998.23913043478,7335.5
39,train,2006-01-01,2922.0,11173074.0,30760936.0,10816123.0,2042.53430175781,5619.9541015625,7475.037109375,2058.48913043478,5663.84782608696,7453.05434782609
39,train,2006-04-01,3012.0,11349981.0,31247770.0,11496913.0,1948.44494628906,5362.57421875,7587.4638671875,1965.63333333333,5409.26666666667,7564.33333333333
39,train,2006-07-01,3103.0,11522206.0,31721902.0,12196250.0,1874.80993652344,5161.69921875,7708.0048828125,1892.58241758242,5210.24175824176,7685.02197802198
39,train,2006-10-01,3195.0,11690481.0,32185324.0,12914153.0,1810.89855957031,4987.388671875,7827.14697265625,1829.07608695652,5037.19565217391,7803.29347826087
39,train,2007-01-01,3287.0,11853215.0,32633480.0,13642348.0,1751.64904785156,4823.76318359375,7940.37353515625,1768.84782608696,4871.26086956522,7915.16304347826
39,train,2007-04-01,3377.0,12007407.0,33058004.0,14364250.0,1698.42932128906,4675.44140625,8047.45703125,1713.24444444444,4716.93333333333,8021.13333333333
39,train,2007-07-01,3468.0,12159273.0,33475848.0,15105118.0,1656.95727539063,4558.41650390625,8167.17041015625,1668.85714285714,4591.69230769231,8141.40659340659
39,train,2007-10-01,3560.0,12309071.0,33887996.0,15865378.0,1616.48803710938,4447.9033203125,8289.9033203125,1628.23913043478,4479.86956521739,8263.69565217391
39,train,2008-01-01,3652.0,12455322.0,34290500.0,16635969.0,1579.48583984375,4347.18359375,8398.8828125,1589.6847826087,4375.04347826087,8375.98913043478
40,train,1998-01-01,0.0,0.0,0.0,0.0,0.0,0.0,0.0,,,
40,train,1998-04-01,90.0,0.0,0.0,0.0,0.0,0.0,0.0,0.0,0.0,0.0
40,train,1998-07-01,181.0,0.0,0.0,0.0,0.0,0.0,0.0,0.0,0.0,0.0
40,train,1998-10-01,273.0,0.0,0.0,0.0,0.0,0.0,0.0,0.0,0.0,0.0
40,train,1999-01-01,365.0,518325.5,1426714.875,0.0,5633.97265625,15507.76953125,0.0,5633.97282608696,15507.7703804348,0.0
40,train,1999-04-01,455.0,1017777.4375,2801479.25,0.0,5549.4658203125,15275.16015625,0.0,5549.46597222222,15275.1597222222,0.0
40,train,1999-07-01,546.0,1528237.375,4206543.5,0.0,5609.44970703125,15440.26953125,0.0,5609.44986263736,15440.2664835165,0.0
40,train,1999-10-01,638.0,2042628.125,5622428.0,9.62464714050293,5591.0546875,15389.634765625,0.516076803207397,5591.20380434783,15390.0489130435,0.104615729788075
40,train,2000-01-01,730.0,2556238.5,7036164.0,4690.818359375,5569.03271484375,15329.01953125,88.5605545043945,5582.7214673913,15366.6956521739,50.882540350375
40,train,2000-04-01,821.0,3067655.0,8443862.0,16759.205078125,5612.43896484375,15448.4970703125,153.330856323242,5619.96153846154,15469.2087912088,132.619634271978
40,train,2000-07-01,912.0,3575799.0,9842551.0,39795.64453125,5556.55712890625,15294.6796875,328.680541992188,5584.0,15370.2087912088,253.147686298077
40,train,2000-10-01,1004.0,4086491.25,11248256.0,92236.1875,5509.9248046875,15166.3212890625,683.077209472656,5551.0027173913,15279.402173913,570.005901834239
40,train,2001-01-01,1096.0,4598199.5,12656756.0,179874.25,5515.2509765625,15180.9833984375,1081.39221191406,5562.04619565217,15309.7826086957,952.587635869565
40,train,2001-04-01,1186.0,5102241.5,14044155.0,303174.90625,5545.90185546875,15265.3515625,1520.19982910156,5600.46666666667,15415.5444444444,1370.00729166667
40,train,2001-07-01,1277.0,5606589.5,15432396.0,467165.09375,5489.98291015625,15111.4306640625,1946.05139160156,5542.28571428571,15255.3956043956,1802.08997252747
40,train,2001-10-01,1369.0,6107803.0,16812010.0,665508.0625,5399.0693359375,14861.1875,2290.51586914063,5447.97282608696,14995.8043478261,2155.90183423913
40,train,2002-01-01,1461.0,6602315.5,18173178.0,894959.75,5335.36669921875,14685.841796875,2603.51171875,5375.13586956522,14795.3043478261,2494.04008152174
40,train,2002-04-01,1551.0,7079313.5,19486138.0,1144068.375,5260.4365234375,14479.5947265625,2876.71508789063,5299.97777777778,14588.4444444444,2767.87361111111
40,train,2002-07-01,1642.0,7553721.5,20791968.0,1421440.75,5175.81298828125,14246.6630859375,3151.16137695313,5213.27472527472,14349.7802197802,3048.04807692308
40,train,2002-10-01,1734.0,8026854.0,22094286.0,1727815.125,5105.45703125,14053.005859375,3432.78662109375,5142.74456521739,14155.6304347826,3330.15625
40,train,2003-01-01,1826.0,8487583.0,23362464.0,2060904.625,4967.693359375,13673.8056640625,3731.28784179688,5007.92391304348,13784.5434782609,3620.53804347826
40,train,2003-04-01,1916.0,8912988.0,24533412.0,2411211.25,4691.0185546875,12912.2451171875,3990.57299804688,4726.72222222222,13010.5333333333,3892.29583333333
40,train,2003-07-01,2007.0,9313280.0,25635234.0,2783086.0,4352.62255859375,11980.7939453125,4213.67431640625,4398.81318681319,12107.9340659341,4086.53571428571
40,train,2003-10-01,2099.0,9689760.0,26671510.0,3185557.25,4041.41259765625,11124.1748046875,4514.38427734375,4092.17391304348,11263.8695652174,4374.6875
40,train,2004-01-01,2191.0,10045628.0,27651056.0,3618904.25,3825.4619140625,10529.7607421875,4827.765625,3868.13043478261,10647.2391304348,4710.29347826087
40,train,2004-04-01,2282.0,10381099.0,28574454.0,4070687.75,3652.10766601563,10052.5947265625,5059.30517578125,3686.49450549451,10147.2307692308,4964.65384615385
40,train,2004-07-01,2373.0,10701383.0,29456050.0,4541644.5,3496.9541015625,9625.52734375,5237.6787109375,3519.6043956044,9687.86813186813,5175.3489010989
40,train,2004-10-01,2465.0,11010937.0,30308112.0,5033532.0,3341.49267578125,9197.6123046875,5410.529296875,3364.71739130435,9261.54347826087,5346.60326086957
40,train,2005-01-01,2557.0,11306461.0,31121554.0,5541844.5,3191.875,8785.783203125,5581.123046875,3212.21739130435,8841.76086956522,5525.13586956522
40,train,2005-04-01,2647.0,11581418.0,31878386.0,6053520.0,3035.65869140625,8355.791015625,5738.736328125,3055.07777777778,8409.24444444444,5685.28333333333
40,train,2005-07-01,2738.0,11843493.0,32599762.0,6583048.0,2865.73217773438,7888.06005859375,5858.12890625,2879.94505494505,7927.20879120879,5818.98901098901
40,train,2005-10-01,2830.0,12094820.0,33291550.0,7128404.0,2719.51391601563,7485.58740234375,5961.650390625,2731.8152173913,7519.4347826087,5927.78260869565
40,train,2006-01-01,2922.0,12335833.0,33954948.0,7683782.5,2609.25854492188,7182.1044921875,6065.4755859375,2619.70652173913,7210.84782608696,6036.72282608696
40,train,2006-04-01,3012.0,12564449.0,34584224.0,8237065.0,2531.90356445313,6969.181640625,6170.34375,2540.17777777778,6991.95555555556,6147.58333333333
40,train,2006-07-01,3103.0,12791009.0,35207840.0,8807145.0,2480.6865234375,6828.20361328125,6289.34130859375,2489.67032967033,6852.92307692308,6264.61538461538
40,train,2006-10-01,3195.0,13016395.0,35828228.0,9394048.0,2437.30444335938,6708.79296875,6413.9111328125,2449.84782608696,6743.34782608696,6379.38043478261
40,train,2007-01-01,3287.0,13236925.0,36435244.0,9992588.0,2386.52270507813,6569.013671875,6534.875,2397.0652173913,6598.0,6505.86956521739
40,train,2007-04-01,3377.0,13448025.0,37016308.0,10588367.0,2335.26489257813,6427.92431640625,6648.10791015625,2345.55555555556,6456.26666666667,6619.76666666667
40,train,2007-07-01,3468.0,13657087.0,37591760.0,11201812.0,2287.3935546875,6296.15625,6768.6416015625,2297.38461538462,6323.64835164835,6741.15384615385
40,train,2007-10-01,3560.0,13863865.0,38160928.0,11833146.0,2237.25512695313,6158.14794921875,6890.7861328125,2247.58695652174,6186.60869565217,6862.32608695652
40,train,2008-01-01,3652.0,14066122.0,38717652.0,12475098.0,2188.83642578125,6024.873046875,7004.19091796875,2198.44565217391,6051.34782608696,6977.73913043478
41,train,1998-01-01,0.0,0.0,0.0,0.0,0.0,0.0,0.0,,,
41,train,1998-04-01,90.0,0.0,0.0,0.0,0.0,0.0,0.0,0.0,0.0,0.0
41,train,1998-07-01,181.0,0.0,0.0,0.0,0.0,0.0,0.0,0.0,0.0,0.0
41,train,1998-10-01,273.0,0.0,0.0,0.0,0.0,0.0,0.0,0.0,0.0,0.0
41,train,1999-01-01,365.0,518325.5,1426714.875,0.0,5633.97265625,15507.76953125,0.0,5633.97282608696,15507.7703804348,0.0
41,train,1999-04-01,455.0,1017777.4375,2801479.25,0.0,5549.4658203125,15275.16015625,0.0,5549.46597222222,15275.1597222222,0.0
41,train,1999-07-01,546.0,1527303.375,4203973.0,2570.71875,5579.3408203125,15357.392578125,82.8763809204102,5599.18612637363,15412.0192307692,28.2496565934066
41,train,1999-10-01,638.0,2036644.625,5605958.5,16479.3046875,5519.59228515625,15192.931640625,197.219253540039,5536.31793478261,15238.972826087,151.180281929348
41,train,2000-01-01,730.0,2537643.75,6984981.5,55873.70703125,5368.66015625,14777.4853515625,640.095275878906,5445.64266304348,14989.3804347826,428.200025475543
41,train,2000-04-01,821.0,3022170.25,8318663.0,141958.515625,5256.1357421875,14467.755859375,1134.07165527344,5324.46703296703,14655.8406593407,945.986907623626
41,train,2000-07-01,912.0,3492212.0,9612475.0,269872.21875,5088.76708984375,14007.0654296875,1616.29406738281,5165.29395604396,14217.7142857143,1405.64508928571
41,train,2000-10-01,1004.0,3958513.75,10895991.0,444500.3125,5002.197265625,13768.7783203125,2080.6201171875,5068.4972826087,13951.2608695652,1898.13145380435
41,train,2001-01-01,1096.0,4420627.5,12169838.0,666791.9375,4956.6162109375,13679.0751953125,2583.30004882813,5022.97554347826,13846.1630434783,2416.21331521739
41,train,2001-04-01,1186.0,4869301.0,13410776.0,936554.1875,4941.43017578125,13633.7392578125,3151.81201171875,4985.26111111111,13788.2,2997.35833333333
41,train,2001-07-01,1277.0,5308016.0,14620242.0,1253816.625,4725.12646484375,12985.7177734375,3686.10205078125,4821.04395604396,13290.8351648352,3486.40041208791
41,train,2001-10-01,1369.0,5729247.5,15779065.0,1628387.25,4476.16552734375,12319.27734375,4301.140625,4578.60326086957,12595.902173913,4071.41983695652
41,train,2002-01-01,1461.0,6122477.5,16861572.0,2077128.5,4133.53564453125,11379.9931640625,5196.42724609375,4274.23913043478,11766.3804347826,4877.6222826087
41,train,2002-04-01,1551.0,6480927.0,17848480.0,2579816.75,3874.84057617188,10668.693359375,5805.3828125,3982.77222222222,10965.6444444444,5585.425
41,train,2002-07-01,1642.0,6819655.0,18781132.0,3132604.5,3617.95556640625,9962.0224609375,6203.7138671875,3722.28571428571,10248.9230769231,6074.59065934066
41,train,2002-10-01,1734.0,7143221.5,19671964.0,3717373.75,3444.43725585938,9482.3525390625,6475.76953125,3517.02717391304,9682.95652173913,6356.1875
41,train,2003-01-01,1826.0,7451499.0,20520608.0,4327219.5,3303.51879882813,9093.9228515625,6706.416015625,3350.84239130435,9224.39130434783,6628.75815217391
41,train,2003-04-01,1916.0,7741140.5,21317798.0,4947182.5,3173.48486328125,8733.919921875,6958.61865234375,3218.23888888889,8857.66666666667,6888.47777777778
41,train,2003-07-01,2007.0,8015837.5,22073360.0,5566352.0,2983.986328125,8204.2236328125,6862.99853515625,3018.64835164835,8302.87912087912,6804.06043956044
41,train,2003-10-01,2099.0,8277192.5,22791698.0,6183302.5,2805.99072265625,7713.59814453125,6769.52978515625,2840.8152173913,7808.02173913043,6705.98369565217
41,train,2004-01-01,2191.0,8524160.0,23470930.0,6809221.5,2657.484375,7310.57177734375,6851.6044921875,2684.42934782609,7382.95652173913,6803.46739130435
41,train,2004-04-01,2282.0,8755439.0,24107274.0,7438004.0,2513.42797851563,6916.01171875,6957.41845703125,2541.52747252747,6992.79120879121,6909.6978021978
41,train,2004-07-01,2373.0,8973873.0,24708332.0,8076090.5,2368.78881835938,6518.38720703125,7064.38330078125,2400.37362637363,6605.03296703297,7011.93956043956
41,train,2004-10-01,2465.0,9179002.0,25272772.0,8737718.0,2189.80859375,6025.54736328125,7276.521484375,2229.66304347826,6135.21739130435,7191.60326086957
41,train,2005-01-01,2557.0,9367695.0,25791960.0,9422471.0,2015.55456542969,5546.75341796875,7516.85205078125,2051.01086956522,5643.34782608696,7442.96739130435
41,train,2005-04-01,2647.0,9536308.0,26256074.0,10110992.0,1843.55187988281,5075.2685546875,7706.11279296875,1873.47777777778,5156.82222222222,7650.23333333333
41,train,2005-07-01,2738.0,9689436.0,26677600.0,10821876.0,1656.44665527344,4560.04541015625,7860.9814453125,1682.72527472527,4632.15384615385,7811.91208791209
41,train,2005-10-01,2830.0,9829757.0,27063710.0,11554104.0,1505.38842773438,4141.119140625,8005.3681640625,1525.22826086957,4196.84782608696,7959.0
41,train,2006-01-01,2922.0,9960175.0,27422434.0,12299459.0,1405.49792480469,3866.12377929688,8130.24609375,1417.58695652174,3899.17391304348,8101.6847826087
41,train,2006-04-01,3012.0,10082221.0,27758190.0,13037654.0,1341.73791503906,3691.46044921875,8235.0400390625,1356.06666666667,3730.62222222222,8202.16666666667
41,train,2006-07-01,3103.0,10201485.0,28086366.0,13795481.0,1301.02075195313,3580.23486328125,8348.912109375,1310.59340659341,3606.32967032967,8327.76923076923
41,train,2006-10-01,3195.0,10319275.0,28410576.0,14572026.0,1270.74584960938,3497.99658203125,8461.673828125,1280.32608695652,3524.02173913043,8440.70652173913
41,train,2007-01-01,3287.0,10434337.0,28727374.0,15357775.0,1241.38330078125,3418.05322265625,8559.9345703125,1250.67391304348,3443.45652173913,8540.75
41,train,2007-04-01,3377.0,10544290.0,29030148.0,16133878.0,1212.70959472656,3339.47778320313,8641.384765625,1221.7,3364.15555555556,8623.36666666667
41,train,2007-07-01,3468.0,10652966.0,29329426.0,16926824.0,1183.14379882813,3258.28442382813,8735.1416015625,1194.24175824176,3288.76923076923,8713.69230769231
41,train,2007-10-01,3560.0,10760211.0,29624770.0,17736512.0,1155.44519042969,3181.97900390625,8821.0498046875,1165.70652173913,3210.26086956522,8800.95652173913
41,train,2008-01-01,3652.0,10864745.0,29912650.0,18553630.0,1128.57250976563,3108.05737304688,8895.7353515625,1136.23913043478,3129.13043478261,8881.71739130435
42,train,1998-01-01,0.0,0.0,0.0,0.0,0.0,0.0,0.0,,,
42,train,1998-04-01,90.0,0.0,0.0,0.0,0.0,0.0,0.0,0.0,0.0,0.0
42,train,1998-07-01,181.0,0.0,0.0,0.0,0.0,0.0,0.0,0.0,0.0,0.0
42,train,1998-10-01,273.0,0.0,0.0,0.0,0.0,0.0,0.0,0.0,0.0,0.0
42,train,1999-01-01,365.0,518325.5,1426714.875,0.0,5633.97265625,15507.76953125,0.0,5633.97282608696,15507.7703804348,0.0
42,train,1999-04-01,455.0,1017777.4375,2801479.25,0.0,5549.4658203125,15275.16015625,0.0,5549.46597222222,15275.1597222222,0.0
42,train,1999-07-01,546.0,1528237.375,4206543.5,0.0,5609.44970703125,15440.26953125,0.0,5609.44986263736,15440.2664835165,0.0
42,train,1999-10-01,638.0,2042621.875,5622411.0,26.7438888549805,5590.91455078125,15389.2509765625,0.900604426860809,5591.13586956522,15389.8641304348,0.290694444075875
42,train,2000-01-01,730.0,2557194.25,7038795.0,2059.98828125,5585.97509765625,15375.654296875,41.9257736206055,5593.17798913043,15395.4782608696,22.1004825260328
42,train,2000-04-01,821.0,3069624.0,8449282.0,11339.4716796875,5621.87060546875,15474.4580078125,127.369689941406,5631.09615384615,15499.8571428571,101.972345037775
42,train,2000-07-01,912.0,3580244.5,9854788.0,27558.796875,5596.88623046875,15405.6875,217.671768188477,5611.21428571429,15445.1208791209,178.234342805632
42,train,2000-10-01,1004.0,4096638.0,11276185.0,64306.56640625,5576.41796875,15349.34765625,500.050903320313,5612.97282608696,15449.9673913043,399.432277513587
42,train,2001-01-01,1096.0,4615000.0,12703000.0,133630.234375,5587.12744140625,15378.826171875,883.549072265625,5634.36956521739,15508.8586956522,753.518130095109
42,train,2001-04-01,1186.0,5126197.0,14110093.0,237236.53125,5634.419921875,15509.0,1276.55078125,5679.96666666667,15634.3666666667,1151.18107638889
42,train,2001-07-01,1277.0,5639312.0,15522467.0,377094.1875,5587.68603515625,15380.36328125,1677.11877441406,5638.62637362637,15520.5934065934,1536.89732142857
42,train,2001-10-01,1369.0,6149526.5,16926856.0,550662.0625,5495.654296875,15127.041015625,2024.66162109375,5545.8097826087,15265.097826087,1886.60733695652
42,train,2002-01-01,1461.0,6653048.0,18312822.0,755316.5625,5426.8251953125,14937.5869140625,2351.76733398438,5473.0597826087,15064.847826087,2224.50543478261
42,train,2002-04-01,1551.0,7138267.0,19648410.0,981796.625,5355.89013671875,14742.3349609375,2613.97485351563,5391.32222222222,14839.8666666667,2516.44513888889
42,train,2002-07-01,1642.0,7622305.5,20980748.0,1232660.0,5283.3564453125,14542.6826171875,2855.14208984375,5319.1043956044,14641.0769230769,2756.74038461538
42,train,2002-10-01,1734.0,8106120.0,22312470.0,1509631.0,5224.27880859375,14380.068359375,3105.72387695313,5258.85326086957,14475.2391304348,3010.55434782609
42,train,2003-01-01,1826.0,8579053.0,23614238.0,1809131.625,5107.3388671875,14058.1865234375,3346.90698242188,5140.57608695652,14149.652173913,3255.44157608696
42,train,2003-04-01,1916.0,9018472.0,24823760.0,2120863.25,4853.85888671875,13360.470703125,3542.34741210938,4882.43333333333,13439.1333333333,3463.68472222222
42,train,2003-07-01,2007.0,9434135.0,25967890.0,2450428.75,4542.29443359375,12502.875,3691.5927734375,4567.72527472528,12572.8571428571,3621.5989010989
42,train,2003-10-01,2099.0,9831464.0,27061558.0,2795509.75,4286.3212890625,11798.296875,3840.26220703125,4318.79347826087,11887.6956521739,3750.88043478261
42,train,2004-01-01,2191.0,10211411.0,28107380.0,3162580.0,4089.189453125,11255.6826171875,4101.84375,4129.85869565217,11367.6304347826,3989.89402173913
42,train,2004-04-01,2282.0,10568090.0,29089154.0,3555987.25,3877.22607421875,10672.2431640625,4439.65673828125,3919.54945054945,10788.7252747253,4323.15659340659
42,train,2004-07-01,2373.0,10906265.0,30019996.0,3977697.0,3680.04663085938,10129.498046875,4733.70849609375,3716.20879120879,10229.032967033,4634.17307692308
42,train,2004-10-01,2465.0,11231783.0,30916000.0,4425643.5,3504.57275390625,9646.498046875,4961.64404296875,3538.23913043478,9739.17391304348,4868.98369565217
42,train,2005-01-01,2557.0,11541643.0,31768904.0,4894494.0,3348.25952148437,9216.23828125,5150.66748046875,3368.04347826087,9270.69565217391,5096.20108695652
42,train,2005-04-01,2647.0,11830330.0,32563530.0,5368376.5,3187.40209960938,8773.4716796875,5321.0556640625,3207.63333333333,8829.17777777778,5265.36111111111
42,train,2005-07-01,2738.0,12105210.0,33320150.0,5862659.5,3006.41357421875,8275.2919921875,5470.896484375,3020.65934065934,8314.50549450549,5431.68131868132
42,train,2005-10-01,2830.0,12368596.0,34045132.0,6374824.0,2849.4580078125,7843.2646484375,5603.9736328125,2862.89130434783,7880.23913043478,5567.00543478261
42,train,2006-01-01,2922.0,12621395.0,34740972.0,6897761.0,2735.10888671875,7528.51318359375,5719.06689453125,2747.8152173913,7563.47826086957,5684.09782608696
42,train,2006-04-01,3012.0,12861812.0,35402728.0,7418560.0,2658.92504882813,7318.8134765625,5820.71142578125,2671.3,7352.84444444444,5786.65555555556
42,train,2006-07-01,3103.0,13100455.0,36059608.0,7955379.0,2608.24877929688,7179.32470703125,5938.22021484375,2622.45054945055,7218.46153846154,5899.10989010989
42,train,2006-10-01,3195.0,13337524.0,36712148.0,8510125.0,2567.4228515625,7066.94970703125,6055.75439453125,2576.83695652174,7092.82608695652,6029.84782608696
42,train,2007-01-01,3287.0,13570590.0,37353676.0,9074157.0,2520.82055664063,6938.6748046875,6165.2138671875,2533.32608695652,6973.13043478261,6130.78260869565
42,train,2007-04-01,3377.0,13794141.0,37969008.0,9635668.0,2474.75732421875,6811.88330078125,6264.1484375,2483.9,6837.02222222222,6239.01111111111
42,train,2007-07-01,3468.0,14016277.0,38580448.0,10213123.0,2429.20703125,6686.50439453125,6378.29345703125,2441.05494505495,6719.12087912088,6345.65934065934
42,train,2007-10-01,3560.0,14236355.0,39186224.0,10807851.0,2382.751953125,6558.634765625,6490.29931640625,2392.15217391304,6584.52173913043,6464.4347826087
42,train,2008-01-01,3652.0,14452106.0,39780088.0,11412660.0,2335.63891601563,6428.9541015625,6600.10986328125,2345.11956521739,6455.04347826087,6574.01086956522
43,train,1998-01-01,0.0,0.0,0.0,0.0,0.0,0.0,0.0,,,
43,train,1998-04-01,90.0,0.0,0.0,0.0,0.0,0.0,0.0,0.0,0.0,0.0
43,train,1998-07-01,181.0,0.0,0.0,0.0,0.0,0.0,0.0,0.0,0.0,0.0
43,train,1998-10-01,273.0,0.0,0.0,0.0,0.0,0.0,0.0,0.0,0.0,0.0
43,train,1999-01-01,365.0,518325.5,1426714.875,0.0,5633.97265625,15507.76953125,0.0,5633.97282608696,15507.7703804348,0.0
43,train,1999-04-01,455.0,1017777.4375,2801479.25,0.0,5549.4658203125,15275.16015625,0.0,5549.46597222222,15275.1597222222,0.0
43,train,1999-07-01,546.0,1528237.25,4206543.5,0.0777396485209465,5609.44775390625,15440.2626953125,0.00605575460940599,5609.44848901099,15440.2664835165,0.000854281851878533
43,train,1999-10-01,638.0,2041205.625,5618512.5,3925.1845703125,5557.6220703125,15297.6103515625,92.5404739379883,5575.74320652174,15347.4891304348,42.6642046811302
43,train,2000-01-01,730.0,2551828.25,7024024.5,16830.431640625,5537.91552734375,15243.3681640625,174.211715698242,5550.24592391304,15277.3043478261,140.27442467731
43,train,2000-04-01,821.0,3056202.25,8412337.0,48283.84375,5487.58935546875,15104.8427734375,496.984344482422,5542.57142857143,15256.1813186813,345.641891311813
43,train,2000-07-01,912.0,3547578.75,9764874.0,117472.890625,5346.9453125,14717.712890625,905.64697265625,5399.74175824176,14863.043956044,760.319196428571
43,train,2000-10-01,1004.0,4038626.25,11116505.0,223986.734375,5278.31396484375,14528.802734375,1320.59655761719,5337.47282608696,14691.6413043478,1157.75917119565
43,train,2001-01-01,1096.0,4527321.0,12461660.0,374969.84375,5248.16796875,14445.8251953125,1816.55041503906,5311.89945652174,14621.25,1641.12075407609
43,train,2001-04-01,1186.0,5006101.5,13779526.0,567804.125,5259.6943359375,14477.55078125,2308.0,5319.78333333333,14642.9555555556,2142.603125
43,train,2001-07-01,1277.0,5485330.5,15098625.0,800935.5,5215.068359375,14354.716796875,2702.76538085938,5266.25274725275,14495.5934065934,2561.88324175824
43,train,2001-10-01,1369.0,5961466.0,16409211.0,1068306.875,5123.5830078125,14102.8984375,3048.8046875,5175.38586956522,14245.5,2906.21059782609
43,train,2002-01-01,1461.0,6429532.5,17697586.0,1370552.875,5041.2607421875,13876.302734375,3413.05078125,5087.67934782609,14004.0760869565,3285.28260869565
43,train,2002-04-01,1551.0,6877540.5,18931944.0,1698260.875,4918.75830078125,13562.7568359375,3793.55249023438,4977.86666666667,13715.0888888889,3641.2
43,train,2002-07-01,1642.0,7317396.5,20143136.0,2070272.125,4755.6435546875,13106.990234375,4290.83447265625,4833.58241758242,13309.8021978022,4088.03571428571
43,train,2002-10-01,1734.0,7739342.0,21307018.0,2515082.0,4483.19970703125,12384.5068359375,5101.28515625,4586.36413043478,12650.8913043478,4834.88994565217
43,train,2003-01-01,1826.0,8136123.0,22401692.0,3021677.0,4224.72705078125,11681.23828125,5723.85498046875,4312.83695652174,11898.6304347826,5506.46739130435
43,train,2003-04-01,1916.0,8498028.0,23396096.0,3548527.5,3964.81567382813,10916.884765625,5985.93359375,4021.16666666667,11048.9333333333,5853.89444444444
43,train,2003-07-01,2007.0,8839440.0,24333850.0,4084468.75,3694.63525390625,10180.3359375,6014.1318359375,3751.78021978022,10304.989010989,5889.46428571429
43,train,2003-10-01,2099.0,9163005.0,25227350.0,4629717.0,3473.447265625,9627.7138671875,6010.845703125,3517.01086956522,9711.95652173913,5926.61141304348
43,train,2004-01-01,2191.0,9470083.0,26078062.0,5185926.0,3290.50219726563,9084.3623046875,6102.0634765625,3337.80434782609,9246.86956521739,6045.75
43,train,2004-04-01,2282.0,9759366.0,26875114.0,5744951.0,3148.62451171875,8670.1171875,6189.7109375,3178.93406593407,8758.81318681319,6143.13186813187
43,train,2004-07-01,2373.0,10035448.0,27635026.0,6312749.0,3008.94458007813,8280.576171875,6277.73291015625,3033.86813186813,8350.68131868132,6239.53846153846
43,train,2004-10-01,2465.0,10301332.0,28366482.0,6896587.0,2867.67260742188,7888.111328125,6382.85546875,2890.04347826087,7950.60869565217,6346.0652173913
43,train,2005-01-01,2557.0,10554868.0,29063386.0,7492281.5,2733.42114257813,7510.99853515625,6514.11181640625,2755.82608695652,7575.04347826087,6474.9402173913
43,train,2005-04-01,2647.0,10789320.0,29707542.0,8088409.0,2585.28247070313,7104.451171875,6661.88818359375,2605.02222222222,7157.28888888889,6623.63888888889
43,train,2005-07-01,2738.0,11010300.0,30315074.0,8704250.0,2414.56420898438,6639.3408203125,6791.92236328125,2428.35164835165,6676.17582417582,6767.48351648352
43,train,2005-10-01,2830.0,11219912.0,30891562.0,9338429.0,2263.94360351563,6226.9619140625,6917.60205078125,2278.39130434783,6266.17391304348,6893.25
43,train,2006-01-01,2922.0,11418787.0,31438680.0,9983779.0,2145.96411132813,5904.0546875,7038.50244140625,2161.6847826087,5946.9347826087,7014.67391304348
43,train,2006-04-01,3012.0,11605290.0,31951820.0,10625620.0,2056.34521484375,5657.9111328125,7155.4736328125,2072.25555555556,5701.55555555556,7131.56666666667
43,train,2006-07-01,3103.0,11787768.0,32453910.0,11285997.0,1988.53051757813,5471.57421875,7281.37548828125,2005.25274725275,5517.47252747253,7256.89010989011
43,train,2006-10-01,3195.0,11967234.0,32947814.0,11964363.0,1928.95617675781,5309.32275390625,7404.81494140625,1950.71739130435,5368.52173913043,7373.54347826087
43,train,2007-01-01,3287.0,12140856.0,33425808.0,12653380.0,1869.60473632813,5147.49072265625,7513.04833984375,1887.19565217391,5195.58695652174,7489.3152173913
43,train,2007-04-01,3377.0,12305526.0,33879220.0,13335874.0,1814.22534179688,4995.3203125,7605.482421875,1829.66666666667,5037.91111111111,7583.26666666667
43,train,2007-07-01,3468.0,12467128.0,34324140.0,14036047.0,1760.2216796875,4846.12841796875,7718.58349609375,1775.84615384615,4889.23076923077,7694.20879120879
43,train,2007-10-01,3560.0,12625719.0,34760716.0,14754468.0,1710.36254882813,4707.638671875,7834.2255859375,1723.8152173913,4745.39130434783,7808.92391304348
43,train,2008-01-01,3652.0,12780818.0,35187432.0,15482229.0,1669.70922851563,4593.19140625,7946.6376953125,1685.85869565217,4638.21739130435,7910.44565217391
44,train,1998-01-01,0.0,0.0,0.0,0.0,0.0,0.0,0.0,,,
44,train,1998-04-01,90.0,0.0,0.0,0.0,0.0,0.0,0.0,0.0,0.0,0.0
44,train,1998-07-01,181.0,0.0,0.0,0.0,0.0,0.0,0.0,0.0,0.0,0.0
44,train,1998-10-01,273.0,0.0,0.0,0.0,0.0,0.0,0.0,0.0,0.0,0.0
44,train,1999-01-01,365.0,518325.5,1426714.875,0.0,5633.97265625,15507.76953125,0.0,5633.97282608696,15507.7703804348,0.0
44,train,1999-04-01,455.0,1017777.4375,2801479.25,0.0,5549.4658203125,15275.16015625,0.0,5549.46597222222,15275.1597222222,0.0
44,train,1999-07-01,546.0,1528236.125,4206540.5,3.42565608024597,5609.3916015625,15440.109375,0.159697756171227,5609.43612637363,15440.2335164835,0.0376445723103953
44,train,1999-10-01,638.0,2041959.375,5620587.5,1850.16870117188,5569.810546875,15331.16015625,58.9911003112793,5583.94836956522,15370.0760869565,20.0732939683873
44,train,2000-01-01,730.0,2553300.75,7028078.0,12776.8330078125,5549.57373046875,15275.4580078125,142.121948242188,5558.05842391304,15298.8097826087,118.768090289572
44,train,2000-04-01,821.0,3060584.75,8424400.0,36220.89453125,5533.86572265625,15232.220703125,369.606475830078,5574.54945054945,15344.1978021978,257.627049708104
44,train,2000-07-01,912.0,3556236.0,9788704.0,93643.453125,5403.734375,14874.02734375,749.332641601563,5446.71703296703,14992.3516483516,631.017127403846
44,train,2000-10-01,1004.0,4052482.25,11154645.0,185847.25,5344.1142578125,14709.919921875,1139.47863769531,5393.98097826087,14847.1847826087,1002.21518342391
44,train,2001-01-01,1096.0,4547815.5,12518072.0,318558.09375,5323.37890625,14652.845703125,1609.529296875,5384.05706521739,14819.8586956522,1442.50917119565
44,train,2001-04-01,1186.0,5033498.0,13854936.0,492394.0,5338.431640625,14694.2783203125,2091.27221679688,5396.47222222222,14854.0444444444,1931.51006944444
44,train,2001-07-01,1277.0,5520050.5,15194193.0,705367.3125,5293.580078125,14570.8232421875,2486.65893554688,5346.73076923077,14717.1098901099,2340.36607142857
44,train,2001-10-01,1369.0,6004200.5,16526839.0,950678.5625,5213.70361328125,14350.9599609375,2800.74340820313,5262.5,14485.2826086957,2666.42663043478
44,train,2002-01-01,1461.0,6481323.0,17840140.0,1227997.375,5142.61572265625,14155.287109375,3134.06689453125,5186.11413043478,14275.0108695652,3014.33491847826
44,train,2002-04-01,1551.0,6940002.0,19102688.0,1527517.25,5054.05810546875,13912.2861328125,3444.02392578125,5096.43333333333,14028.3111111111,3327.99861111111
44,train,2002-07-01,1642.0,7393668.5,20353106.0,1860301.25,4922.43603515625,13580.24609375,3817.57885742188,4985.34615384615,13740.8571428571,3656.96703296703
44,train,2002-10-01,1734.0,7839323.0,21581272.0,2240828.5,4761.95263671875,13137.916015625,4347.87548828125,4844.07065217391,13349.6304347826,4136.16576086957
44,train,2003-01-01,1826.0,8258809.5,22736692.0,2686676.75,4454.36328125,12283.7138671875,5121.37890625,4559.63586956522,12558.9130434783,4846.17663043478
44,train,2003-04-01,1916.0,8638136.0,23777968.0,3166654.5,4138.0380859375,11389.6083984375,5513.20947265625,4214.73888888889,11569.7333333333,5333.08611111111
44,train,2003-07-01,2007.0,8992771.0,24753860.0,3664458.75,3851.48657226563,10607.1669921875,5587.30126953125,3897.08791208791,10724.0879120879,5470.37637362637
44,train,2003-10-01,2099.0,9330196.0,25683170.0,4173896.75,3635.01806640625,10014.9921875,5623.5673828125,3667.66304347826,10101.1956521739,5537.36956521739
44,train,2004-01-01,2191.0,9651728.0,26570324.0,4699636.5,3464.99975585938,9576.693359375,5780.83251953125,3494.91304347826,9642.97826086957,5714.5625
44,train,2004-04-01,2282.0,9956059.0,27413114.0,5232029.0,3309.47924804688,9186.5810546875,5925.3193359375,3344.2967032967,9261.42857142857,5850.46703296703
44,train,2004-07-01,2373.0,10245692.0,28214358.0,5776097.0,3149.953125,8692.748046875,6019.34130859375,3182.78021978022,8804.87912087912,5978.76923076923
44,train,2004-10-01,2465.0,10524200.0,28981750.0,6335934.5,3001.02709960938,8265.529296875,6121.3798828125,3027.26086956522,8341.21739130435,6085.1902173913
44,train,2005-01-01,2557.0,10789680.0,29712622.0,6906857.0,2862.19604492188,7878.24853515625,6241.1591796875,2885.65217391304,7944.26086956522,6205.67934782609
44,train,2005-04-01,2647.0,11035778.0,30389868.0,7477033.0,2714.796875,7470.42138671875,6366.28125,2734.42222222222,7524.95555555556,6335.28888888889
44,train,2005-07-01,2738.0,11268654.0,31030278.0,8065378.5,2545.53198242188,6998.68505859375,6489.24072265625,2559.07692307692,7037.47252747253,6465.33516483516
44,train,2005-10-01,2830.0,11490517.0,31639870.0,8671424.0,2397.89990234375,6587.6328125,6611.7275390625,2411.55434782609,6626.0,6587.45108695652
44,train,2006-01-01,2922.0,11702238.0,32221742.0,9288956.0,2287.87939453125,6289.03515625,6736.9951171875,2301.3152173913,6324.69565217391,6712.30434782609
44,train,2006-04-01,3012.0,11902035.0,32771212.0,9903763.0,2205.81469726563,6067.169921875,6856.3505859375,2219.96666666667,6105.22222222222,6831.18888888889
44,train,2006-07-01,3103.0,12098592.0,33312042.0,10537173.0,2145.20678710938,5903.10498046875,6985.68994140625,2159.96703296703,5943.18681318681,6960.54945054945
44,train,2006-10-01,3195.0,12292544.0,33845836.0,11189037.0,2091.82299804688,5757.28564453125,7112.087890625,2108.17391304348,5802.10869565217,7085.47826086957
44,train,2007-01-01,3287.0,12481506.0,34365936.0,11851539.0,2037.6796875,5608.6611328125,7226.4228515625,2053.9347826087,5653.26086956522,7201.10869565217
44,train,2007-04-01,3377.0,12661525.0,34861440.0,12508858.0,1984.74401855469,5463.0009765625,7327.94921875,2000.21111111111,5505.6,7303.54444444444
44,train,2007-07-01,3468.0,12838901.0,35349648.0,13183522.0,1934.46533203125,5324.32958984375,7436.58056640625,1949.18681318681,5364.92307692308,7413.89010989011
44,train,2007-10-01,3560.0,13013384.0,35829896.0,13875376.0,1881.33972167969,5178.25146484375,7543.04931640625,1896.55434782609,5220.08695652174,7520.15217391304
44,train,2008-01-01,3652.0,13182841.0,36296324.0,14576611.0,1826.53735351562,5027.5498046875,7644.93505859375,1841.92391304348,5069.86956521739,7622.11956521739
45,train,1998-01-01,0.0,0.0,0.0,0.0,0.0,0.0,0.0,,,
45,train,1998-04-01,90.0,0.0,0.0,0.0,0.0,0.0,0.0,0.0,0.0,0.0
45,train,1998-07-01,181.0,0.0,0.0,0.0,0.0,0.0,0.0,0.0,0.0,0.0
45,train,1998-10-01,273.0,0.0,0.0,0.0,0.0,0.0,0.0,0.0,0.0,0.0
45,train,1999-01-01,365.0,518325.5,1426714.875,0.0,5633.97265625,15507.76953125,0.0,5633.97282608696,15507.7703804348,0.0
45,train,1999-04-01,455.0,1017777.4375,2801479.25,0.0,5549.4658203125,15275.16015625,0.0,5549.46597222222,15275.1597222222,0.0
45,train,1999-07-01,546.0,1528237.375,4206543.5,0.0,5609.44970703125,15440.26953125,0.0,5609.44986263736,15440.2664835165,0.0
45,train,1999-10-01,638.0,2042417.25,5621847.5,590.119201660156,5580.95751953125,15361.84375,28.3077640533447,5588.91168478261,15383.7391304348,6.41433914847996
45,train,2000-01-01,730.0,2554785.25,7032164.0,8691.1044921875,5558.09130859375,15298.90234375,118.677589416504,5569.21739130435,15329.527173913,88.0541879405146
45,train,2000-04-01,821.0,3065211.75,8437137.0,23484.705078125,5594.15966796875,15398.181640625,203.645629882813,5609.08241758242,15439.2637362637,162.567039405907
45,train,2000-07-01,912.0,3568786.0,9823248.0,59099.14453125,5494.51708984375,15123.9111328125,499.448760986328,5533.78296703297,15231.989010989,391.367466517857
45,train,2000-10-01,1004.0,4073882.25,11213549.0,126943.0546875,5436.1396484375,14963.2255859375,886.173767089844,5490.17663043478,15111.9673913043,737.433806046196
45,train,2001-01-01,1096.0,4579180.0,12604405.0,232225.546875,5444.6005859375,14986.5146484375,1275.86071777344,5492.36684782609,15118.0,1144.37491508152
45,train,2001-04-01,1186.0,5075861.5,13971542.0,375787.5625,5457.57568359375,15022.228515625,1763.32202148438,5518.68333333333,15190.4111111111,1595.13350694444
45,train,2001-07-01,1277.0,5572807.5,15339409.0,560151.6875,5406.7158203125,14882.234375,2175.24731445313,5460.94505494505,15031.5054945055,2025.9793956044
45,train,2001-10-01,1369.0,6066763.0,16699045.0,778472.8125,5323.23046875,14652.4365234375,2499.26635742188,5369.08152173913,14778.652173913,2373.05570652174
45,train,2002-01-01,1461.0,6553417.0,18041474.0,1026663.8125,5241.52490234375,14473.576171875,2815.77758789063,5289.71739130435,14591.6195652174,2697.72826086957
45,train,2002-04-01,1551.0,7020327.0,19333400.0,1296805.5,5138.10107421875,14245.9990234375,3110.31030273438,5187.88888888889,14354.7333333333,3001.57430555556
45,train,2002-07-01,1642.0,7485459.5,20616608.0,1596799.25,5080.2822265625,13999.34765625,3398.4765625,5111.34615384615,14101.1868131868,3296.63461538462
45,train,2002-10-01,1734.0,7944974.0,21884174.0,1928800.125,4912.1337890625,13555.03125,3731.5556640625,4994.72282608696,13777.8913043478,3608.70516304348
45,train,2003-01-01,1826.0,8383923.0,23093800.0,2294327.75,4712.24853515625,12954.98046875,4109.89892578125,4771.1847826087,13148.1086956522,3973.12635869565
45,train,2003-04-01,1916.0,8787228.0,24202488.0,2690428.25,4408.35498046875,12122.8369140625,4576.232421875,4481.16666666667,12318.7555555556,4401.11666666667
45,train,2003-07-01,2007.0,9161662.0,25232708.0,3122453.5,4050.47265625,11146.8505859375,4892.24169921875,4114.65934065934,11321.0989010989,4747.53021978022
45,train,2003-10-01,2099.0,9514838.0,26204816.0,3575106.0,3780.7529296875,10407.275390625,5038.30615234375,3838.86956521739,10566.3913043478,4920.13586956522
45,train,2004-01-01,2191.0,9848595.0,27123640.0,4048477.5,3588.0126953125,9878.208984375,5218.89892578125,3627.79347826087,9987.21739130435,5145.34239130435
45,train,2004-04-01,2282.0,10162767.0,27988616.0,4532473.0,3412.38793945313,9395.13671875,5390.3271484375,3452.43956043956,9505.23076923077,5318.63186813187
45,train,2004-07-01,2373.0,10461633.0,28811456.0,5030755.0,3246.646484375,8938.84375,5538.96240234375,3284.24175824176,9042.1978021978,5475.62637362637
45,train,2004-10-01,2465.0,10748677.0,29601774.0,5547402.0,3084.72094726563,8493.3408203125,5665.3427734375,3120.04347826087,8590.41304347826,5615.72826086957
45,train,2005-01-01,2557.0,11022328.0,30355190.0,6075230.5,2943.74633789063,8104.42333984375,5780.216796875,2974.46739130435,8189.30434782609,5737.26630434783
45,train,2005-04-01,2647.0,11276490.0,31054858.0,6602600.0,2803.03076171875,7716.1943359375,5892.00732421875,2824.02222222222,7774.08888888889,5859.66111111111
45,train,2005-07-01,2738.0,11518124.0,31719990.0,7145795.0,2638.26708984375,7262.23291015625,5994.8466796875,2655.31868131868,7309.14285714286,5969.17582417582
45,train,2005-10-01,2830.0,11748843.0,32355022.0,7704956.5,2495.54272460938,6868.6552734375,6096.84228515625,2507.8152173913,6902.52173913043,6077.84239130435
45,train,2006-01-01,2922.0,11969772.0,32962980.0,8273468.0,2388.20092773438,6571.47998046875,6200.197265625,2401.40217391304,6608.23913043478,6179.47282608696
45,train,2006-04-01,3012.0,12178961.0,33538276.0,8838931.0,2311.34106445313,6355.30859375,6304.822265625,2324.32222222222,6392.17777777778,6282.92222222222
45,train,2006-07-01,3103.0,12385462.0,34105800.0,9421414.0,2255.51098632813,6197.8896484375,6424.50390625,2269.24175824176,6236.52747252747,6400.91208791209
45,train,2006-10-01,3195.0,12590038.0,34668096.0,10021570.0,2209.02587890625,6072.6259765625,6550.6103515625,2223.65217391304,6111.91304347826,6523.4347826087
45,train,2007-01-01,3287.0,12790154.0,35218484.0,10632907.0,2160.52099609375,5943.13134765625,6672.0439453125,2175.17391304348,5982.47826086957,6644.96739130435
45,train,2007-04-01,3377.0,12981576.0,35745196.0,11240834.0,2112.63818359375,5813.45947265625,6781.0009765625,2126.91111111111,5852.35555555556,6754.74444444444
45,train,2007-07-01,3468.0,13171055.0,36266672.0,11865830.0,2064.5693359375,5682.384765625,6898.75390625,2082.18681318681,5730.50549450549,6868.08791208791
45,train,2007-10-01,3560.0,13358082.0,36781472.0,12507954.0,2015.11547851563,5546.79931640625,7009.84814453125,2032.90217391304,5595.65217391304,6979.60869565217
45,train,2008-01-01,3652.0,13540220.0,37282840.0,13160400.0,1966.10290527344,5412.07763671875,7114.56298828125,1979.76086956522,5449.65217391304,7091.80434782609
46,train,1998-01-01,0.0,0.0,0.0,0.0,0.0,0.0,0.0,,,
46,train,1998-04-01,90.0,0.0,0.0,0.0,0.0,0.0,0.0,0.0,0.0,0.0
46,train,1998-07-01,181.0,0.0,0.0,0.0,0.0,0.0,0.0,0.0,0.0,0.0
46,train,1998-10-01,273.0,0.0,0.0,0.0,0.0,0.0,0.0,0.0,0.0,0.0
46,train,1999-01-01,365.0,518325.5,1426714.875,0.0,5633.97265625,15507.76953125,0.0,5633.97282608696,15507.7703804348,0.0
46,train,1999-04-01,455.0,1017777.4375,2801479.25,0.0,5549.4658203125,15275.16015625,0.0,5549.46597222222,15275.1597222222,0.0
46,train,1999-07-01,546.0,1528219.25,4206494.0,49.8014526367188,5607.74609375,15435.580078125,4.68924617767334,5609.25068681319,15439.7225274725,0.547268710293613
46,train,1999-10-01,638.0,2039935.625,5615017.0,7420.798828125,5545.12841796875,15263.220703125,126.930130004883,5562.13451086957,15310.0326086957,80.11953669009
46,train,2000-01-01,730.0,2548710.75,7015444.0,25411.205078125,5502.15380859375,15144.931640625,272.648742675781,5530.16440217391,15222.0326086957,195.547894021739
46,train,2000-04-01,821.0,3046444.75,8385479.5,75141.671875,5404.40234375,14875.8671875,725.96044921875,5469.6043956044,15055.3351648352,546.488646119505
46,train,2000-07-01,912.0,3530738.75,9718521.0,163825.625,5265.83251953125,14494.447265625,1128.91284179688,5321.91208791209,14648.8076923077,974.54893543956
46,train,2000-10-01,1004.0,4013282.0,11046744.0,293747.8125,5177.13720703125,14250.30859375,1599.09033203125,5245.03532608696,14437.2065217391,1412.19769021739
46,train,2001-01-01,1096.0,4492728.0,12366440.0,470190.0,5149.666015625,14174.693359375,2087.68139648438,5211.36956521739,14344.5217391304,1917.84986413043
46,train,2001-04-01,1186.0,4962229.0,13658764.0,688566.125,5163.60400390625,14213.05859375,2572.49243164063,5216.67777777778,14359.1555555556,2426.40138888889
46,train,2001-07-01,1277.0,5432020.5,14951886.0,947674.375,5105.96142578125,14054.39453125,3003.087890625,5162.54395604396,14210.1318681319,2847.34340659341
46,train,2001-10-01,1369.0,5896019.5,16232352.0,1245165.25,4990.22509765625,13783.669921875,3368.03271484375,5043.46739130435,13918.1086956522,3233.5964673913
46,train,2002-01-01,1461.0,6347797.5,17483176.0,1581033.875,4810.728515625,13294.8037109375,3824.95483398438,4910.63043478261,13595.9130434783,3650.74592391304
46,train,2002-04-01,1551.0,6770940.5,18647632.0,1955250.625,4604.85888671875,12668.919921875,4388.80615234375,4701.58888888889,12938.4,4157.96388888889
46,train,2002-07-01,1642.0,7171800.0,19751006.0,2404716.5,4301.4599609375,11841.6708984375,5180.17333984375,4405.04945054945,12124.989010989,4939.18543956044
46,train,2002-10-01,1734.0,7555271.0,20806794.0,2919438.5,4064.29418945313,11190.322265625,5815.71875,4168.16304347826,11475.9565217391,5594.80434782609
46,train,2003-01-01,1826.0,7914821.5,21796796.0,3470996.5,3816.54272460938,10508.8017578125,6103.71044921875,3908.15760869565,10760.8913043478,5995.19565217391
46,train,2003-04-01,1916.0,8247326.0,22712340.0,4038475.5,3633.0185546875,10003.6083984375,6407.1337890625,3694.49444444444,10172.7111111111,6305.32222222222
46,train,2003-07-01,2007.0,8561039.0,23576142.0,4606798.0,3393.50219726563,9343.474609375,6322.017578125,3447.3956043956,9492.32967032967,6245.3021978022
46,train,2003-10-01,2099.0,8859307.0,24397268.0,5174887.5,3205.7890625,8825.1181640625,6231.22119140625,3242.04347826087,8925.28260869565,6174.88586956522
46,train,2004-01-01,2191.0,9142915.0,25177934.0,5750261.0,3055.96850585938,8411.1220703125,6295.27099609375,3082.69565217391,8485.5,6254.0597826087
46,train,2004-04-01,2282.0,9410909.0,25915412.0,6326815.5,2916.7822265625,8025.74658203125,6380.3896484375,2944.98901098901,8104.15384615385,6335.76373626374
46,train,2004-07-01,2373.0,9665995.0,26616812.0,6912758.5,2780.2041015625,7642.16796875,6479.5439453125,2803.14285714286,7707.69230769231,6438.93406593407
46,train,2004-10-01,2465.0,9910823.0,27289604.0,7516441.5,2639.04272460938,7253.4033203125,6604.2275390625,2661.17391304348,7312.95652173913,6561.77173913043
46,train,2005-01-01,2557.0,10143174.0,27928510.0,8133050.5,2504.7314453125,6888.646484375,6739.8916015625,2525.55434782609,6944.63043478261,6702.27173913043
46,train,2005-04-01,2647.0,10357050.0,28516866.0,8749215.0,2356.5205078125,6483.4189453125,6880.41943359375,2376.4,6537.28888888889,6846.27222222222
46,train,2005-07-01,2738.0,10557250.0,29067674.0,9384348.0,2181.1552734375,6001.21240234375,7010.30810546875,2200.0,6052.83516483516,6979.48351648352
46,train,2005-10-01,2830.0,10745470.0,29585544.0,10037912.0,2027.41198730469,5578.54541015625,7131.58984375,2045.86956521739,5629.02173913043,7103.95652173913
46,train,2006-01-01,2922.0,10922640.0,30073038.0,10702458.0,1910.40759277344,5256.705078125,7244.865234375,1925.76086956522,5298.84782608696,7223.32608695652
46,train,2006-04-01,3012.0,11087979.0,30528044.0,11362196.0,1820.90087890625,5011.6591796875,7353.01416015625,1837.1,5055.62222222222,7330.42222222222
46,train,2006-07-01,3103.0,11249005.0,30971362.0,12039922.0,1753.36120605469,4827.53076171875,7469.17626953125,1769.51648351648,4871.62637362637,7447.53846153846
46,train,2006-10-01,3195.0,11407512.0,31407788.0,12734660.0,1700.01501464844,4680.646484375,7585.63525390625,1722.90217391304,4743.76086956522,7551.5
46,train,2007-01-01,3287.0,11560549.0,31829118.0,13440663.0,1648.02563476563,4537.1162109375,7698.86767578125,1663.44565217391,4579.67391304348,7673.94565217391
46,train,2007-04-01,3377.0,11706093.0,32229572.0,14141365.0,1603.34106445313,4410.4892578125,7817.44384765625,1617.15555555556,4449.48888888889,7785.57777777778
46,train,2007-07-01,3468.0,11848660.0,32621686.0,14864472.0,1551.70031738281,4267.7978515625,7983.16796875,1566.67032967033,4308.94505494505,7946.23076923077
46,train,2007-10-01,3560.0,11988430.0,33006196.0,15609258.0,1506.982421875,4146.10009765625,8125.2744140625,1519.23913043478,4179.45652173913,8095.5
46,train,2008-01-01,3652.0,12124511.0,33380646.0,16365328.0,1468.42651367188,4040.76611328125,8243.484375,1479.14130434783,4070.10869565217,8218.15217391304
47,train,1998-01-01,0.0,0.0,0.0,0.0,0.0,0.0,0.0,,,
47,train,1998-04-01,90.0,0.0,0.0,0.0,0.0,0.0,0.0,0.0,0.0,0.0
47,train,1998-07-01,181.0,0.0,0.0,0.0,0.0,0.0,0.0,0.0,0.0,0.0
47,train,1998-10-01,273.0,0.0,0.0,0.0,0.0,0.0,0.0,0.0,0.0,0.0
47,train,1999-01-01,365.0,518325.5,1426714.875,0.0,5633.97265625,15507.76953125,0.0,5633.97282608696,15507.7703804348,0.0
47,train,1999-04-01,455.0,1017777.4375,2801479.25,0.0,5549.4658203125,15275.16015625,0.0,5549.46597222222,15275.1597222222,0.0
47,train,1999-07-01,546.0,1528237.0,4206543.0,0.875571310520172,5609.43701171875,15440.2333984375,0.0353477597236633,5609.44574175824,15440.260989011,0.00962166275296892
47,train,1999-10-01,638.0,2042528.625,5622154.0,283.578704833984,5587.63671875,15380.2275390625,9.92338657379151,5590.12635869565,15387.0760869565,3.07286014699417
47,train,2000-01-01,730.0,2555348.0,7033713.0,7141.90283203125,5563.193359375,15312.9462890625,104.634094238281,5574.12364130435,15343.0326086957,74.547001382579
47,train,2000-04-01,821.0,3066096.25,8439572.0,21049.810546875,5599.58203125,15413.107421875,188.719757080078,5612.61813186813,15449.0,152.834150712569
47,train,2000-07-01,912.0,3570603.0,9828249.0,54097.7265625,5504.54736328125,15151.51953125,471.840148925781,5544.03021978022,15260.1868131868,363.163912259615
47,train,2000-10-01,1004.0,4076284.75,11220162.0,120330.15625,5447.77685546875,14995.2568359375,854.141845703125,5496.54076086957,15129.4891304348,719.917713994565
47,train,2001-01-01,1096.0,4582442.5,12613384.0,223246.578125,5452.3056640625,15007.72265625,1254.65258789063,5501.71467391304,15143.7173913043,1118.65675951087
47,train,2001-04-01,1186.0,5079877.5,13982597.0,364732.40625,5469.048828125,15053.80859375,1731.74194335938,5527.05555555556,15213.4777777778,1572.06475694444
47,train,2001-07-01,1277.0,5577960.5,15353594.0,545967.125,5419.13623046875,14916.4228515625,2141.05932617188,5473.43956043956,15065.9010989011,1991.59031593407
47,train,2001-10-01,1369.0,6072768.5,16715576.0,761941.875,5334.294921875,14682.8935546875,2468.8095703125,5378.34782608696,14804.152173913,2347.55163043478
47,train,2002-01-01,1461.0,6561674.0,18061310.0,1006828.25,5272.501953125,14512.8046875,2776.54907226563,5314.1902173913,14627.5434782609,2661.80842391304
47,train,2002-04-01,1551.0,7032860.0,19358270.0,1271934.875,5195.4638671875,14300.7529296875,3055.55639648438,5235.4,14410.6666666667,2945.62916666667
47,train,2002-07-01,1642.0,7501411.0,20647980.0,1565428.375,5108.884765625,14062.44140625,3335.38305664063,5148.91208791209,14172.6373626374,3225.2032967033
47,train,2002-10-01,1734.0,7967668.5,21931374.0,1890726.125,5027.654296875,13838.8505859375,3646.94116210938,5068.01630434783,13949.9347826087,3535.84510869565
47,train,2003-01-01,1826.0,8419907.0,23176182.0,2247188.25,4863.13916015625,13386.0146484375,4019.07836914063,4915.63586956522,13530.5217391304,3874.58831521739
47,train,2003-04-01,1916.0,8833400.0,24314340.0,2630282.75,4534.4697265625,12481.3369140625,4421.48095703125,4594.36666666667,12646.2,4256.60555555556
47,train,2003-07-01,2007.0,9215362.0,25365710.0,3052610.0,4138.76904296875,11392.1533203125,4802.31494140625,4197.38461538462,11553.5164835165,4640.95879120879
47,train,2003-10-01,2099.0,9574985.0,26355588.0,3501479.0,3863.9794921875,10635.7822265625,5002.77685546875,3908.94565217391,10759.5434782609,4879.01086956522
47,train,2004-01-01,2191.0,9917557.0,27298532.0,3971426.75,3687.88427734375,10151.0712890625,5206.45458984375,3723.60869565217,10249.3913043478,5108.1277173913
47,train,2004-04-01,2282.0,10241327.0,28189724.0,4455417.5,3535.07177734375,9730.4482421875,5381.4521484375,3557.91208791209,9793.31868131868,5318.57967032967
47,train,2004-07-01,2373.0,10551738.0,29044146.0,4953548.0,3386.99267578125,9322.853515625,5540.35205078125,3411.10989010989,9389.25274725275,5473.96153846154
47,train,2004-10-01,2465.0,10851617.0,29869576.0,5472066.5,3239.17236328125,8915.970703125,5692.1708984375,3259.55434782609,8972.0652173913,5636.07065217391
47,train,2005-01-01,2557.0,11138733.0,30659874.0,6003523.5,3102.40087890625,8539.5009765625,5827.40478515625,3120.82608695652,8590.19565217391,5776.70652173913
47,train,2005-04-01,2647.0,11406338.0,31396470.0,6535436.0,2957.45385742188,8140.52783203125,5953.9990234375,2973.38888888889,8184.4,5910.13888888889
47,train,2005-07-01,2738.0,11661289.0,32098236.0,7084573.0,2789.15600585938,7677.2802734375,6068.908203125,2801.65934065934,7711.71428571429,6034.47252747253
47,train,2005-10-01,2830.0,11905217.0,32769658.0,7650296.0,2641.72094726563,7271.458984375,6175.779296875,2651.39130434783,7298.0652173913,6149.16304347826
47,train,2006-01-01,2922.0,12138850.0,33412744.0,8225989.0,2531.251953125,6967.3876953125,6280.1923828125,2539.48913043478,6990.0652173913,6257.53260869565
47,train,2006-04-01,3012.0,12360271.0,34022216.0,8799074.0,2450.89721679688,6746.2080078125,6393.3173828125,2460.23333333333,6771.91111111111,6367.61111111111
47,train,2006-07-01,3103.0,12579455.0,34625528.0,9389456.0,2395.00146484375,6592.35205078125,6525.19287109375,2408.61538461538,6629.8021978022,6487.71428571429
47,train,2006-10-01,3195.0,12796396.0,35222668.0,9999606.0,2346.59643554688,6459.115234375,6663.5888671875,2358.05434782609,6490.65217391304,6632.0652173913
47,train,2007-01-01,3287.0,13008379.0,35806164.0,10621670.0,2293.06396484375,6311.7646484375,6792.12451171875,2304.16304347826,6342.34782608696,6761.5652173913
47,train,2007-04-01,3377.0,13211095.0,36364148.0,11240528.0,2241.80078125,6170.66015625,6905.37158203125,2252.4,6199.82222222222,6876.2
47,train,2007-07-01,3468.0,13411592.0,36916028.0,11877546.0,2193.244140625,6037.00537109375,7027.79248046875,2203.26373626374,6064.61538461538,7000.1978021978
47,train,2007-10-01,3560.0,13609898.0,37461872.0,12532202.0,2145.63696289063,5905.96484375,7142.96923828125,2155.5,5933.08695652174,7115.82608695652
47,train,2008-01-01,3652.0,13803849.0,37995732.0,13197018.0,2098.73828125,5776.8740234375,7252.18994140625,2108.16304347826,5802.82608695652,7226.26086956522
48,train,1998-01-01,0.0,0.0,0.0,0.0,0.0,0.0,0.0,,,
48,train,1998-04-01,90.0,0.0,0.0,0.0,0.0,0.0,0.0,0.0,0.0,0.0
48,train,1998-07-01,181.0,0.0,0.0,0.0,0.0,0.0,0.0,0.0,0.0,0.0
48,train,1998-10-01,273.0,0.0,0.0,0.0,0.0,0.0,0.0,0.0,0.0,0.0
48,train,1999-01-01,365.0,518325.5,1426714.875,0.0,5633.97265625,15507.76953125,0.0,5633.97282608696,15507.7703804348,0.0
48,train,1999-04-01,455.0,1017777.4375,2801479.25,0.0,5549.4658203125,15275.16015625,0.0,5549.46597222222,15275.1597222222,0.0
48,train,1999-07-01,546.0,1528237.375,4206543.5,0.0,5609.44970703125,15440.26953125,0.0,5609.44986263736,15440.2664835165,0.0
48,train,1999-10-01,638.0,2042530.125,5622158.5,279.343933105469,5586.01318359375,15375.7587890625,14.392017364502,5590.13858695652,15387.1195652174,3.03634709897249
48,train,2000-01-01,730.0,2555362.5,7033753.0,7101.83251953125,5562.35888671875,15310.6494140625,106.930480957031,5574.26494565217,15343.4184782609,74.1574846350628
48,train,2000-04-01,821.0,3066360.0,8440297.0,20323.8359375,5605.65087890625,15429.8125,172.014831542969,5615.35714285714,15456.5274725275,145.296740856799
48,train,2000-07-01,912.0,3572392.0,9833174.0,49173.421875,5523.4111328125,15203.443359375,419.915893554688,5560.79120879121,15306.3406593407,317.028416895604
48,train,2000-10-01,1004.0,4080309.75,11231240.0,109251.2890625,5472.546875,15063.4375,785.961486816406,5520.84510869565,15196.3695652174,653.020295516304
48,train,2001-01-01,1096.0,4588866.5,12631067.0,205563.171875,5482.5302734375,15090.9169921875,1171.45825195313,5527.79076086957,15215.5108695652,1046.86829144022
48,train,2001-04-01,1186.0,5089786.5,14009872.0,337457.5,5506.35986328125,15156.509765625,1629.04138183594,5565.77777777778,15320.0555555556,1465.49253472222
48,train,2001-07-01,1277.0,5591053.5,15389633.0,509927.5,5453.25390625,15010.3330078125,2047.14904785156,5508.42857142857,15162.2087912088,1895.27472527473
48,train,2001-10-01,1369.0,6089306.0,16761096.0,716421.25,5366.11572265625,14770.48046875,2381.22216796875,5415.78804347826,14907.2065217391,2244.4972826087
48,train,2002-01-01,1461.0,6580031.0,18114846.0,953291.9375,5283.4375,14597.3115234375,2692.0419921875,5333.96739130435,14714.6739130435,2574.68138586957
48,train,2002-04-01,1551.0,7050842.0,19418648.0,1211558.375,5179.6123046875,14374.5390625,2981.7705078125,5231.23333333333,14486.6888888889,2869.62708333333
48,train,2002-07-01,1642.0,7520081.0,20712684.0,1500049.0,5119.89599609375,14112.4541015625,3264.107421875,5156.47252747253,14220.1758241758,3170.22664835165
48,train,2002-10-01,1734.0,7984805.5,21993832.0,1818634.375,4990.6123046875,13754.927734375,3566.044921875,5051.35326086957,13925.5217391304,3462.88451086957
48,train,2003-01-01,1826.0,8431746.0,23226838.0,2165366.5,4780.78662109375,13186.22265625,3882.4384765625,4858.04891304348,13402.2391304348,3768.82744565217
48,train,2003-04-01,1916.0,8844278.0,24361076.0,2533599.0,4527.3583984375,12443.0185546875,4225.53076171875,4583.68888888889,12602.6444444444,4091.47222222222
48,train,2003-07-01,2007.0,9229989.0,25421836.0,2933282.0,4169.4833984375,11470.2841796875,4553.68701171875,4238.58241758242,11656.7032967033,4392.12087912088
48,train,2003-10-01,2099.0,9591598.0,26416950.0,3361788.0,3874.68505859375,10664.1875,4778.05859375,3930.53260869565,10816.4565217391,4657.67391304348
48,train,2004-01-01,2191.0,9933849.0,27359020.0,3812792.5,3667.74536132813,10096.5654296875,5006.5810546875,3720.11956521739,10239.8913043478,4902.22282608696
48,train,2004-04-01,2282.0,10254986.0,28243098.0,4278464.0,3490.45556640625,9609.427734375,5188.2060546875,3528.97802197802,9715.14285714286,5117.26923076923
48,train,2004-07-01,2373.0,10560166.0,29083290.0,4760225.5,3320.18017578125,9140.9423828125,5353.49755859375,3353.62637362637,9232.87912087912,5294.08241758242
48,train,2004-10-01,2465.0,10853939.0,29892088.0,5260960.0,3154.30102539063,8684.5087890625,5506.66015625,3193.1847826087,8791.28260869565,5442.76630434783
48,train,2005-01-01,2557.0,11133069.0,30660606.0,5776103.0,3001.02319335938,8262.662109375,5646.48876953125,3034.02173913043,8353.45652173913,5599.38043478261
48,train,2005-04-01,2647.0,11392174.0,31373930.0,6291323.5,2853.349609375,7855.09716796875,5761.6416015625,2878.94444444444,7925.82222222222,5724.67222222222
48,train,2005-07-01,2738.0,11638407.0,32051736.0,6822690.0,2690.0146484375,7404.830078125,5863.5390625,2705.85714285714,7448.41758241758,5839.19230769231
48,train,2005-10-01,2830.0,11874348.0,32701194.0,7368940.5,2548.2265625,7014.36669921875,5961.89111328125,2564.57608695652,7059.32608695652,5937.50543478261
48,train,2006-01-01,2922.0,12100247.0,33322994.0,7924712.0,2442.77905273438,6723.81689453125,6060.4111328125,2455.42391304348,6758.69565217391,6040.99456521739
48,train,2006-04-01,3012.0,12314590.0,33912896.0,8476777.0,2363.734375,6504.83203125,6161.91455078125,2381.58888888889,6554.46666666667,6134.05555555556
48,train,2006-07-01,3103.0,12525909.0,34494148.0,9045956.0,2308.44848632813,6348.451171875,6277.8310546875,2322.18681318681,6387.38461538462,6254.71428571429
48,train,2006-10-01,3195.0,12735412.0,35070024.0,9632021.0,2263.0830078125,6219.79296875,6394.55810546875,2277.20652173913,6259.52173913043,6370.27173913043
48,train,2007-01-01,3287.0,12940730.0,35634324.0,10228483.0,2217.466796875,6095.2109375,6510.23291015625,2231.71739130435,6133.69565217391,6483.28260869565
48,train,2007-04-01,3377.0,13137298.0,36174884.0,10821872.0,2169.9541015625,5968.41259765625,6619.35205078125,2184.08888888889,6006.22222222222,6593.21111111111
48,train,2007-07-01,3468.0,13331816.0,36710080.0,11432657.0,2123.6650390625,5843.47119140625,6737.72216796875,2137.56043956044,5881.27472527472,6711.92307692308
48,train,2007-10-01,3560.0,13524457.0,37240236.0,12060135.0,2075.71899414063,5712.935546875,6853.06884765625,2093.92391304348,5762.5652173913,6820.41304347826
48,train,2008-01-01,3652.0,13712221.0,37757072.0,12698148.0,2027.22424316406,5580.24658203125,6958.24853515625,2040.91304347826,5617.78260869565,6934.92391304348
49,train,1998-01-01,0.0,0.0,0.0,0.0,0.0,0.0,0.0,,,
49,train,1998-04-01,90.0,0.0,0.0,0.0,0.0,0.0,0.0,0.0,0.0,0.0
49,train,1998-07-01,181.0,0.0,0.0,0.0,0.0,0.0,0.0,0.0,0.0,0.0
49,train,1998-10-01,273.0,0.0,0.0,0.0,0.0,0.0,0.0,0.0,0.0,0.0
49,train,1999-01-01,365.0,518325.5,1426714.875,0.0,5633.97265625,15507.76953125,0.0,5633.97282608696,15507.7703804348,0.0
49,train,1999-04-01,455.0,1017777.375,2801479.25,0.0072884252294898,5549.46533203125,15275.1591796875,0.000395739218220115,5549.46527777778,15275.1597222222,8.09825025498867e-05
49,train,1999-07-01,546.0,1528065.875,4206072.0,471.942779541016,5599.05517578125,15411.658203125,28.611255645752,5607.56593406593,15435.0851648352,5.18610429797568
49,train,1999-10-01,638.0,2038827.125,5611965.5,10472.029296875,5537.14697265625,15241.2529296875,148.898468017578,5551.7527173913,15281.4510869565,108.696592579717
49,train,2000-01-01,730.0,2544063.75,7002653.0,38201.93359375,5437.8046875,14967.80859375,449.771514892578,5491.70244565217,15116.1684782609,301.412003226902
49,train,2000-04-01,821.0,3034570.5,8352795.5,107825.8203125,5324.734375,14656.5771484375,945.250061035156,5390.18406593407,14836.7307692308,765.09765625
49,train,2000-07-01,912.0,3511312.0,9665048.0,217298.65625,5170.91064453125,14233.1689453125,1390.19067382813,5238.91758241758,14420.3571428571,1202.99819711538
49,train,2000-10-01,1004.0,3985145.5,10969297.0,371195.15625,5086.4970703125,14000.8173828125,1848.58166503906,5150.36413043478,14176.6195652174,1672.78804347826
49,train,2001-01-01,1096.0,4456283.5,12266126.0,570504.3125,5063.912109375,13938.6513671875,2323.7236328125,5121.0652173913,14095.9673913043,2166.40387228261
49,train,2001-04-01,1186.0,4917844.0,13536593.0,810736.9375,5071.8037109375,13960.3740234375,2825.1767578125,5128.45,14116.3,2669.25138888889
49,train,2001-07-01,1277.0,5378814.5,14805435.0,1094126.0,5009.59130859375,13789.130859375,3268.3505859375,5065.60989010989,13943.3186813187,3114.16552197802
49,train,2001-10-01,1369.0,5834168.0,16058817.0,1418700.625,4884.7412109375,13445.4755859375,3706.22778320313,4949.49456521739,13623.7173913043,3527.98505434783
49,train,2002-01-01,1461.0,6274507.5,17270954.0,1797183.125,4688.06591796875,12910.1689453125,4379.185546875,4786.29891304348,13175.402173913,4113.9402173913
49,train,2002-04-01,1551.0,6678804.0,18386532.0,2243674.25,4371.64599609375,12085.1748046875,5271.13427734375,4492.18333333333,12395.3111111111,4961.0125
49,train,2002-07-01,1642.0,7064312.5,19452938.0,2759309.0,4124.837890625,11403.2529296875,5910.7666015625,4236.35714285714,11718.7472527473,5666.31593406593
49,train,2002-10-01,1734.0,7432511.5,20467720.0,3329283.5,3907.6357421875,10761.2392578125,6317.1181640625,4002.16304347826,11030.2391304348,6195.375
49,train,2003-01-01,1826.0,7781034.5,21427378.0,3927673.25,3716.03955078125,10232.0439453125,6624.439453125,3788.29347826087,10431.0652173913,6504.23641304348
49,train,2003-04-01,1916.0,8105677.5,22321254.0,4535150.5,3544.73120117188,9759.7763671875,6844.66552734375,3607.14444444444,9931.95555555556,6749.74722222222
49,train,2003-07-01,2007.0,8411721.0,23163852.0,5142353.5,3320.10913085938,9140.7353515625,6733.76318359375,3363.11538461538,9259.31868131868,6672.56043956044
49,train,2003-10-01,2099.0,8702971.0,23965452.0,5748237.5,3129.61499023438,8612.3388671875,6642.45703125,3165.76086956522,8713.04347826087,6585.69565217391
49,train,2004-01-01,2191.0,8979827.0,24726986.0,6361926.5,2976.09814453125,8182.7470703125,6728.75927734375,3009.30434782609,8277.54347826087,6670.53260869565
49,train,2004-04-01,2282.0,9239498.0,25440608.0,6980739.0,2832.67504882813,7785.10107421875,6838.556640625,2853.52747252747,7842.0,6800.13736263736
49,train,2004-07-01,2373.0,9486810.0,26120608.0,7609047.5,2693.015625,7406.484375,6948.15576171875,2717.71428571429,7472.52747252747,6904.48901098901
49,train,2004-10-01,2465.0,9723461.0,26771654.0,8255630.0,2547.81689453125,7010.5458984375,7069.84765625,2572.29347826087,7076.58695652174,7028.07065217391
49,train,2005-01-01,2557.0,9946889.0,27386494.0,8915164.0,2402.26904296875,6610.9677734375,7209.3056640625,2428.5652173913,6683.04347826087,7168.84782608696
49,train,2005-04-01,2647.0,10150456.0,27946686.0,9574090.0,2244.13012695313,6175.75634765625,7347.09228515625,2261.85555555556,6224.35555555556,7321.4
49,train,2005-07-01,2738.0,10339874.0,28467898.0,10251676.0,2065.45971679688,5683.466796875,7468.1416015625,2081.51648351648,5727.6043956044,7446.0
49,train,2005-10-01,2830.0,10516699.0,28954514.0,10947345.0,1905.5732421875,5244.85107421875,7581.98095703125,1922.01086956522,5289.30434782609,7561.61956521739
49,train,2006-01-01,2922.0,10682263.0,29410306.0,11652964.0,1782.95471191406,4908.82958984375,7689.94482421875,1799.60869565217,4954.26086956522,7669.77173913043
49,train,2006-04-01,3012.0,10836646.0,29835354.0,12351907.0,1695.49890136719,4667.97607421875,7793.6669921875,1715.36666666667,4722.75555555556,7766.03333333333
49,train,2006-07-01,3103.0,10986418.0,30247690.0,13070183.0,1630.7119140625,4489.412109375,7915.55615234375,1645.84615384615,4531.16483516484,7893.14285714286
49,train,2006-10-01,3195.0,11133600.0,30652714.0,13807539.0,1586.68737792969,4365.669921875,8041.48291015625,1599.80434782609,4402.4347826087,8014.73913043478
49,train,2007-01-01,3287.0,11277115.0,31047574.0,14556383.0,1539.78137207031,4236.59130859375,8187.20556640625,1559.94565217391,4291.95652173913,8139.60869565217
49,train,2007-04-01,3377.0,11413007.0,31421498.0,15302022.0,1491.67724609375,4104.658203125,8328.7705078125,1509.91111111111,4154.71111111111,8284.87777777778
49,train,2007-07-01,3468.0,11546205.0,31788060.0,16069336.0,1452.55407714844,3997.66381835938,8457.6552734375,1463.71428571429,4028.15384615385,8432.02197802198
49,train,2007-10-01,3560.0,11677619.0,32149800.0,16855374.0,1418.49658203125,3904.83959960938,8565.81640625,1428.41304347826,3931.95652173913,8543.89130434783
49,train,2008-01-01,3652.0,11805858.0,32502852.0,17650758.0,1384.09460449219,3810.64526367188,8667.0703125,1393.90217391304,3837.52173913043,8645.47826086957
50,train,1998-01-01,0.0,0.0,0.0,0.0,0.0,0.0,0.0,,,
50,train,1998-04-01,90.0,0.0,0.0,0.0,0.0,0.0,0.0,0.0,0.0,0.0
50,train,1998-07-01,181.0,0.0,0.0,0.0,0.0,0.0,0.0,0.0,0.0,0.0
50,train,1998-10-01,273.0,0.0,0.0,0.0,0.0,0.0,0.0,0.0,0.0,0.0
50,train,1999-01-01,365.0,518325.5,1426714.875,0.0,5633.97265625,15507.76953125,0.0,5633.97282608696,15507.7703804348,0.0
50,train,1999-04-01,455.0,1017777.4375,2801479.25,0.0,5549.4658203125,15275.16015625,0.0,5549.46597222222,15275.1597222222,0.0
50,train,1999-07-01,546.0,1528237.375,4206543.5,0.0,5609.44970703125,15440.26953125,0.0,5609.44986263736,15440.2664835165,0.0
50,train,1999-10-01,638.0,2042618.875,5622403.0,34.871223449707,5590.76220703125,15388.8310546875,1.32025790214539,5591.10326086957,15389.777173913,0.379035037496815
50,train,2000-01-01,730.0,2556396.75,7036600.0,4255.0703125,5570.1767578125,15332.1689453125,85.4113006591797,5584.54211956522,15371.7065217391,45.8717292288075
50,train,2000-04-01,821.0,3067817.5,8444309.0,16311.9580078125,5613.46435546875,15451.3193359375,150.50862121582,5620.00824175824,15469.3296703297,132.49327137706
50,train,2000-07-01,912.0,3576334.0,9844024.0,38323.078125,5559.30419921875,15302.2412109375,321.118621826172,5588.09340659341,15381.4835164835,241.880440848214
50,train,2000-10-01,1004.0,4087231.75,11250294.0,90198.1640625,5513.18408203125,15175.2939453125,674.105346679688,5553.23641304348,15285.5434782609,563.859629755435
50,train,2001-01-01,1096.0,4599180.0,12659455.0,177175.78125,5518.9560546875,15191.181640625,1071.19396972656,5564.65489130435,15316.9673913043,945.408882472826
50,train,2001-04-01,1186.0,5103290.5,14047043.0,300286.9375,5550.990234375,15279.3564453125,1506.19470214844,5601.22777777778,15417.6444444444,1367.90173611111
50,train,2001-07-01,1277.0,5608501.5,15437660.0,461901.09375,5494.75244140625,15124.5595703125,1932.92211914063,5551.76923076923,15281.5054945055,1775.97973901099
50,train,2001-10-01,1369.0,6110262.0,16818778.0,658739.625,5403.81494140625,14874.2490234375,2277.45361328125,5453.91847826087,15012.152173913,2139.54925271739
50,train,2002-01-01,1461.0,6605428.5,18181746.0,886391.125,5339.3515625,14696.8115234375,2592.5419921875,5382.24456521739,14814.8695652174,2474.47282608696
50,train,2002-04-01,1551.0,7082895.5,19495998.0,1134208.625,5265.92138671875,14494.69140625,2861.6181640625,5305.18888888889,14602.8,2753.52777777778
50,train,2002-07-01,1642.0,7558079.0,20803960.0,1409447.125,5183.734375,14268.4677734375,3129.35717773438,5221.7967032967,14373.2087912088,3024.5989010989
50,train,2002-10-01,1734.0,8032056.5,22108606.0,1713494.875,5113.97265625,14076.4453125,3409.3466796875,5151.92934782609,14180.9347826087,3304.86684782609
50,train,2003-01-01,1826.0,8493793.0,23379556.0,2043812.25,4979.21044921875,13705.5068359375,3699.58642578125,5018.875,13814.6739130435,3590.40625
50,train,2003-04-01,1916.0,8920731.0,24554722.0,2389900.75,4702.47314453125,12943.7744140625,3959.0439453125,4743.75555555556,13057.4,3845.42777777778
50,train,2003-07-01,2007.0,9321855.0,25658836.0,2759484.25,4367.6083984375,12022.0439453125,4172.423828125,4407.95604395604,12133.1208791209,4061.35714285714
50,train,2003-10-01,2099.0,9699922.0,26699484.0,3157583.75,4059.20361328125,11173.1455078125,4465.41357421875,4109.42391304348,11311.3913043478,4327.16847826087
50,train,2004-01-01,2191.0,10056561.0,27681148.0,3588810.75,3836.56665039063,10560.3271484375,4797.19921875,3876.51086956522,10670.2608695652,4687.25
50,train,2004-04-01,2282.0,10392718.0,28606436.0,4038705.75,3658.375,10069.845703125,5042.05419921875,3694.03296703297,10168.0,4943.9010989011
50,train,2004-07-01,2373.0,10713622.0,29489740.0,4507954.5,3502.361328125,9640.4111328125,5222.794921875,3526.41758241758,9706.63736263736,5156.57967032967
50,train,2004-10-01,2465.0,11023947.0,30343922.0,4997720.0,3347.8837890625,9215.2041015625,5392.9375,3373.09782608696,9284.58695652174,5323.53804347826
50,train,2005-01-01,2557.0,11319787.0,31158236.0,5505162.0,3197.6025390625,8801.5478515625,5565.35791015625,3215.65217391304,8851.23913043478,5515.67391304348
50,train,2005-04-01,2647.0,11595036.0,31915870.0,6016035.0,3041.5458984375,8371.9951171875,5722.53173828125,3058.32222222222,8418.15555555556,5676.36666666667
50,train,2005-07-01,2738.0,11857397.0,32638032.0,6544777.5,2869.80346679688,7899.26611328125,5846.92236328125,2883.08791208791,7935.84615384615,5810.35714285714
50,train,2005-10-01,2830.0,12109076.0,33330790.0,7089164.5,2722.7939453125,7494.6162109375,5952.6220703125,2735.64130434783,7529.97826086957,5917.25
50,train,2006-01-01,2922.0,12350549.0,33995456.0,7643278.0,2612.91674804688,7192.173828125,6055.40625,2624.70652173913,7224.63043478261,6022.97282608696
50,train,2006-04-01,3012.0,12579714.0,34626244.0,8195045.5,2536.03344726563,6980.54931640625,6158.97607421875,2546.27777777778,7008.75555555556,6130.75
50,train,2006-07-01,3103.0,12806661.0,35250928.0,8764060.0,2484.93334960938,6839.89404296875,6277.6513671875,2493.92307692308,6864.65934065934,6252.90659340659
50,train,2006-10-01,3195.0,13032279.0,35871948.0,9350327.0,2442.38623046875,6722.78076171875,6399.9228515625,2452.36956521739,6750.21739130435,6372.46739130435
50,train,2007-01-01,3287.0,13253630.0,36481228.0,9946604.0,2392.53540039063,6585.564453125,6518.32470703125,2405.98913043478,6622.60869565217,6481.27173913043
50,train,2007-04-01,3377.0,13465359.0,37064020.0,10540654.0,2342.1748046875,6446.94384765625,6629.087890625,2352.54444444444,6475.46666666667,6600.55555555556
50,train,2007-07-01,3468.0,13674959.0,37640956.0,11152616.0,2293.14794921875,6311.9951171875,6752.802734375,2303.2967032967,6339.95604395604,6724.85714285714
50,train,2007-10-01,3560.0,13882309.0,38211696.0,11782377.0,2243.58447265625,6175.5693359375,6873.3642578125,2253.80434782609,6203.69565217391,6845.22826086957
50,train,2008-01-01,3652.0,14085118.0,38769936.0,12422812.0,2194.59423828125,6040.72216796875,6988.341796875,2204.44565217391,6067.82608695652,6961.25
51,train,1998-01-01,0.0,0.0,0.0,0.0,0.0,0.0,0.0,,,
51,train,1998-04-01,90.0,0.0,0.0,0.0,0.0,0.0,0.0,0.0,0.0,0.0
51,train,1998-07-01,181.0,0.0,0.0,0.0,0.0,0.0,0.0,0.0,0.0,0.0
51,train,1998-10-01,273.0,0.0,0.0,0.0,0.0,0.0,0.0,0.0,0.0,0.0
51,train,1999-01-01,365.0,518325.5,1426714.875,0.0,5633.97265625,15507.76953125,0.0,5633.97282608696,15507.7703804348,0.0
51,train,1999-04-01,455.0,1017777.4375,2801479.25,0.0,5549.4658203125,15275.16015625,0.0,5549.46597222222,15275.1597222222,0.0
51,train,1999-07-01,546.0,1528237.375,4206543.5,0.0,5609.44970703125,15440.26953125,0.0,5609.44986263736,15440.2664835165,0.0
51,train,1999-10-01,638.0,2042630.125,5622433.5,4.11236810684204,5591.14208984375,15389.876953125,0.274271637201309,5591.22554347826,15390.1086956522,0.0446996533352396
51,train,2000-01-01,730.0,2556481.5,7036833.5,4021.71557617188,5571.40087890625,15335.537109375,82.0426330566406,5585.3410326087,15373.9130434783,43.6696000876635
51,train,2000-04-01,821.0,3068111.75,8445119.0,15502.4609375,5615.330078125,15456.455078125,145.372909545898,5622.31043956044,15475.6648351648,126.162036937672
51,train,2000-07-01,912.0,3577056.25,9846012.0,36335.109375,5569.6904296875,15330.830078125,292.529724121094,5592.7967032967,15394.4285714286,228.93020260989
51,train,2000-10-01,1004.0,4089195.0,11255698.0,84793.8203125,5528.34326171875,15217.01953125,632.379577636719,5566.72554347826,15322.6739130435,526.72511888587
51,train,2001-01-01,1096.0,4602978.5,12669911.0,166719.265625,5534.96044921875,15235.2333984375,1027.14147949219,5584.60326086957,15371.8804347826,890.493970788043
51,train,2001-04-01,1186.0,5108890.5,14062457.0,284872.875,5575.3125,15346.3046875,1439.24572753906,5621.24444444444,15472.7333333333,1312.81788194444
51,train,2001-07-01,1277.0,5616317.0,15459171.0,440389.53125,5518.27685546875,15189.3115234375,1868.17004394531,5576.11538461538,15348.5054945055,1708.97424450549
51,train,2001-10-01,1369.0,6120297.5,16846400.0,631116.5625,5427.390625,14939.142578125,2212.55981445313,5478.04891304348,15078.5760869565,2073.1199048913
51,train,2002-01-01,1461.0,6617548.0,18215106.0,853032.0,5363.69970703125,14763.8310546875,2525.52270507813,5404.89673913043,14877.2391304348,2412.12432065217
51,train,2002-04-01,1551.0,7097282.5,19535596.0,1094609.125,5292.0029296875,14566.4814453125,2789.82788085938,5330.38333333333,14672.1111111111,2684.19027777778
51,train,2002-07-01,1642.0,7574648.5,20849570.0,1363838.625,5209.96484375,14340.66796875,3057.15625,5245.78021978022,14439.2747252747,2958.56593406593
51,train,2002-10-01,1734.0,8051125.0,22161230.0,1660871.125,5140.07763671875,14155.3935546875,3330.39819335938,5179.09239130435,14257.1739130435,3228.61413043478
51,train,2003-01-01,1826.0,8515695.0,23440230.0,1983138.25,5006.564453125,13798.0361328125,3607.05688476563,5049.67391304348,13902.1739130435,3502.9035326087
51,train,2003-04-01,1916.0,8945994.0,24624272.0,2320351.75,4743.98779296875,13057.408203125,3845.40966796875,4781.1,13156.0222222222,3746.81666666667
51,train,2003-07-01,2007.0,9351848.0,25741394.0,2676925.0,4419.90966796875,12165.9892578125,4028.47827148438,4459.93406593407,12276.0659340659,3918.38736263736
51,train,2003-10-01,2099.0,9735569.0,26797602.0,3059464.5,4127.240234375,11360.41796875,4278.14111328125,4170.88043478261,11480.5217391304,4158.03804347826
51,train,2004-01-01,2191.0,10098089.0,27795454.0,3474504.75,3897.53393554687,10728.1416015625,4629.38427734375,3940.4347826087,10846.2173913043,4511.30706521739
51,train,2004-04-01,2282.0,10439515.0,28735248.0,3909895.0,3711.30834960938,10215.546875,4896.35302734375,3751.93406593407,10327.4065934066,4784.50824175824
51,train,2004-07-01,2373.0,10764919.0,29630994.0,4366700.0,3550.49291992188,9774.9345703125,5088.27197265625,3575.86813186813,9843.36263736264,5019.83516483516
51,train,2004-10-01,2465.0,11079230.0,30496452.0,4845190.5,3391.2099609375,9342.529296875,5265.61279296875,3416.42391304348,9407.15217391304,5200.98369565217
51,train,2005-01-01,2557.0,11379030.0,31322152.0,5341246.5,3238.90625,8923.73046875,5443.17578125,3258.69565217391,8975.0,5391.91304347826
51,train,2005-04-01,2647.0,11658200.0,32091064.0,5840842.5,3080.30224609375,8488.5498046875,5605.97705078125,3101.88888888889,8543.46666666667,5551.06666666667
51,train,2005-07-01,2738.0,11924003.0,32823394.0,6359415.5,2904.58618164063,8005.84375,5740.3447265625,2920.91208791209,8047.58241758242,5698.6043956044
51,train,2005-10-01,2830.0,12178928.0,33525910.0,6894044.5,2753.66455078125,7600.560546875,5846.677734375,2770.92391304348,7636.04347826087,5811.1847826087
51,train,2006-01-01,2922.0,12423574.0,34200384.0,7438349.5,2643.23559570313,7299.443359375,5948.13671875,2659.19565217391,7331.23913043478,5916.35869565217
51,train,2006-04-01,3012.0,12655417.0,34840616.0,7980674.5,2560.99633789063,7082.09521484375,6057.4296875,2576.03333333333,7113.68888888889,6025.83333333333
51,train,2006-07-01,3103.0,12884292.0,35473948.0,8541039.0,2502.25170898438,6931.34716796875,6186.19775390625,2515.10989010989,6959.69230769231,6157.85164835165
51,train,2006-10-01,3195.0,13111764.0,36103848.0,9118428.0,2454.51538085938,6804.4921875,6318.21142578125,2472.52173913043,6846.73913043478,6275.96739130435
51,train,2007-01-01,3287.0,13334071.0,36717564.0,9707299.0,2401.478515625,6620.8515625,6423.87109375,2416.38043478261,6670.82608695652,6400.77173913043
51,train,2007-04-01,3377.0,13547266.0,37304084.0,10292346.0,2354.888671875,6475.2734375,6525.09716796875,2368.83333333333,6516.88888888889,6500.52222222222
51,train,2007-07-01,3468.0,13758619.0,37885092.0,10894785.0,2309.05493164063,6347.82763671875,6645.927734375,2322.56043956044,6384.7032967033,6620.20879120879
51,train,2007-10-01,3560.0,13967942.0,38460720.0,11514643.0,2261.0048828125,6218.30029296875,6764.228515625,2275.25,6256.82608695652,6737.58695652174
51,train,2008-01-01,3652.0,14172688.0,39023984.0,12145164.0,2211.88793945313,6085.56201171875,6878.76708984375,2225.5,6122.4347826087,6853.48913043478
52,train,1998-01-01,0.0,0.0,0.0,0.0,0.0,0.0,0.0,,,
52,train,1998-04-01,90.0,0.0,0.0,0.0,0.0,0.0,0.0,0.0,0.0,0.0
52,train,1998-07-01,181.0,0.0,0.0,0.0,0.0,0.0,0.0,0.0,0.0,0.0
52,train,1998-10-01,273.0,0.0,0.0,0.0,0.0,0.0,0.0,0.0,0.0,0.0
52,train,1999-01-01,365.0,518325.5,1426714.875,0.0,5633.97265625,15507.76953125,0.0,5633.97282608696,15507.7703804348,0.0
52,train,1999-04-01,455.0,1017777.4375,2801479.25,0.0,5549.4658203125,15275.16015625,0.0,5549.46597222222,15275.1597222222,0.0
52,train,1999-07-01,546.0,1528237.25,4206543.5,0.123057387769222,5609.44677734375,15440.26171875,0.00774152157828212,5609.44848901099,15440.2664835165,0.00135227898647497
52,train,1999-10-01,638.0,2042149.625,5621111.0,1326.79809570312,5572.6865234375,15339.0771484375,51.0745124816895,5586.00407608696,15375.7336956522,14.4203808512538
52,train,2000-01-01,730.0,2553676.75,7029113.5,11741.70703125,5551.546875,15280.888671875,136.691482543945,5560.07744565217,15304.375,113.205531908118
52,train,2000-04-01,821.0,3062358.25,8429282.0,31339.1015625,5561.53173828125,15308.373046875,293.454376220703,5589.90659340659,15386.467032967,215.35598385989
52,train,2000-07-01,912.0,3560770.25,9801184.0,81162.9609375,5434.62548828125,14959.056640625,664.30322265625,5477.05494505495,15075.8461538462,547.514938186813
52,train,2000-10-01,1004.0,4059743.75,11174632.0,165859.609375,5371.84130859375,14786.2412109375,1063.15808105469,5423.625,14928.7826086957,920.61574388587
52,train,2001-01-01,1096.0,4557730.5,12545364.0,291266.625,5357.24169921875,14746.0546875,1516.32055664063,5412.89945652174,14899.2608695652,1363.11973505435
52,train,2001-04-01,1186.0,5046235.5,13889995.0,457334.5625,5367.58056640625,14774.5126953125,2011.03833007813,5427.83333333333,14940.3444444444,1845.19930555556
52,train,2001-07-01,1277.0,5535176.5,15235828.0,663732.5625,5317.9375,14637.8681640625,2419.61328125,5372.97802197802,14789.3736263736,2268.10989010989
52,train,2001-10-01,1369.0,6021134.0,16573448.0,904068.9375,5236.953125,14414.955078125,2736.748046875,5282.14673913043,14539.347826087,2612.35190217391
52,train,2002-01-01,1461.0,6500350.5,17892514.0,1175623.875,5163.072265625,14211.59375,3077.76000976563,5208.875,14337.6739130435,2951.68410326087
52,train,2002-04-01,1551.0,6961051.0,19160614.0,1469592.5,5075.25927734375,13969.884765625,3386.42456054688,5118.89444444444,14090.0,3266.31805555556
52,train,2002-07-01,1642.0,7417273.5,20416388.0,1797020.25,4966.1142578125,13669.4580078125,3728.36645507813,5013.43406593407,13799.7142857143,3598.10714285714
52,train,2002-10-01,1734.0,7868249.5,21657720.0,2164381.75,4843.11083984375,13330.8857421875,4154.90576171875,4901.91304347826,13492.7391304348,3993.0597826087
52,train,2003-01-01,1826.0,8297105.5,22838166.0,2585203.25,4573.251953125,12588.0869140625,4817.00634765625,4661.47826086957,12830.9347826087,4574.14673913043
52,train,2003-04-01,1916.0,8681308.0,23895702.0,3048921.25,4205.3798828125,11575.501953125,5327.31640625,4268.91666666667,11750.4,5152.42222222222
52,train,2003-07-01,2007.0,9040456.0,24884272.0,3534047.5,3897.14868164063,10727.0810546875,5467.38671875,3946.68131868132,10863.4065934066,5331.05769230769
52,train,2003-10-01,2099.0,9381367.0,25822646.0,4034420.25,3676.294921875,10119.171875,5519.3876953125,3705.55434782609,10199.7173913043,5438.83423913043
52,train,2004-01-01,2191.0,9707641.0,26720730.0,4549229.0,3515.60595703125,9676.8681640625,5680.658203125,3546.45652173913,9761.78260869565,5595.7472826087
52,train,2004-04-01,2282.0,10016570.0,27571276.0,5073866.5,3369.95068359375,9284.013671875,5827.88623046875,3394.82417582418,9346.65934065934,5765.24725274725
52,train,2004-07-01,2373.0,10312891.0,28387928.0,5609766.0,3232.66357421875,8913.4736328125,5949.73291015625,3256.27472527473,8974.1978021978,5889.00549450549
52,train,2004-10-01,2465.0,10599752.0,29178494.0,6163150.0,3098.16333007813,8541.6513671875,6066.490234375,3118.05434782609,8593.10869565217,6015.04347826087
52,train,2005-01-01,2557.0,10873864.0,29934236.0,6729162.5,2957.4423828125,8169.755859375,6197.150390625,2979.47826086957,8214.58695652174,6152.3097826087
52,train,2005-04-01,2647.0,11128242.0,30636470.0,7295435.0,2809.79858398438,7766.85009765625,6327.6767578125,2826.42222222222,7802.6,6291.91666666667
52,train,2005-07-01,2738.0,11369792.0,31302968.0,7879840.5,2639.62231445313,7287.59423828125,6458.59423828125,2654.3956043956,7324.15384615385,6422.03846153846
52,train,2005-10-01,2830.0,11600041.0,31937040.0,8482914.0,2490.8916015625,6863.47119140625,6583.76708984375,2502.70652173913,6892.08695652174,6555.14673913043
52,train,2006-01-01,2922.0,11819963.0,32541536.0,9097196.0,2378.15600585938,6541.58251953125,6705.99755859375,2390.45652173913,6570.60869565217,6676.97826086957
52,train,2006-04-01,3012.0,12027648.0,33112340.0,9708949.0,2294.6298828125,6312.80224609375,6826.72265625,2307.61111111111,6342.26666666667,6797.25555555556
52,train,2006-07-01,3103.0,12232016.0,33674840.0,10340147.0,2231.11572265625,6148.27978515625,6969.26513671875,2245.8021978022,6181.31868131868,6936.24175824176
52,train,2006-10-01,3195.0,12433525.0,34230692.0,10991584.0,2174.2822265625,6006.00830078125,7116.69580078125,2190.3152173913,6041.86956521739,7080.83695652174
52,train,2007-01-01,3287.0,12629519.0,34771064.0,11654713.0,2113.36962890625,5823.6865234375,7234.701171875,2130.36956521739,5873.60869565217,7207.92391304348
52,train,2007-04-01,3377.0,12816182.0,35285008.0,12312874.0,2057.984375,5665.1904296875,7337.7919921875,2074.03333333333,5710.48888888889,7312.9
52,train,2007-07-01,3468.0,12999707.0,35790160.0,12989112.0,2000.05993652344,5505.2578125,7456.62060546875,2016.75824175824,5551.12087912088,7431.18681318681
52,train,2007-10-01,3560.0,13179939.0,36286308.0,13682861.0,1942.634765625,5347.9970703125,7563.77294921875,1959.04347826087,5392.91304347826,7540.75
52,train,2008-01-01,3652.0,13354707.0,36767496.0,14385991.0,1883.35632324219,5185.65478515625,7664.29248046875,1899.65217391304,5230.30434782609,7642.71739130435
53,train,1998-01-01,0.0,0.0,0.0,0.0,0.0,0.0,0.0,,,
53,train,1998-04-01,90.0,0.0,0.0,0.0,0.0,0.0,0.0,0.0,0.0,0.0
53,train,1998-07-01,181.0,0.0,0.0,0.0,0.0,0.0,0.0,0.0,0.0,0.0
53,train,1998-10-01,273.0,0.0,0.0,0.0,0.0,0.0,0.0,0.0,0.0,0.0
53,train,1999-01-01,365.0,518325.5,1426714.875,0.0,5633.97265625,15507.76953125,0.0,5633.97282608696,15507.7703804348,0.0
53,train,1999-04-01,455.0,1017777.375,2801479.0,0.141954928636551,5549.4609375,15275.1474609375,0.012612602673471,5549.46527777778,15275.1569444444,0.00157727698485057
53,train,1999-07-01,546.0,1527556.25,4204669.0,1874.58251953125,5582.36865234375,15365.7275390625,74.5419311523438,5601.96565934066,15419.6703296703,20.5982479626661
53,train,1999-10-01,638.0,2036865.75,5606567.0,15870.724609375,5512.85595703125,15174.3896484375,215.761169433594,5535.97282608696,15238.0217391304,152.131979237432
53,train,2000-01-01,730.0,2535542.5,6979198.0,61657.22265625,5344.029296875,14709.6875,707.892517089844,5420.39945652174,14919.902173913,497.679326596467
53,train,2000-04-01,821.0,3017754.25,8306507.5,154113.921875,5226.51318359375,14386.21875,1215.60888671875,5299.03021978022,14585.8186813187,1016.00768372253
53,train,2000-07-01,912.0,3484966.25,9592530.0,289816.96875,5061.357421875,13931.6201171875,1691.73999023438,5134.1978021978,14132.1153846154,1491.24227335165
53,train,2000-10-01,1004.0,3949049.5,10869941.0,470551.25,4981.30322265625,13711.2666015625,2138.13256835938,5044.38315217391,13884.902173913,1964.50305706522
53,train,2001-01-01,1096.0,4410447.0,12139959.0,696671.1875,4955.04931640625,13639.001953125,2623.37353515625,5015.1902173913,13804.5434782609,2457.8254076087
53,train,2001-04-01,1186.0,4860681.5,13379250.0,968079.5625,4944.55615234375,13610.1181640625,3175.4326171875,5002.60555555556,13769.9,3015.64861111111
53,train,2001-07-01,1277.0,5307667.5,14610197.0,1289364.0,4836.7841796875,13327.435546875,3730.04663085938,4911.93406593407,13526.8901098901,3530.59821428571
53,train,2001-10-01,1369.0,5739529.0,15802801.0,1674716.625,4564.98974609375,12628.64453125,4523.05859375,4694.14673913043,12963.0869565217,4188.61548913043
53,train,2002-01-01,1461.0,6140735.5,16910818.0,2146574.75,4220.63427734375,11627.21875,5440.89013671875,4360.9402173913,12043.6630434783,5128.89266304348
53,train,2002-04-01,1551.0,6508383.5,17923202.0,2668163.75,3983.45727539063,10968.0166015625,5999.04638671875,4084.97777777778,11248.7111111111,5795.43333333333
53,train,2002-07-01,1642.0,6859349.0,18889550.0,3238215.5,3760.83984375,10355.1494140625,6402.2509765625,3856.76373626374,10619.2087912088,6264.30494505495
53,train,2002-10-01,1734.0,7195609.5,19815442.0,3842383.25,3578.09399414062,9852.2958984375,6686.56884765625,3655.00543478261,10064.0434782609,6567.04076086957
53,train,2003-01-01,1826.0,7515766.0,20696942.0,4471051.5,3421.67236328125,9420.478515625,6923.7451171875,3479.96195652174,9581.52173913043,6833.35054347826
53,train,2003-04-01,1916.0,7815062.5,21520794.0,5108991.5,3280.16552734375,9027.970703125,7164.19189453125,3325.51666666667,9153.91111111111,7088.22222222222
53,train,2003-07-01,2007.0,8098213.5,22299834.0,5744308.5,3073.32275390625,8452.384765625,7048.3974609375,3111.54945054945,8560.87912087912,6981.50549450549
53,train,2003-10-01,2099.0,8367123.0,23038952.0,6379566.0,2893.51879882813,7953.00830078125,6959.3564453125,2922.92934782609,8033.89130434783,6904.97282608696
53,train,2004-01-01,2191.0,8622065.0,23740042.0,7023309.0,2744.26025390625,7548.55810546875,7044.2177734375,2771.10869565217,7620.54347826087,6997.20652173913
53,train,2004-04-01,2282.0,8860970.0,24397402.0,7670002.0,2598.49243164063,7150.6669921875,7152.04248046875,2625.32967032967,7223.73626373626,7106.51648351648
53,train,2004-07-01,2373.0,9086298.0,25017504.0,8326765.5,2449.19921875,6740.46533203125,7259.26025390625,2476.13186813187,6814.30769230769,7217.18131868132
53,train,2004-10-01,2465.0,9299614.0,25604582.0,9002005.0,2298.50634765625,6325.87744140625,7368.87255859375,2318.65217391304,6381.28260869565,7339.5597826087
53,train,2005-01-01,2557.0,9500017.0,26156090.0,9688246.0,2151.65087890625,5921.5966796875,7494.56591796875,2178.29347826087,5994.65217391304,7459.14130434783
53,train,2005-04-01,2647.0,9681400.0,26655326.0,10371699.0,1991.43518066406,5481.91845703125,7626.45849609375,2015.36666666667,5547.06666666667,7593.92222222222
53,train,2005-07-01,2738.0,9848115.0,27114238.0,11074920.0,1807.47058105469,4975.4580078125,7771.7177734375,1832.03296703297,5042.98901098901,7727.7032967033
53,train,2005-10-01,2830.0,10000910.0,27534820.0,11801829.0,1635.39965820313,4501.751953125,7949.1728515625,1660.8152173913,4571.54347826087,7901.1847826087
53,train,2006-01-01,2922.0,10142303.0,27923884.0,12543110.0,1516.740234375,4172.5009765625,8102.390625,1536.88043478261,4228.95652173913,8057.40217391304
53,train,2006-04-01,3012.0,10272913.0,28283148.0,13282283.0,1438.1279296875,3955.99975585938,8243.6875,1451.22222222222,3991.82222222222,8213.03333333333
53,train,2006-07-01,3103.0,10400187.0,28633338.0,14042823.0,1387.10107421875,3816.77197265625,8383.6396484375,1398.61538461538,3848.24175824176,8357.58241758242
53,train,2006-10-01,3195.0,10525504.0,28978222.0,14823391.0,1351.08520507813,3718.54736328125,8508.6044921875,1362.14130434783,3748.73913043478,8484.4347826087
53,train,2007-01-01,3287.0,10647466.0,29313970.0,15614673.0,1313.86840820313,3617.10815429688,8626.486328125,1325.67391304348,3649.4347826087,8600.89130434783
53,train,2007-04-01,3377.0,10763140.0,29632460.0,16398890.0,1273.13354492188,3505.52978515625,8740.0693359375,1285.26666666667,3538.77777777778,8713.52222222222
53,train,2007-07-01,3468.0,10876446.0,29944472.0,17203050.0,1234.00268554688,3398.15893554688,8860.392578125,1245.12087912088,3428.7032967033,8836.92307692308
53,train,2007-10-01,3560.0,10987691.0,30250822.0,18025948.0,1199.30346679688,3302.6796875,8965.322265625,1209.1847826087,3329.89130434783,8944.54347826087
53,train,2008-01-01,3652.0,11095861.0,30548708.0,18857570.0,1166.61157226563,3212.6962890625,9058.240234375,1175.76086956522,3237.89130434783,9039.36956521739
54,train,1998-01-01,0.0,0.0,0.0,0.0,0.0,0.0,0.0,,,
54,train,1998-04-01,90.0,0.0,0.0,0.0,0.0,0.0,0.0,0.0,0.0,0.0
54,train,1998-07-01,181.0,0.0,0.0,0.0,0.0,0.0,0.0,0.0,0.0,0.0
54,train,1998-10-01,273.0,0.0,0.0,0.0,0.0,0.0,0.0,0.0,0.0,0.0
54,train,1999-01-01,365.0,518325.5,1426714.875,0.0,5633.97265625,15507.76953125,0.0,5633.97282608696,15507.7703804348,0.0
54,train,1999-04-01,455.0,1017777.375,2801479.25,0.104920327663422,5549.46337890625,15275.154296875,0.0059700203128159,5549.46527777778,15275.1597222222,0.00116578141848247
54,train,1999-07-01,546.0,1528085.125,4206124.5,419.069427490234,5599.7890625,15413.6767578125,26.5917797088623,5607.77747252747,15435.6620879121,4.60400557321506
54,train,1999-10-01,638.0,2038880.625,5612113.0,10324.69921875,5537.27392578125,15241.6015625,148.549758911133,5552.125,15282.4836956522,107.669889035432
54,train,2000-01-01,730.0,2544613.25,7004165.5,36689.60546875,5440.8330078125,14976.1435546875,441.436187744141,5497.09375,15131.0054347826,286.575067934783
54,train,2000-04-01,821.0,3035921.5,8356514.0,104107.1796875,5326.88525390625,14662.4970703125,939.330932617188,5398.99175824176,14860.9725274725,740.852463942308
54,train,2000-07-01,912.0,3512907.25,9669439.0,212907.90625,5174.29833984375,14242.4951171875,1380.865234375,5241.60164835165,14427.7472527473,1195.61237980769
54,train,2000-10-01,1004.0,3987197.75,10974946.0,365546.25,5088.4248046875,14006.1240234375,1843.27453613281,5155.33152173913,14190.2934782609,1659.11243206522
54,train,2001-01-01,1096.0,4458479.5,12272170.0,564460.1875,5064.212890625,13939.4794921875,2322.89624023438,5122.6277173913,14100.2608695652,2162.10801630435
54,train,2001-04-01,1186.0,4920026.5,13542600.0,804729.75,5071.5595703125,13959.701171875,2825.84985351563,5128.3,14115.8888888889,2669.66180555556
54,train,2001-07-01,1277.0,5380952.5,14811320.0,1088240.875,5008.5576171875,13786.2861328125,3271.19604492188,5065.12087912088,13941.978021978,3115.50686813187
54,train,2001-10-01,1369.0,5835962.5,16063755.0,1413762.0,4885.89111328125,13448.640625,3703.0625,4945.76086956522,13613.4239130435,3538.27309782609
54,train,2002-01-01,1461.0,6277386.0,17278794.0,1789343.0,4699.072265625,12934.4130859375,4354.94091796875,4798.08152173913,13206.9456521739,4082.40217391304
54,train,2002-04-01,1551.0,6683573.5,18396852.0,2233354.0,4400.60546875,12113.2470703125,5243.06201171875,4513.19444444444,12422.8666666667,4933.45555555556
54,train,2002-07-01,1642.0,7071188.5,19464484.0,2748923.75,4180.2578125,11518.46484375,5879.359375,4259.50549450549,11732.2197802198,5665.60164835165
54,train,2002-10-01,1734.0,7446930.5,20499868.0,3322235.75,4011.29858398438,11067.541015625,6418.44384765625,4084.15217391304,11254.1739130435,6231.65217391304
54,train,2003-01-01,1826.0,7804295.5,21486194.0,3931171.5,3816.73974609375,10573.646484375,6766.55322265625,3884.40217391304,10720.9347826087,6618.86684782609
54,train,2003-04-01,1916.0,8134342.0,22395664.0,4542954.5,3613.30395507813,9991.0087890625,6911.80908203125,3667.18333333333,10105.2222222222,6797.58888888889
54,train,2003-07-01,2007.0,8446014.0,23255732.0,5156584.0,3386.81640625,9368.4775390625,6825.99072265625,3424.96703296703,9451.2967032967,6743.18131868132
54,train,2003-10-01,2099.0,8742637.0,24073780.0,5771253.5,3185.96801757813,8772.2646484375,6738.08349609375,3224.16304347826,8891.82608695652,6681.1902173913
54,train,2004-01-01,2191.0,9024389.0,24848686.0,6394465.0,3032.41381835938,8335.3486328125,6827.3740234375,3062.52173913043,8422.89130434783,6774.03804347826
54,train,2004-04-01,2282.0,9289658.0,25577602.0,7021610.0,2887.11352539063,7934.92822265625,6943.73583984375,2915.04395604396,8010.06593406593,6891.7032967033
54,train,2004-07-01,2373.0,9541608.0,26270410.0,7659866.0,2743.69262695313,7546.21044921875,7057.62109375,2768.68131868132,7613.27472527472,7013.8021978022
54,train,2004-10-01,2465.0,9782670.0,26933564.0,8316720.5,2595.12548828125,7140.216796875,7181.25830078125,2620.23913043478,7208.19565217391,7139.72282608696
54,train,2005-01-01,2557.0,10009906.0,27558840.0,8987091.0,2443.63256835938,6724.263671875,7326.5185546875,2469.95652173913,6796.47826086957,7286.63586956522
54,train,2005-04-01,2647.0,10216926.0,28128474.0,9656798.0,2281.60229492188,6278.01318359375,7467.80859375,2300.22222222222,6329.26666666667,7441.18888888889
54,train,2005-07-01,2738.0,10409297.0,28657844.0,10345611.0,2096.16528320313,5768.9609375,7592.41748046875,2113.96703296703,5817.25274725275,7569.37362637363
54,train,2005-10-01,2830.0,10588468.0,29151124.0,11052967.0,1930.41174316406,5315.25927734375,7708.49169921875,1947.51086956522,5361.73913043478,7688.65217391304
54,train,2006-01-01,2922.0,10756050.0,29612610.0,11770202.0,1804.77404785156,4970.017578125,7817.05126953125,1821.54347826087,5016.15217391304,7796.03260869565
54,train,2006-04-01,3012.0,10911715.0,30041254.0,12481599.0,1713.59680175781,4718.51708984375,7926.4677734375,1729.61111111111,4762.71111111111,7904.41111111111
54,train,2006-07-01,3103.0,11063673.0,30459502.0,13211900.0,1651.91784667969,4545.1767578125,8059.23876953125,1669.86813186813,4596.13186813187,8025.28571428571
54,train,2006-10-01,3195.0,11213127.0,30870648.0,13962901.0,1612.26025390625,4435.53271484375,8190.0546875,1624.5,4468.97826086957,8163.05434782609
54,train,2007-01-01,3287.0,11359038.0,31272188.0,14725192.0,1574.31188964844,4332.720703125,8312.3544921875,1585.98913043478,4364.5652173913,8285.77173913043
54,train,2007-04-01,3377.0,11498813.0,31656906.0,15479983.0,1536.83264160156,4230.06494140625,8425.404296875,1553.05555555556,4274.64444444444,8386.56666666667
54,train,2007-07-01,3468.0,11636236.0,32035166.0,16256121.0,1492.88952636719,4109.248046875,8570.9130859375,1510.14285714286,4156.7032967033,8528.98901098901
54,train,2007-10-01,3560.0,11771081.0,32406344.0,17053548.0,1454.84729003906,4004.71948242188,8692.94921875,1465.70652173913,4034.54347826087,8667.6847826087
54,train,2008-01-01,3652.0,11902680.0,32768618.0,17860782.0,1420.8056640625,3911.36694335938,8795.79296875,1430.42391304348,3937.76086956522,8774.28260869565
55,train,1998-01-01,0.0,0.0,0.0,0.0,0.0,0.0,0.0,,,
55,train,1998-04-01,90.0,0.0,0.0,0.0,0.0,0.0,0.0,0.0,0.0,0.0
55,train,1998-07-01,181.0,0.0,0.0,0.0,0.0,0.0,0.0,0.0,0.0,0.0
55,train,1998-10-01,273.0,0.0,0.0,0.0,0.0,0.0,0.0,0.0,0.0,0.0
55,train,1999-01-01,365.0,518325.5,1426714.875,0.0,5633.97265625,15507.76953125,0.0,5633.97282608696,15507.7703804348,0.0
55,train,1999-04-01,455.0,1017777.4375,2801479.25,0.0,5549.4658203125,15275.16015625,0.0,5549.46597222222,15275.1597222222,0.0
55,train,1999-07-01,546.0,1528224.5,4206508.5,35.371940612793,5608.88427734375,15438.7119140625,1.55694341659546,5609.30837912088,15439.8818681319,0.388702644096626
55,train,1999-10-01,638.0,2040760.0,5617286.0,5151.76806640625,5552.27880859375,15282.9033203125,107.247703552246,5571.03804347826,15334.5380434783,55.6130013673202
55,train,2000-01-01,730.0,2550719.25,7020972.0,19882.91796875,5523.17919921875,15202.8056640625,214.774887084961,5543.03532608696,15257.4565217391,160.121194590693
55,train,2000-04-01,821.0,3051817.75,8400269.0,60352.125,5447.54296875,14994.61328125,607.213928222656,5506.57692307692,15157.1098901099,444.716560782967
55,train,2000-07-01,912.0,3539707.75,9743208.0,139138.578125,5305.04052734375,14602.369140625,1020.99102783203,5361.42857142857,14757.5714285714,865.785199175824
55,train,2000-10-01,1004.0,4026150.0,11082163.0,258328.53125,5227.14208984375,14387.9501953125,1461.44909667969,5287.41576086957,14553.8586956522,1295.54296875
55,train,2001-01-01,1096.0,4510308.0,12414830.0,421800.15625,5200.77978515625,14315.38671875,1946.98889160156,5262.58695652174,14485.5108695652,1776.86548913043
55,train,2001-04-01,1186.0,4984534.0,13720159.0,627170.8125,5213.99365234375,14351.7587890625,2433.79248046875,5269.17777777778,14503.6555555556,2281.89618055556
55,train,2001-07-01,1277.0,5459418.5,15027300.0,872260.3125,5167.44189453125,14223.6220703125,2833.86010742188,5218.51098901099,14364.1868131868,2693.29120879121
55,train,2001-10-01,1369.0,5930856.0,16324954.0,1152563.375,5075.0322265625,13969.259765625,3182.44287109375,5124.32065217391,14104.9347826087,3046.77241847826
55,train,2002-01-01,1461.0,6394223.0,17600394.0,1467744.875,4985.7177734375,13723.4189453125,3565.93530273438,5036.59782608696,13863.4782608696,3425.88586956522
55,train,2002-04-01,1551.0,6836033.0,18816496.0,1813710.0,4847.421875,13342.751953125,4013.55786132813,4909.0,13512.2444444444,3844.05694444444
55,train,2002-07-01,1642.0,7265430.5,19998432.0,2214975.25,4613.396484375,12698.5859375,4699.23828125,4718.65384615385,12988.3076923077,4409.50824175824
55,train,2002-10-01,1734.0,7674199.0,21123586.0,2698514.0,4351.23583984375,11976.9765625,5508.8154296875,4443.13586956522,12229.9347826087,5255.85597826087
55,train,2003-01-01,1826.0,8061403.0,22189384.0,3233986.0,4134.6552734375,11380.8291015625,6024.26416015625,4208.73913043478,11584.7608695652,5820.34782608696
55,train,2003-04-01,1916.0,8413983.0,23159876.0,3784747.75,3872.4736328125,10659.162109375,6243.65576171875,3917.55555555556,10783.2444444444,6119.575
55,train,2003-07-01,2007.0,8746486.0,24075106.0,4343214.5,3623.52905273438,9973.9306640625,6220.537109375,3653.87912087912,10057.4725274725,6136.99725274725
55,train,2003-10-01,2099.0,9065175.0,24952330.0,4904737.0,3436.65014648438,9461.505859375,6177.05322265625,3464.01086956522,9535.04347826087,6103.50543478261
55,train,2004-01-01,2191.0,9370768.0,25794220.0,5475739.0,3295.42163085938,9083.4267578125,6274.099609375,3321.66304347826,9150.97826086957,6206.54347826087
55,train,2004-04-01,2282.0,9660606.0,26592942.0,6052200.0,3167.28344726563,8728.6630859375,6383.23681640625,3185.03296703297,8777.16483516483,6334.73626373626
55,train,2004-07-01,2373.0,9938300.0,27358552.0,6639141.5,3027.92504882813,8360.5458984375,6502.66015625,3051.58241758242,8413.2967032967,6449.90659340659
55,train,2004-10-01,2465.0,10205566.0,28095718.0,7245924.5,2882.73168945313,7956.9609375,6651.18115234375,2905.0652173913,8012.67391304348,6595.46739130435
55,train,2005-01-01,2557.0,10459239.0,28794466.0,7868933.0,2740.59204101563,7553.79931640625,6813.10693359375,2757.3152173913,7595.08695652174,6771.83152173913
55,train,2005-04-01,2647.0,10693576.0,29439380.0,8492526.0,2588.78051757813,7130.28466796875,6964.2421875,2603.74444444444,7165.71111111111,6928.81111111111
55,train,2005-07-01,2738.0,10914540.0,30047308.0,9135502.0,2414.3818359375,6648.63037109375,7097.55859375,2428.17582417582,6680.52747252747,7065.67032967033
55,train,2005-10-01,2830.0,11123451.0,30622124.0,9797831.0,2256.0546875,6215.31201171875,7231.92578125,2270.77173913043,6248.0,7199.22826086957
55,train,2006-01-01,2922.0,11321005.0,31166340.0,10472392.0,2132.22265625,5881.9619140625,7365.6181640625,2147.32608695652,5915.39130434783,7332.1847826087
55,train,2006-04-01,3012.0,11505881.0,31676134.0,11144076.0,2038.42614746094,5623.2236328125,7492.3115234375,2054.17777777778,5664.37777777778,7463.15555555556
55,train,2006-07-01,3103.0,11686267.0,32173132.0,11834844.0,1964.27221679688,5410.47607421875,7614.51220703125,1982.26373626374,5461.51648351648,7590.85714285714
55,train,2006-10-01,3195.0,11862840.0,32659436.0,12544091.0,1900.87658691406,5235.2431640625,7733.20166015625,1919.27173913043,5285.91304347826,7709.20652173913
55,train,2007-01-01,3287.0,12033533.0,33129564.0,13263534.0,1837.34716796875,5060.40966796875,7844.390625,1855.35869565217,5110.08695652174,7820.03260869565
55,train,2007-04-01,3377.0,12195076.0,33574444.0,13976475.0,1777.89562988281,4896.0693359375,7946.486328125,1794.92222222222,4943.11111111111,7921.56666666667
55,train,2007-07-01,3468.0,12353311.0,34010080.0,14708402.0,1724.23376464844,4746.107421875,8069.806640625,1738.84615384615,4787.20879120879,8043.15384615385
55,train,2007-10-01,3560.0,12509148.0,34438812.0,15459361.0,1682.18518066406,4627.54296875,8188.40673828125,1693.88043478261,4660.13043478261,8162.59782608696
55,train,2008-01-01,3652.0,12661266.0,34857376.0,16221021.0,1642.04370117188,4518.62841796875,8304.6064453125,1653.45652173913,4549.60869565217,8278.91304347826
56,train,1998-01-01,0.0,0.0,0.0,0.0,0.0,0.0,0.0,,,
56,train,1998-04-01,90.0,0.0,0.0,0.0,0.0,0.0,0.0,0.0,0.0,0.0
56,train,1998-07-01,181.0,0.0,0.0,0.0,0.0,0.0,0.0,0.0,0.0,0.0
56,train,1998-10-01,273.0,0.0,0.0,0.0,0.0,0.0,0.0,0.0,0.0,0.0
56,train,1999-01-01,365.0,518325.5,1426714.875,0.0,5633.97265625,15507.76953125,0.0,5633.97282608696,15507.7703804348,0.0
56,train,1999-04-01,455.0,1017777.4375,2801479.25,0.0,5549.4658203125,15275.16015625,0.0,5549.46597222222,15275.1597222222,0.0
56,train,1999-07-01,546.0,1528237.125,4206543.5,0.423309326171875,5609.44287109375,15440.25,0.0187152717262506,5609.44711538462,15440.2664835165,0.00465175083705357
56,train,1999-10-01,638.0,2041992.625,5620679.0,1758.79040527344,5570.212890625,15332.267578125,57.883975982666,5584.29891304348,15371.0380434783,19.1126858255138
56,train,2000-01-01,730.0,2553399.75,7028350.5,12504.73046875,5549.17626953125,15274.36328125,143.216506958008,5558.77309782609,15300.777173913,116.803696342137
56,train,2000-04-01,821.0,3061102.5,8425826.0,34795.3203125,5540.1376953125,15249.4833984375,352.343688964844,5579.1510989011,15356.8736263736,244.951536744505
56,train,2000-07-01,912.0,3557352.75,9791777.0,90569.6015625,5409.41357421875,14889.6611328125,733.699157714844,5453.29945054945,15010.4505494506,612.90418956044
56,train,2000-10-01,1004.0,4054105.0,11159111.0,181380.734375,5347.60400390625,14719.5263671875,1129.87255859375,5399.48097826087,14862.3260869565,987.077530570652
56,train,2001-01-01,1096.0,4549892.0,12523788.0,312842.15625,5325.7890625,14659.4794921875,1602.89538574219,5388.98913043478,14833.4456521739,1428.9284986413
56,train,2001-04-01,1186.0,5035571.5,13860642.0,486687.6875,5337.78759765625,14692.5068359375,2093.04418945313,5396.43888888889,14853.9333333333,1931.61701388889
56,train,2001-07-01,1277.0,5521834.0,15199103.0,700457.8125,5290.798828125,14563.16796875,2494.31372070313,5343.54395604396,14708.3626373626,2349.12225274725
56,train,2001-10-01,1369.0,6005532.0,16530503.0,947013.9375,5208.39697265625,14336.3525390625,2815.35034179688,5257.58695652174,14471.7391304348,2679.95788043478
56,train,2002-01-01,1461.0,6481951.5,17841870.0,1226267.5,5133.9677734375,14131.482421875,3157.87109375,5178.47282608696,14253.9891304348,3035.36480978261
56,train,2002-04-01,1551.0,6939763.5,19102018.0,1528187.125,5043.615234375,13882.7841796875,3473.525390625,5086.8,14001.6444444444,3354.6625
56,train,2002-07-01,1642.0,7392704.5,20348760.0,1864648.25,4924.294921875,13554.349609375,3843.47534179688,4977.37362637363,13700.4615384615,3697.375
56,train,2002-10-01,1734.0,7838005.0,21574470.0,2247630.25,4772.40869140625,13136.275390625,4349.51708984375,4840.22282608696,13322.9347826087,4162.84782608696
56,train,2003-01-01,1826.0,8257577.5,22729362.0,2694006.5,4469.67919921875,12302.998046875,5102.09521484375,4560.57065217391,12553.1739130435,4851.91576086957
56,train,2003-04-01,1916.0,8635149.0,23768646.0,3175977.25,4133.162109375,11376.71875,5526.09912109375,4195.23888888889,11547.6,5355.23055555556
56,train,2003-07-01,2007.0,8988757.0,24741968.0,3676351.25,3844.83837890625,10583.0947265625,5611.37255859375,3885.8021978022,10695.8461538462,5498.61538461538
56,train,2003-10-01,2099.0,9325818.0,25669742.0,4187324.0,3630.02734375,9991.8173828125,5646.7412109375,3663.70652173913,10084.5,5554.05163043478
56,train,2004-01-01,2191.0,9647924.0,26556490.0,4713468.5,3470.25830078125,9558.451171875,5799.0751953125,3501.15217391304,9638.5652173913,5718.96195652174
56,train,2004-04-01,2282.0,9953451.0,27398492.0,5246651.0,3331.20483398438,9185.580078125,5926.31982421875,3357.43956043956,9252.76923076923,5859.14835164835
56,train,2004-07-01,2373.0,10246625.0,28206772.0,5790922.0,3194.9375,8821.0146484375,6042.19091796875,3221.69230769231,8882.1978021978,5981.0
56,train,2004-10-01,2465.0,10529186.0,28988012.0,6353630.5,3043.755859375,8435.3984375,6172.7431640625,3071.3152173913,8491.73913043478,6116.39673913043
56,train,2005-01-01,2557.0,10798261.0,29732912.0,6930485.5,2905.71850585938,8051.21533203125,6315.69091796875,2924.72826086957,8096.73913043478,6270.16304347826
56,train,2005-04-01,2647.0,11047800.0,30421422.0,7506971.5,2754.41479492188,7587.97802734375,6434.3125,2772.65555555556,7650.11111111111,6405.4
56,train,2005-07-01,2738.0,11284744.0,31072962.0,8100866.0,2585.89770507813,7106.12060546875,6557.875,2603.78021978022,7159.78021978022,6526.31318681319
56,train,2005-10-01,2830.0,11510158.0,31692218.0,8713939.0,2436.05590820313,6693.15966796875,6690.84912109375,2450.15217391304,6731.04347826087,6663.83695652174
56,train,2006-01-01,2922.0,11725227.0,32283418.0,9338903.0,2323.43090820313,6388.03173828125,6818.3134765625,2337.70652173913,6426.08695652174,6793.08695652174
56,train,2006-04-01,3012.0,11928081.0,32841316.0,9961161.0,2239.25610351563,6159.02392578125,6939.4150390625,2253.93333333333,6198.86666666667,6913.97777777778
56,train,2006-07-01,3103.0,12127313.0,33389436.0,10602396.0,2173.01904296875,5978.77734375,7072.65185546875,2189.36263736264,6023.2967032967,7046.53846153846
56,train,2006-10-01,3195.0,12323389.0,33928968.0,11262544.0,2113.75390625,5816.39599609375,7203.05810546875,2131.26086956522,5864.47826086957,7175.52173913043
56,train,2007-01-01,3287.0,12514154.0,34453900.0,11933654.0,2056.84521484375,5659.7724609375,7320.60693359375,2073.53260869565,5705.78260869565,7294.67391304348
56,train,2007-04-01,3377.0,12695675.0,34953392.0,12599599.0,2000.30163574219,5504.2685546875,7424.3916015625,2016.9,5549.91111111111,7399.38888888889
56,train,2007-07-01,3468.0,12874009.0,35444244.0,13283350.0,1943.44470214844,5349.658203125,7536.92724609375,1959.71428571429,5393.97802197802,7513.74725274725
56,train,2007-10-01,3560.0,13048962.0,35925912.0,13984418.0,1885.17907714844,5190.40478515625,7642.78759765625,1901.66304347826,5235.52173913043,7620.30434782609
56,train,2008-01-01,3652.0,13218571.0,36392932.0,14694609.0,1828.31811523438,5034.265625,7741.50732421875,1843.57608695652,5076.30434782609,7719.46739130435
57,train,1998-01-01,0.0,0.0,0.0,0.0,0.0,0.0,0.0,,,
57,train,1998-04-01,90.0,0.0,0.0,0.0,0.0,0.0,0.0,0.0,0.0,0.0
57,train,1998-07-01,181.0,0.0,0.0,0.0,0.0,0.0,0.0,0.0,0.0,0.0
57,train,1998-10-01,273.0,0.0,0.0,0.0,0.0,0.0,0.0,0.0,0.0,0.0
57,train,1999-01-01,365.0,518325.5,1426714.875,0.0,5633.97265625,15507.76953125,0.0,5633.97282608696,15507.7703804348,0.0
57,train,1999-04-01,455.0,1017777.4375,2801479.25,0.0,5549.4658203125,15275.16015625,0.0,5549.46597222222,15275.1597222222,0.0
57,train,1999-07-01,546.0,1528237.375,4206543.5,0.0,5609.44970703125,15440.26953125,0.0,5609.44986263736,15440.2664835165,0.0
57,train,1999-10-01,638.0,2042631.625,5622437.5,0.0,5591.24169921875,15390.1513671875,0.0,5591.24184782609,15390.152173913,0.0
57,train,2000-01-01,730.0,2557262.25,7038982.5,1872.68371582031,5582.32421875,15365.60546875,51.9748878479004,5593.81114130435,15397.2282608696,20.3552577806555
57,train,2000-04-01,821.0,3069523.25,8449004.0,11617.2666015625,5621.8154296875,15474.3056640625,127.521667480469,5629.24175824176,15494.7417582418,107.083328414749
57,train,2000-07-01,912.0,3580466.25,9855398.0,26948.73046875,5602.908203125,15422.263671875,201.096206665039,5614.75824175824,15454.8791208791,168.477624914148
57,train,2000-10-01,1004.0,4098220.25,11280540.0,59951.86328125,5586.62451171875,15377.44140625,471.957550048828,5627.76086956522,15490.6739130435,358.729704483696
57,train,2001-01-01,1096.0,4617648.5,12710291.0,126339.46875,5600.439453125,15415.4677734375,846.907409667969,5645.95923913043,15540.7717391304,721.604407269022
57,train,2001-04-01,1186.0,5129865.0,14120190.0,227140.328125,5646.67724609375,15542.740234375,1242.81042480469,5691.29444444444,15665.5444444444,1120.00954861111
57,train,2001-07-01,1277.0,5644082.5,15535597.0,363963.5,5600.2265625,15414.8818359375,1642.60046386719,5650.74175824176,15553.9230769231,1503.55133928571
57,train,2001-10-01,1369.0,6155040.0,16942030.0,535486.6875,5501.03515625,15141.8525390625,2009.84997558594,5553.88586956522,15287.3152173913,1864.38247282609
57,train,2002-01-01,1461.0,6658779.0,18328596.0,739541.1875,5428.30078125,14941.6474609375,2347.70629882813,5475.42391304348,15071.3695652174,2217.98369565217
57,train,2002-04-01,1551.0,7144150.5,19664604.0,965601.6875,5353.6240234375,14736.09765625,2620.21215820313,5393.01666666667,14844.5333333333,2511.78333333333
57,train,2002-07-01,1642.0,7627588.5,20995290.0,1218118.25,5275.14208984375,14520.072265625,2877.75268554688,5312.50549450549,14622.9230769231,2774.90728021978
57,train,2002-10-01,1734.0,8109866.0,22322780.0,1499321.125,5208.23876953125,14335.9169921875,3149.875,5242.14673913043,14429.2391304348,3056.55298913043
57,train,2003-01-01,1826.0,8581112.0,23619908.0,1803461.75,5087.9248046875,14004.748046875,3400.34497070313,5122.23913043478,14099.2173913043,3305.87635869565
57,train,2003-04-01,1916.0,9018407.0,24823580.0,2121043.0,4831.67333984375,13299.4033203125,3603.41479492188,4858.83333333333,13374.1333333333,3528.68055555556
57,train,2003-07-01,2007.0,9433132.0,25965132.0,2453188.0,4529.89892578125,12468.7548828125,3725.71264648438,4557.41758241758,12544.5274725275,3649.94505494505
57,train,2003-10-01,2099.0,9829480.0,27056096.0,2800970.25,4280.44775390625,11782.12890625,3856.4296875,4308.13043478261,11858.3043478261,3780.24184782609
57,train,2004-01-01,2191.0,10208366.0,28099000.0,3170960.25,4084.9755859375,11244.083984375,4113.4423828125,4118.32608695652,11335.9130434783,4021.63043478261
57,train,2004-04-01,2282.0,10565236.0,29081300.0,3563842.0,3882.71533203125,10687.353515625,4424.546875,3921.64835164835,10794.5054945055,4317.38186813187
57,train,2004-07-01,2373.0,10903451.0,30012252.0,3985441.75,3683.68505859375,10139.5126953125,4723.69287109375,3716.64835164835,10230.2417582418,4632.96428571429
57,train,2004-10-01,2465.0,11228870.0,30907982.0,4433661.5,3503.44995117188,9643.4072265625,4964.734375,3537.16304347826,9736.19565217391,4871.95380434783
57,train,2005-01-01,2557.0,11538380.0,31759922.0,4903476.5,3343.42456054688,9202.9306640625,5163.9755859375,3364.23913043478,9260.21739130435,5106.6847826087
57,train,2005-04-01,2647.0,11826382.0,32552662.0,5379244.5,3179.5703125,8751.9140625,5342.61328125,3200.02222222222,8808.22222222222,5286.31111111111
57,train,2005-07-01,2738.0,12100326.0,33306706.0,5876102.5,2995.33764648438,8244.8046875,5501.3837890625,3010.37362637363,8286.1978021978,5459.97802197802
57,train,2005-10-01,2830.0,12362713.0,34028936.0,6391017.5,2834.73193359375,7802.73046875,5644.50732421875,2852.03260869565,7850.32608695652,5596.90217391304
57,train,2006-01-01,2922.0,12613965.0,34720520.0,6918212.0,2716.34619140625,7476.8681640625,5770.7119140625,2731.0,7517.21739130435,5730.375
57,train,2006-04-01,3012.0,12852564.0,35377276.0,7444013.5,2639.14135742188,7264.3583984375,5875.1669921875,2651.1,7297.28888888889,5842.23888888889
57,train,2006-07-01,3103.0,13089129.0,36028432.0,7986554.5,2589.25390625,7127.04052734375,5990.50439453125,2599.61538461538,7155.56043956044,5961.98901098901
57,train,2006-10-01,3195.0,13324749.0,36676988.0,8545288.0,2548.99096679688,7016.21533203125,6106.48876953125,2561.08695652174,7049.52173913043,6073.1902173913
57,train,2007-01-01,3287.0,13555835.0,37313060.0,9114771.0,2502.65869140625,6888.68310546875,6215.2060546875,2511.80434782609,6913.82608695652,6190.03260869565
57,train,2007-04-01,3377.0,13777752.0,37923896.0,9680778.0,2456.80615234375,6762.4716796875,6313.56005859375,2465.74444444444,6787.06666666667,6288.96666666667
57,train,2007-07-01,3468.0,13998331.0,38531052.0,10262520.0,2411.83325195313,6638.6826171875,6426.11572265625,2423.94505494505,6672.04395604396,6392.76923076923
57,train,2007-10-01,3560.0,14216850.0,39132536.0,10861539.0,2365.90966796875,6512.275390625,6536.65869140625,2375.20652173913,6537.86956521739,6511.07608695652
57,train,2008-01-01,3652.0,14430990.0,39721968.0,11470782.0,2318.20849609375,6380.97607421875,6648.087890625,2327.60869565217,6406.86956521739,6622.20652173913
58,train,1998-01-01,0.0,0.0,0.0,0.0,0.0,0.0,0.0,,,
58,train,1998-04-01,90.0,0.0,0.0,0.0,0.0,0.0,0.0,0.0,0.0,0.0
58,train,1998-07-01,181.0,0.0,0.0,0.0,0.0,0.0,0.0,0.0,0.0,0.0
58,train,1998-10-01,273.0,0.0,0.0,0.0,0.0,0.0,0.0,0.0,0.0,0.0
58,train,1999-01-01,365.0,518325.5,1426714.875,0.0,5633.97265625,15507.76953125,0.0,5633.97282608696,15507.7703804348,0.0
58,train,1999-04-01,455.0,1017777.4375,2801479.25,0.0,5549.4658203125,15275.16015625,0.0,5549.46597222222,15275.1597222222,0.0
58,train,1999-07-01,546.0,1528236.75,4206542.0,1.53689932823181,5609.40771484375,15440.1533203125,0.115812048316002,5609.44299450549,15440.25,0.016889003606943
58,train,1999-10-01,638.0,2040690.5,5617094.5,5343.080078125,5552.84814453125,15284.470703125,105.680374145508,5570.14945652174,15332.0923913043,58.0602519434431
58,train,2000-01-01,730.0,2551009.0,7021770.0,19084.896484375,5534.39453125,15233.67578125,183.904479980469,5546.9402173913,15268.2119565217,149.367569633152
58,train,2000-04-01,821.0,3053749.5,8405586.0,55034.828125,5479.77490234375,15083.3330078125,518.494812011719,5524.62087912088,15206.7692307692,395.054193853022
58,train,2000-07-01,912.0,3544358.25,9756010.0,126337.3203125,5336.10546875,14687.8759765625,935.483581542969,5391.30494505495,14839.8241758242,783.543870192308
58,train,2000-10-01,1004.0,4034191.25,11104298.0,236194.03125,5266.36572265625,14495.9150390625,1353.484375,5324.27173913043,14655.3043478261,1194.09468410326
58,train,2001-01-01,1096.0,4521657.0,12446069.0,390561.5625,5235.146484375,14409.982421875,1852.39270019531,5298.54076086957,14584.4673913043,1677.90794836957
58,train,2001-04-01,1186.0,4999043.5,13760098.0,587231.75,5244.3212890625,14435.236328125,2350.31494140625,5304.29444444444,14600.3222222222,2185.22430555556
58,train,2001-07-01,1277.0,5476568.5,15074507.0,825054.0,5193.72607421875,14295.970703125,2761.5107421875,5247.52747252747,14444.0549450549,2613.43131868132
58,train,2001-10-01,1369.0,5949286.0,16377753.0,1099764.0,5082.880859375,14025.462890625,3126.23950195313,5138.23369565217,14165.7173913043,2985.97826086957
58,train,2002-01-01,1461.0,6412005.5,17658158.0,1409980.25,4967.05419921875,13785.033203125,3504.32055664063,5029.5597826087,13917.4456521739,3371.91576086957
58,train,2002-04-01,1551.0,6851023.5,18869748.0,1747335.875,4798.5498046875,13202.4736328125,3897.8828125,4877.97777777778,13462.1111111111,3748.39583333333
58,train,2002-07-01,1642.0,7276838.0,20040942.0,2134788.25,4598.26123046875,12651.6103515625,4448.1767578125,4679.28021978022,12870.2637362637,4257.71840659341
58,train,2002-10-01,1734.0,7684863.5,21164042.0,2591290.75,4313.39453125,11874.67578125,5247.2900390625,4435.0597826087,12207.6086956522,4961.98369565217
58,train,2003-01-01,1826.0,8067825.0,22218396.0,3106043.75,4065.15405273438,11192.3359375,5792.591796875,4162.625,11460.3695652174,5595.14130434783
58,train,2003-04-01,1916.0,8417216.0,23180392.0,3639615.75,3814.00048828125,10501.3876953125,6060.13623046875,3882.12222222222,10688.8444444444,5928.57777777778
58,train,2003-07-01,2007.0,8744726.0,24082156.0,4183722.25,3544.47485351563,9759.5439453125,6066.88720703125,3599.01098901099,9909.49450549451,5979.19230769231
58,train,2003-10-01,2099.0,9055382.0,24937474.0,4730659.0,3327.67016601563,9161.3291015625,6018.61181640625,3376.69565217391,9296.9347826087,5944.96467391304
58,train,2004-01-01,2191.0,9350571.0,25750076.0,5286299.5,3173.9912109375,8737.2099609375,6094.673828125,3208.57608695652,8832.63043478261,6039.57065217391
58,train,2004-04-01,2282.0,9628997.0,26516460.0,5844913.0,3034.26831054688,8351.3994140625,6176.80908203125,3059.62637362637,8421.8021978022,6138.60989010989
58,train,2004-07-01,2373.0,9895065.0,27248578.0,6410964.5,2897.01245117188,7971.244140625,6261.34912109375,2923.82417582418,8045.25274725275,6220.34615384615
58,train,2004-10-01,2465.0,10150937.0,27952188.0,6993264.5,2759.40673828125,7585.43701171875,6366.4267578125,2781.21739130435,7647.9347826087,6329.34782608696
58,train,2005-01-01,2557.0,10394120.0,28620388.0,7588146.5,2626.66088867188,7217.712890625,6496.56640625,2643.29347826087,7263.04347826087,6466.10869565217
58,train,2005-04-01,2647.0,10618721.0,29237804.0,8182943.5,2480.05419921875,6818.77001953125,6636.7978515625,2495.56666666667,6860.17777777778,6608.85555555556
58,train,2005-07-01,2738.0,10830209.0,29819394.0,8796418.0,2309.70336914063,6352.34130859375,6767.0244140625,2324.04395604396,6391.0989010989,6741.47802197802
58,train,2005-10-01,2830.0,11030586.0,30370582.0,9427485.0,2159.59643554688,5941.123046875,6889.119140625,2178.01086956522,5991.17391304348,6859.42391304348
58,train,2006-01-01,2922.0,11220015.0,30891736.0,10070023.0,2043.93530273438,5623.458984375,7007.14794921875,2059.01086956522,5664.71739130435,6984.10869565217
58,train,2006-04-01,3012.0,11397479.0,31380026.0,10708619.0,1956.26123046875,5382.8232421875,7118.2197265625,1971.82222222222,5425.44444444444,7095.51111111111
58,train,2006-07-01,3103.0,11570811.0,31857014.0,11365506.0,1888.26245117188,5196.7373046875,7242.24609375,1904.74725274725,5241.62637362637,7218.53846153846
58,train,2006-10-01,3195.0,11740955.0,32325414.0,12040152.0,1828.20153808594,5033.46533203125,7362.66455078125,1849.39130434783,5091.30434782609,7333.10869565217
58,train,2007-01-01,3287.0,11905968.0,32779768.0,12724531.0,1772.67443847656,4880.89697265625,7469.49072265625,1793.61956521739,4938.63043478261,7438.90217391304
58,train,2007-04-01,3377.0,12062108.0,33209646.0,13403563.0,1719.32397460938,4733.48974609375,7568.90185546875,1734.88888888889,4776.42222222222,7544.8
58,train,2007-07-01,3468.0,12215410.0,33631600.0,14100989.0,1671.73083496094,4600.470703125,7689.9091796875,1684.63736263736,4636.85714285714,7664.02197802198
58,train,2007-10-01,3560.0,12366611.0,34047532.0,14817270.0,1631.30297851563,4487.3876953125,7814.6259765625,1643.48913043478,4521.0,7785.66304347826
58,train,2008-01-01,3652.0,12513458.0,34451516.0,15546651.0,1582.12243652344,4352.62158203125,7962.8544921875,1596.16304347826,4391.13043478261,7928.05434782609
59,train,1998-01-01,0.0,0.0,0.0,0.0,0.0,0.0,0.0,,,
59,train,1998-04-01,90.0,0.0,0.0,0.0,0.0,0.0,0.0,0.0,0.0,0.0
59,train,1998-07-01,181.0,0.0,0.0,0.0,0.0,0.0,0.0,0.0,0.0,0.0
59,train,1998-10-01,273.0,0.0,0.0,0.0,0.0,0.0,0.0,0.0,0.0,0.0
59,train,1999-01-01,365.0,518325.5,1426714.875,0.0,5633.97265625,15507.76953125,0.0,5633.97282608696,15507.7703804348,0.0
59,train,1999-04-01,455.0,1017777.4375,2801479.25,0.0,5549.4658203125,15275.16015625,0.0,5549.46597222222,15275.1597222222,0.0
59,train,1999-07-01,546.0,1528237.375,4206543.5,0.0,5609.44970703125,15440.26953125,0.0,5609.44986263736,15440.2664835165,0.0
59,train,1999-10-01,638.0,2042631.0,5622436.0,1.52100074291229,5591.205078125,15390.0498046875,0.101687572896481,5591.23505434783,15390.1358695652,0.0165326167707858
59,train,2000-01-01,730.0,2556688.0,7037401.5,3453.58251953125,5574.1650390625,15343.146484375,74.4339294433594,5587.57608695652,15380.0597826087,37.5224078129167
59,train,2000-04-01,821.0,3068512.0,8446221.0,14400.3076171875,5617.61328125,15462.740234375,139.087554931641,5624.43956043956,15481.532967033,120.293682391827
59,train,2000-07-01,912.0,3578753.5,9850684.0,31663.162109375,5592.32861328125,15393.142578125,230.217422485352,5607.04945054945,15433.6593406593,189.701697716346
59,train,2000-10-01,1004.0,4094466.0,11270207.0,70285.125,5569.88232421875,15331.357421875,518.041442871094,5605.57065217391,15429.597826087,419.803944463315
59,train,2001-01-01,1096.0,4612312.0,12695601.0,141028.796875,5577.4677734375,15352.2373046875,910.137878417969,5628.76086956522,15493.4130434783,768.952955163043
59,train,2001-04-01,1186.0,5122406.5,14099660.0,247669.53125,5624.81640625,15482.56640625,1302.98425292969,5667.71666666667,15600.6555555556,1184.89704861111
59,train,2001-07-01,1277.0,5634391.5,15508922.0,390638.9375,5573.7099609375,15341.8935546875,1715.58850097656,5626.20879120879,15486.3956043956,1571.09237637363
59,train,2001-10-01,1369.0,6143068.5,16909080.0,568437.9375,5476.513671875,15074.3564453125,2077.34619140625,5529.09782608696,15219.1086956522,1932.59782608696
59,train,2002-01-01,1461.0,6644644.0,18289690.0,778448.5,5403.609375,14873.68359375,2415.67041015625,5451.90760869565,15006.6304347826,2282.72350543478
59,train,2002-04-01,1551.0,7127312.0,19618256.0,1011950.6875,5326.98095703125,14662.7607421875,2693.548828125,5362.97777777778,14761.8444444444,2594.46875
59,train,2002-07-01,1642.0,7607862.0,20941186.0,1272221.375,5237.46240234375,14427.435546875,2970.38916015625,5280.76923076923,14537.6923076923,2860.11744505495
59,train,2002-10-01,1734.0,8086526.5,22259904.0,1562197.25,5161.97900390625,14232.9775390625,3252.81469726563,5202.875,14333.8913043478,3151.91168478261
59,train,2003-01-01,1826.0,8553329.0,23545604.0,1877764.625,5040.1796875,13891.7919921875,3513.30126953125,5073.9402173913,13975.0,3430.08016304348
59,train,2003-04-01,1916.0,8987847.0,24739544.0,2205079.5,4790.85595703125,13181.5029296875,3721.31494140625,4827.97777777778,13266.0,3636.83194444444
59,train,2003-07-01,2007.0,9398371.0,25869450.0,2548868.75,4481.22265625,12334.609375,3859.85815429688,4511.25274725275,12416.5494505494,3777.90384615385
59,train,2003-10-01,2099.0,9789008.0,26944696.0,2912370.75,4213.08544921875,11596.705078125,4041.853515625,4246.05434782609,11687.4565217391,3951.10869565217
59,train,2004-01-01,2191.0,10160963.0,27968520.0,3301439.25,4004.06884765625,11021.3837890625,4336.14208984375,4042.98913043478,11128.5217391304,4229.00543478261
59,train,2004-04-01,2282.0,10510882.0,28931688.0,3713453.75,3795.39331054688,10446.9951171875,4664.90478515625,3845.26373626374,10584.2637362637,4527.63186813187
59,train,2004-07-01,2373.0,10842954.0,29845730.0,4151964.0,3612.1015625,9942.4755859375,4920.72998046875,3649.14285714286,10044.4175824176,4818.79395604396
59,train,2004-10-01,2465.0,11162079.0,30724216.0,4617428.0,3442.59497070313,9480.4482421875,5127.693359375,3468.75,9548.76086956522,5059.39130434783
59,train,2005-01-01,2557.0,11466226.0,31561732.0,5101665.5,3281.6845703125,9041.841796875,5325.06396484375,3305.94565217391,9103.4347826087,5263.45108695652
59,train,2005-04-01,2647.0,11748628.0,32339722.0,5592184.5,3116.31713867188,8590.140625,5504.3857421875,3137.8,8644.33333333333,5450.21111111111
59,train,2005-07-01,2738.0,12017135.0,33079584.0,6103224.5,2931.03051757813,8078.923828125,5667.26513671875,2950.62637362637,8130.35164835165,5615.82417582418
59,train,2005-10-01,2830.0,12273935.0,33786964.0,6632990.5,2776.15356445313,7649.24169921875,5797.99658203125,2791.30434782609,7688.91304347826,5758.32608695652
59,train,2006-01-01,2922.0,12520525.0,34465928.0,7172803.5,2665.52099609375,7342.984375,5904.595703125,2680.32608695652,7380.04347826087,5867.53260869565
59,train,2006-04-01,3012.0,12754440.0,35110368.0,7710920.5,2584.828125,7130.359375,6009.16552734375,2599.05555555556,7160.44444444444,5979.07777777778
59,train,2006-07-01,3103.0,12985974.0,35749480.0,8265505.5,2528.08666992188,6990.93798828125,6126.60693359375,2544.32967032967,7023.20879120879,6094.34065934066
59,train,2006-10-01,3195.0,13215341.0,36384436.0,8837839.0,2480.13110351563,6873.81689453125,6248.88720703125,2493.11956521739,6901.69565217391,6221.01630434783
59,train,2007-01-01,3287.0,13440634.0,37007688.0,9420146.0,2432.13012695313,6735.75146484375,6368.1376953125,2448.83695652174,6774.47826086957,6329.42391304348
59,train,2007-04-01,3377.0,13656129.0,37602088.0,9999476.0,2380.38793945313,6558.22509765625,6460.13916015625,2394.38888888889,6604.44444444444,6437.0
59,train,2007-07-01,3468.0,13869921.0,38190320.0,10595502.0,2336.06079101563,6425.99609375,6573.962890625,2349.36263736264,6464.08791208791,6549.73626373626
59,train,2007-10-01,3560.0,14081941.0,38773480.0,11207999.0,2291.48974609375,6302.7177734375,6681.21337890625,2304.5652173913,6338.69565217391,6657.57608695652
59,train,2008-01-01,3652.0,14289605.0,39344688.0,11830385.0,2243.54663085938,6171.36669921875,6789.44140625,2257.21739130435,6208.78260869565,6765.0652173913
60,train,1998-01-01,0.0,0.0,0.0,0.0,0.0,0.0,0.0,,,
60,train,1998-04-01,90.0,0.0,0.0,0.0,0.0,0.0,0.0,0.0,0.0,0.0
60,train,1998-07-01,181.0,0.0,0.0,0.0,0.0,0.0,0.0,0.0,0.0,0.0
60,train,1998-10-01,273.0,0.0,0.0,0.0,0.0,0.0,0.0,0.0,0.0,0.0
60,train,1999-01-01,365.0,518325.5,1426714.875,0.0,5633.97265625,15507.76953125,0.0,5633.97282608696,15507.7703804348,0.0
60,train,1999-04-01,455.0,1017777.4375,2801479.25,0.0,5549.4658203125,15275.16015625,0.0,5549.46597222222,15275.1597222222,0.0
60,train,1999-07-01,546.0,1528237.375,4206543.5,0.0460359305143356,5609.4482421875,15440.2646484375,0.00414188392460346,5609.44986263736,15440.2664835165,0.00050588934631138
60,train,1999-10-01,638.0,2041571.25,5619519.0,2918.73364257812,5562.068359375,15309.849609375,80.302001953125,5579.7160326087,15358.4293478261,31.7248652896479
60,train,2000-01-01,730.0,2552541.5,7025988.5,14866.5859375,5543.947265625,15259.970703125,157.609146118164,5554.02445652174,15287.7119565217,129.867959727412
60,train,2000-04-01,821.0,3058210.25,8417865.0,42756.671875,5507.84375,15160.59375,441.233764648438,5556.79945054945,15295.3461538462,306.484460851648
60,train,2000-07-01,912.0,3551708.75,9776242.0,106105.296875,5372.3603515625,14787.669921875,835.690368652344,5423.06043956044,14927.2197802198,696.138736263736
60,train,2000-10-01,1004.0,4045213.25,11134636.0,205856.0,5312.78955078125,14623.6982421875,1225.70080566406,5364.17934782609,14765.152173913,1084.24677309783
60,train,2001-01-01,1096.0,4537128.0,12488655.0,347975.6875,5286.3203125,14550.83984375,1711.53527832031,5346.89945652174,14717.597826087,1544.77921195652
60,train,2001-04-01,1186.0,5019453.5,13816278.0,531052.0625,5300.2666015625,14589.228515625,2196.322265625,5359.17222222222,14751.3666666667,2034.18194444444
60,train,2001-07-01,1277.0,5502436.0,15145709.0,753852.1875,5259.0400390625,14475.75,2581.73168945313,5307.5,14609.1318681319,2448.35302197802
60,train,2001-10-01,1369.0,5982790.0,16468037.0,1009480.75,5171.30078125,14243.80859375,2907.89453125,5221.23913043478,14373.1304347826,2778.57133152174
60,train,2002-01-01,1461.0,6454905.5,17770866.0,1297272.75,5082.34423828125,14034.798828125,3254.5546875,5131.6902173913,14161.1847826087,3128.17391304348
60,train,2002-04-01,1551.0,6906586.0,19020618.0,1609588.0,4984.9033203125,13751.2509765625,3605.05834960938,5018.67222222222,13886.1333333333,3470.16944444444
60,train,2002-07-01,1642.0,7348459.0,20240396.0,1961271.125,4760.23046875,13112.64453125,4026.08374023438,4855.74725274725,13404.1538461538,3864.64972527473
60,train,2002-10-01,1734.0,7774484.0,21412040.0,2371655.75,4532.32958984375,12467.3701171875,4700.6162109375,4630.70652173913,12735.2608695652,4460.70244565217
60,train,2003-01-01,1826.0,8173948.0,22511420.0,2847093.5,4247.30517578125,11691.470703125,5386.01171875,4342.0,11949.7826086957,5167.80163043478
60,train,2003-04-01,1916.0,8538966.0,23516334.0,3346345.5,3978.98779296875,10955.0546875,5704.560546875,4055.75555555556,11165.7111111111,5547.24444444444
60,train,2003-07-01,2007.0,8881056.0,24458238.0,3860590.75,3707.64819335938,10208.82421875,5746.2080078125,3759.23076923077,10350.5934065934,5651.0467032967
60,train,2003-10-01,2099.0,9205522.0,25351632.0,4382562.0,3479.61596679688,9580.7880859375,5755.6728515625,3526.80434782609,9710.80434782609,5673.60054347826
60,train,2004-01-01,2191.0,9513492.0,26199602.0,4915733.5,3307.15869140625,9106.197265625,5853.634765625,3347.5,9217.0652173913,5795.34239130435
60,train,2004-04-01,2282.0,9804013.0,26999528.0,5451784.0,3153.08862304688,8681.9111328125,5942.2958984375,3192.53846153846,8790.3956043956,5890.66483516484
60,train,2004-07-01,2373.0,10080636.0,27761108.0,5996719.0,3012.6435546875,8293.8095703125,6029.89404296875,3039.81318681319,8369.01098901099,5988.2967032967
60,train,2004-10-01,2465.0,10346880.0,28494026.0,6557506.5,2872.2578125,7906.4208984375,6128.93408203125,2893.95652173913,7966.5,6095.51630434783
60,train,2005-01-01,2557.0,10600912.0,29193244.0,7129077.5,2739.71508789063,7540.58935546875,6246.6533203125,2761.21739130435,7600.19565217391,6212.72826086957
60,train,2005-04-01,2647.0,10836266.0,29840774.0,7699649.0,2595.92407226563,7140.32861328125,6372.65576171875,2615.04444444444,7194.77777777778,6339.68333333333
60,train,2005-07-01,2738.0,11058488.0,30451582.0,8288459.0,2428.62939453125,6674.22705078125,6494.29931640625,2442.0,6712.17582417582,6470.43956043956
60,train,2005-10-01,2830.0,11269813.0,31032280.0,8895044.0,2284.46215820313,6278.46484375,6617.6708984375,2297.01086956522,6311.9347826087,6593.3152173913
60,train,2006-01-01,2922.0,11471202.0,31586042.0,9512794.0,2175.47900390625,5983.12939453125,6739.27880859375,2189.01086956522,6019.15217391304,6714.67391304348
60,train,2006-04-01,3012.0,11660982.0,32108178.0,10127596.0,2094.94604492188,5764.3232421875,6855.0859375,2108.66666666667,5801.51111111111,6831.13333333333
60,train,2006-07-01,3103.0,11847402.0,32621206.0,10760748.0,2033.43591308594,5596.3173828125,6982.49560546875,2048.57142857143,5637.67032967033,6957.71428571429
60,train,2006-10-01,3195.0,12031116.0,33126866.0,11412031.0,1981.14660644531,5453.04248046875,7104.4892578125,1996.89130434783,5496.30434782609,7079.16304347826
60,train,2007-01-01,3287.0,12210412.0,33620384.0,12073231.0,1929.7275390625,5311.71142578125,7217.302734375,1948.86956521739,5364.32608695652,7186.95652173913
60,train,2007-04-01,3377.0,12380984.0,34089876.0,12729410.0,1880.52355957031,5176.00390625,7314.40869140625,1895.24444444444,5216.57777777778,7290.87777777778
60,train,2007-07-01,3468.0,12548856.0,34551940.0,13402846.0,1830.00939941406,5037.0830078125,7422.7939453125,1844.74725274725,5077.62637362637,7400.3956043956
60,train,2007-10-01,3560.0,12713770.0,35005872.0,14093413.0,1777.38269042969,4892.35986328125,7529.0126953125,1792.54347826087,4934.04347826087,7506.16304347826
60,train,2008-01-01,3652.0,12873746.0,35446248.0,14793338.0,1723.92102050781,4745.77734375,7630.251953125,1738.86956521739,4786.69565217391,7607.88043478261
61,train,1998-01-01,0.0,0.0,0.0,0.0,0.0,0.0,0.0,,,
61,train,1998-04-01,90.0,0.0,0.0,0.0,0.0,0.0,0.0,0.0,0.0,0.0
61,train,1998-07-01,181.0,0.0,0.0,0.0,0.0,0.0,0.0,0.0,0.0,0.0
61,train,1998-10-01,273.0,0.0,0.0,0.0,0.0,0.0,0.0,0.0,0.0,0.0
61,train,1999-01-01,365.0,518325.5,1426714.875,0.0,5633.97265625,15507.76953125,0.0,5633.97282608696,15507.7703804348,0.0
61,train,1999-04-01,455.0,1017777.4375,2801479.25,0.0,5549.4658203125,15275.16015625,0.0,5549.46597222222,15275.1597222222,0.0
61,train,1999-07-01,546.0,1528237.375,4206543.5,0.0,5609.44970703125,15440.26953125,0.0,5609.44986263736,15440.2664835165,0.0
61,train,1999-10-01,638.0,2041478.625,5619264.0,3173.49291992188,5560.595703125,15305.796875,84.3545379638672,5578.70923913043,15355.6576086957,34.4944882600204
61,train,2000-01-01,730.0,2552361.5,7025492.5,15362.31640625,5543.671875,15259.212890625,158.367584228516,5553.07472826087,15285.0923913043,132.487211807914
61,train,2000-04-01,821.0,3058208.75,8417861.0,42760.5625,5511.1806640625,15169.779296875,432.048553466797,5558.76098901099,15300.7527472527,301.079627403846
61,train,2000-07-01,912.0,3552370.75,9778065.0,104282.5234375,5372.9052734375,14789.169921875,834.190124511719,5430.35164835165,14947.2967032967,676.065504807692
61,train,2000-10-01,1004.0,4045493.75,11135408.0,205083.9375,5314.9423828125,14629.625,1219.77429199219,5360.03260869565,14753.7282608696,1095.66754415761
61,train,2001-01-01,1096.0,4537774.0,12490432.0,346198.375,5283.61767578125,14543.4013671875,1718.97412109375,5350.8722826087,14728.5217391304,1533.85258152174
61,train,2001-04-01,1186.0,5019605.5,13816696.0,530634.375,5292.99951171875,14569.2255859375,2216.3251953125,5353.68333333333,14736.2666666667,2049.28888888889
61,train,2001-07-01,1277.0,5501698.0,15143678.0,755882.8125,5246.57861328125,14441.44921875,2616.0322265625,5297.71978021978,14582.2197802198,2475.25755494505
61,train,2001-10-01,1369.0,5980854.5,16462578.0,1014939.75,5156.3701171875,14193.1455078125,2958.55688476563,5208.22282608696,14335.8695652174,2815.83627717391
61,train,2002-01-01,1461.0,6451594.0,17759172.0,1308965.5,5066.34130859375,13970.2451171875,3319.1083984375,5116.73369565217,14093.4130434783,3195.93206521739
61,train,2002-04-01,1551.0,6902137.0,19002594.0,1627612.125,4953.90625,13686.4833984375,3669.82641601563,5006.03333333333,13815.8,3540.51805555556
61,train,2002-07-01,1642.0,7345366.5,20228072.0,1985336.875,4804.08447265625,13299.75,4098.07421875,4870.65384615385,13466.7912087912,3931.04120879121
61,train,2002-10-01,1734.0,7774770.0,21411436.0,2401153.75,4558.75537109375,12552.0869140625,4784.552734375,4667.42934782609,12862.652173913,4519.74864130435
61,train,2003-01-01,1826.0,8176756.5,22518194.0,2884399.0,4269.1533203125,11754.2216796875,5483.080078125,4369.41847826087,12029.9782608696,5252.66576086957
61,train,2003-04-01,1916.0,8543143.0,23526970.0,3393564.5,3998.59399414063,11009.8671875,5806.115234375,4070.96111111111,11208.6222222222,5657.39444444444
61,train,2003-07-01,2007.0,8887432.0,24474924.0,3916136.75,3723.07104492188,10251.9296875,5854.2880859375,3783.3956043956,10417.0769230769,5742.5521978022
61,train,2003-10-01,2099.0,9213083.0,25371600.0,4448016.0,3488.08984375,9604.4677734375,5863.80078125,3539.6847826087,9746.47826086957,5781.29619565217
61,train,2004-01-01,2191.0,9521538.0,26220924.0,4990752.5,3307.494140625,9106.7880859375,5962.4580078125,3352.77173913043,9231.78260869565,5899.3097826087
61,train,2004-04-01,2282.0,9812206.0,27021124.0,5537115.5,3160.38500976563,8699.9208984375,6056.47314453125,3194.15384615385,8793.40659340659,6003.98901098901
61,train,2004-07-01,2373.0,10089606.0,27784718.0,6092378.0,3021.47143554688,8316.8349609375,6141.88427734375,3048.35164835165,8391.14285714286,6101.78571428571
61,train,2004-10-01,2465.0,10356719.0,28519738.0,6663354.0,2881.2919921875,7927.57080078125,6239.9443359375,2903.40217391304,7989.34782608696,6206.26086956522
61,train,2005-01-01,2557.0,10611555.0,29220632.0,7245421.0,2748.732421875,7558.07373046875,6362.71435546875,2769.95652173913,7618.41304347826,6326.8152173913
61,train,2005-04-01,2647.0,10847651.0,29869362.0,7826933.0,2604.92163085938,7156.30029296875,6494.08837890625,2623.28888888889,7208.11111111111,6461.24444444444
61,train,2005-07-01,2738.0,11070515.0,30481810.0,8427651.0,2434.99609375,6692.90185546875,6627.27392578125,2449.05494505495,6730.1978021978,6601.2967032967
61,train,2005-10-01,2830.0,11282181.0,31063814.0,9046640.0,2287.0341796875,6289.28076171875,6752.6064453125,2300.71739130435,6326.13043478261,6728.14130434783
61,train,2006-01-01,2922.0,11483465.0,31617464.0,9676885.0,2172.953125,5977.63427734375,6874.89404296875,2187.86956521739,6017.9347826087,6850.48913043478
61,train,2006-04-01,3012.0,11672915.0,32138694.0,10303397.0,2085.96606445313,5739.2958984375,6991.67041015625,2105.0,5791.44444444444,6961.24444444444
61,train,2006-07-01,3103.0,11858543.0,32649462.0,10948383.0,2019.78405761719,5557.66064453125,7118.34716796875,2039.86813186813,5612.83516483516,7087.75824175824
61,train,2006-10-01,3195.0,12040671.0,33150628.0,11612335.0,1962.46899414062,5400.21142578125,7242.7265625,1979.65217391304,5447.45652173913,7216.86956521739
61,train,2007-01-01,3287.0,12217490.0,33637288.0,12286864.0,1904.67407226563,5242.857421875,7356.931640625,1921.94565217391,5289.78260869565,7331.83695652174
61,train,2007-04-01,3377.0,12385229.0,34099108.0,12955670.0,1847.06103515625,5085.62646484375,7454.06494140625,1863.76666666667,5131.33333333333,7431.17777777778
61,train,2007-07-01,3468.0,12549839.0,34552344.0,13641692.0,1794.00866699219,4939.4951171875,7561.3857421875,1808.9010989011,4980.61538461538,7538.7032967033
61,train,2007-10-01,3560.0,12712155.0,34999232.0,14343992.0,1739.8310546875,4789.94921875,7672.01953125,1764.30434782609,4857.47826086957,7633.69565217391
61,train,2008-01-01,3652.0,12868999.0,35430892.0,15057720.0,1692.32092285156,4656.6845703125,7782.546875,1704.82608695652,4691.95652173913,7757.91304347826
62,train,1998-01-01,0.0,0.0,0.0,0.0,0.0,0.0,0.0,,,
62,train,1998-04-01,90.0,0.0,0.0,0.0,0.0,0.0,0.0,0.0,0.0,0.0
62,train,1998-07-01,181.0,0.0,0.0,0.0,0.0,0.0,0.0,0.0,0.0,0.0
62,train,1998-10-01,273.0,0.0,0.0,0.0,0.0,0.0,0.0,0.0,0.0,0.0
62,train,1999-01-01,365.0,518325.5,1426714.875,0.0,5633.97265625,15507.76953125,0.0,5633.97282608696,15507.7703804348,0.0
62,train,1999-04-01,455.0,1017777.4375,2801479.25,0.0,5549.4658203125,15275.16015625,0.0,5549.46597222222,15275.1597222222,0.0
62,train,1999-07-01,546.0,1528235.75,4206539.5,4.3617000579834,5609.375,15440.0634765625,0.2053352445364,5609.43200549451,15440.2225274725,0.0479307698679495
62,train,1999-10-01,638.0,2042045.875,5620825.5,1612.2568359375,5570.310546875,15332.537109375,57.6140632629395,5584.89266304348,15372.6739130435,17.4771210421687
62,train,2000-01-01,730.0,2553490.0,7028599.0,12256.0439453125,5549.2041015625,15274.4404296875,143.140045166016,5559.17527173913,15301.8858695652,115.69333814538
62,train,2000-04-01,821.0,3061554.0,8427069.0,33552.5625,5544.099609375,15260.3896484375,341.437377929688,5583.12087912088,15367.8021978022,234.027676425137
62,train,2000-07-01,912.0,3558711.5,9795517.0,86829.5703125,5410.99462890625,14894.0126953125,729.347290039063,5463.26923076923,15037.8901098901,585.461624313187
62,train,2000-10-01,1004.0,4055848.0,11163908.0,176583.359375,5349.8427734375,14725.689453125,1123.70959472656,5403.65760869565,14873.8152173913,975.584663722826
62,train,2001-01-01,1096.0,4551397.5,12527931.0,308699.15625,5331.36962890625,14674.8408203125,1587.53405761719,5386.40760869565,14826.3369565217,1436.04127038043
62,train,2001-04-01,1186.0,5037723.5,13866566.0,480764.25,5343.4267578125,14708.0283203125,2077.52294921875,5403.62222222222,14873.7222222222,1911.834375
62,train,2001-07-01,1277.0,5524388.5,15206134.0,693426.3125,5295.7470703125,14576.7880859375,2480.69360351563,5347.96703296703,14720.5274725275,2336.94574175824
62,train,2001-10-01,1369.0,6008329.0,16538202.0,939315.375,5214.58154296875,14353.3759765625,2798.32739257813,5260.22282608696,14479.0,2672.70720108696
62,train,2002-01-01,1461.0,6485437.5,17851466.0,1216672.75,5141.23876953125,14151.4970703125,3137.85717773438,5185.96195652174,14274.6086956522,3014.75407608696
62,train,2002-04-01,1551.0,6944098.0,19113950.0,1516256.25,5051.99658203125,13905.8525390625,3450.45654296875,5096.22777777778,14027.6,3328.70555555556
62,train,2002-07-01,1642.0,7398237.0,20363988.0,1849419.75,4935.68212890625,13585.6923828125,3812.1318359375,4990.53846153846,13736.6813186813,3661.13736263736
62,train,2002-10-01,1734.0,7845304.0,21594560.0,2227540.0,4791.80029296875,13189.6513671875,4296.14111328125,4859.42391304348,13375.7826086957,4110.0027173913
62,train,2003-01-01,1826.0,8267203.0,22755858.0,2667511.75,4491.73388671875,12363.705078125,5041.38818359375,4585.85869565217,12622.8043478261,4782.30163043478
62,train,2003-04-01,1916.0,8646214.0,23799102.0,3145520.25,4144.61181640625,11408.234375,5494.58349609375,4211.23333333333,11591.6,5311.20555555556
62,train,2003-07-01,2007.0,9000851.0,24775258.0,3643061.25,3852.8466796875,10605.1376953125,5589.330078125,3897.10989010989,10726.989010989,5467.48351648352
62,train,2003-10-01,2099.0,9338459.0,25704540.0,4152527.5,3637.8330078125,10013.302734375,5625.255859375,3669.65217391304,10100.8913043478,5537.67663043478
62,train,2004-01-01,2191.0,9661306.0,26593190.0,4676769.0,3479.50903320313,9577.5087890625,5780.01708984375,3509.20652173913,9659.23913043478,5698.27717391304
62,train,2004-04-01,2282.0,9967600.0,27436278.0,5208863.5,3343.58959960938,9203.384765625,5908.51513671875,3365.86813186813,9264.7032967033,5847.19230769231
62,train,2004-07-01,2373.0,10261758.0,28245964.0,5751730.0,3211.94702148437,8841.23046875,6021.97509765625,3232.50549450549,8897.64835164835,5965.56593406593
62,train,2004-10-01,2465.0,10546448.0,29029892.0,6311752.0,3074.03393554688,8470.2783203125,6137.86376953125,3094.45652173913,8520.95652173913,6087.19565217391
62,train,2005-01-01,2557.0,10818285.0,29778700.0,6884697.5,2940.26440429688,8101.7412109375,6265.1650390625,2954.75,8139.21739130435,6227.66847826087
62,train,2005-04-01,2647.0,11071072.0,30474670.0,7457235.0,2795.70434570313,7697.818359375,6396.708984375,2808.74444444444,7733.0,6361.52777777778
62,train,2005-07-01,2738.0,11311302.0,31135130.0,8047679.5,2628.47729492188,7224.99609375,6521.19287109375,2639.89010989011,7257.8021978022,6488.4010989011
62,train,2005-10-01,2830.0,11539392.0,31762734.0,8657220.0,2468.51098632813,6793.5126953125,6653.72509765625,2479.23913043478,6821.78260869565,6625.4402173913
62,train,2006-01-01,2922.0,11756400.0,32360036.0,9278696.0,2348.32836914063,6463.75439453125,6783.82568359375,2358.78260869565,6492.41304347826,6755.17391304348
62,train,2006-04-01,3012.0,11961149.0,32923614.0,9897675.0,2265.18725585938,6235.0166015625,6904.50830078125,2274.98888888889,6261.97777777778,6877.54444444444
62,train,2006-07-01,3103.0,12162959.0,33479138.0,10535848.0,2206.7763671875,6074.98974609375,7042.55517578125,2217.69230769231,6104.65934065934,7012.89010989011
62,train,2006-10-01,3195.0,12362386.0,34028628.0,11193648.0,2153.84399414063,5939.89208984375,7182.81201171875,2167.6847826087,5972.71739130435,7150.0
62,train,2007-01-01,3287.0,12556854.0,34564500.0,11863332.0,2101.20874023438,5793.27880859375,7310.6103515625,2113.78260869565,5824.69565217391,7279.17391304348
62,train,2007-04-01,3377.0,12742599.0,35076256.0,12528420.0,2051.9482421875,5656.47314453125,7419.55859375,2063.83333333333,5686.17777777778,7389.86666666667
62,train,2007-07-01,3468.0,12925943.0,35581476.0,13212095.0,2002.90441894531,5522.3681640625,7542.43017578125,2014.76923076923,5551.86813186813,7512.91208791209
62,train,2007-10-01,3560.0,13106743.0,36079836.0,13914238.0,1953.19555664063,5386.77294921875,7662.1611328125,1965.21739130435,5416.95652173913,7631.98913043478
62,train,2008-01-01,3652.0,13282455.0,36564996.0,14627752.0,1894.59130859375,5239.9658203125,7789.09814453125,1909.91304347826,5273.47826086957,7755.58695652174
63,train,1998-01-01,0.0,0.0,0.0,0.0,0.0,0.0,0.0,,,
63,train,1998-04-01,90.0,0.0,0.0,0.0,0.0,0.0,0.0,0.0,0.0,0.0
63,train,1998-07-01,181.0,0.0,0.0,0.0,0.0,0.0,0.0,0.0,0.0,0.0
63,train,1998-10-01,273.0,0.0,0.0,0.0,0.0,0.0,0.0,0.0,0.0,0.0
63,train,1999-01-01,365.0,518325.5,1426714.875,0.0,5633.97265625,15507.76953125,0.0,5633.97282608696,15507.7703804348,0.0
63,train,1999-04-01,455.0,1017777.4375,2801479.25,0.0,5549.4658203125,15275.16015625,0.0,5549.46597222222,15275.1597222222,0.0
63,train,1999-07-01,546.0,1528223.375,4206505.5,38.3840484619141,5608.84033203125,15438.591796875,1.67724204063416,5609.29601648352,15439.8489010989,0.421802730350704
63,train,1999-10-01,638.0,2040746.0,5617247.5,5190.341796875,5552.22412109375,15282.7529296875,107.39826965332,5570.89809782609,15334.152173913,55.9995407436205
63,train,2000-01-01,730.0,2550681.5,7020868.0,19986.775390625,5522.15478515625,15199.986328125,217.594039916992,5542.77717391304,15256.7445652174,160.830799932065
63,train,2000-04-01,821.0,3051476.75,8399330.0,61290.84375,5444.3681640625,14985.875,615.952575683594,5503.24450549451,15147.9340659341,453.890861092033
63,train,2000-07-01,912.0,3539334.75,9742182.0,140165.15625,5301.65234375,14593.04296875,1030.31726074219,5361.07692307692,14756.6153846154,866.750686813187
63,train,2000-10-01,1004.0,4025543.25,11080493.0,259998.328125,5224.67919921875,14381.169921875,1468.22863769531,5284.875,14546.8586956522,1302.53447690217
63,train,2001-01-01,1096.0,4509561.0,12412774.0,423856.125,5199.6416015625,14312.2529296875,1950.12243652344,5261.0625,14481.3152173913,1781.06300951087
63,train,2001-04-01,1186.0,4983810.5,13718169.0,629161.0625,5213.20166015625,14349.578125,2435.97290039063,5269.43888888889,14504.3888888889,2281.16597222222
63,train,2001-07-01,1277.0,5458626.5,15025121.0,874440.0625,5167.51318359375,14223.8193359375,2833.6630859375,5217.75824175824,14362.1098901099,2695.37362637363
63,train,2001-10-01,1369.0,5930089.0,16322843.0,1154674.25,5076.19287109375,13972.4560546875,3179.24731445313,5124.59239130435,14105.6739130435,3046.02377717391
63,train,2002-01-01,1461.0,6393473.5,17598330.0,1469807.625,4986.87158203125,13726.59375,3562.76000976563,5036.78804347826,13863.9891304348,3425.36277173913
63,train,2002-04-01,1551.0,6835549.5,18815166.0,1815040.25,4847.23486328125,13342.2373046875,4014.07177734375,4911.95555555556,13520.4,3835.91805555556
63,train,2002-07-01,1642.0,7265250.0,19997936.0,2215472.5,4608.25439453125,12684.4326171875,4713.3916015625,4721.98351648352,12997.4725274725,4400.3543956044
63,train,2002-10-01,1734.0,7673762.0,21122388.0,2699713.0,4349.74658203125,11973.0546875,5512.73681640625,4440.34782608696,12222.3043478261,5263.48369565217
63,train,2003-01-01,1826.0,8060545.5,22187244.0,3236125.5,4133.0751953125,11384.4453125,6020.64794921875,4204.16847826087,11574.5217391304,5830.57065217391
63,train,2003-04-01,1916.0,8413301.0,23158004.0,3786618.0,3874.19018554688,10663.53125,6239.287109375,3919.50555555556,10786.2222222222,6116.58333333333
63,train,2003-07-01,2007.0,8746198.0,24074320.0,4343999.0,3626.49487304688,9982.611328125,6211.85693359375,3658.20879120879,10069.4065934066,6125.06593406593
63,train,2003-10-01,2099.0,9065082.0,24952724.0,4904343.0,3435.052734375,9469.7705078125,6168.78857421875,3466.13043478261,9547.86956521739,6090.69565217391
63,train,2004-01-01,2191.0,9370775.0,25795226.0,5474733.5,3298.0732421875,9089.8115234375,6267.71484375,3322.75,9157.63043478261,6199.89673913043
63,train,2004-04-01,2282.0,9660305.0,26594324.0,6050818.5,3154.45703125,8726.3837890625,6385.515625,3181.64835164835,8781.2967032967,6330.6043956044
63,train,2004-07-01,2373.0,9936194.0,27358044.0,6639651.0,3005.89721679688,8328.3818359375,6534.8232421875,3031.74725274725,8392.52747252747,6470.68681318681
63,train,2004-10-01,2465.0,10201174.0,28088816.0,7248391.0,2856.46337890625,7864.55126953125,6658.66015625,2880.21739130435,7943.17391304348,6616.73913043478
63,train,2005-01-01,2557.0,10452822.0,28780628.0,7871368.0,2717.2080078125,7469.20166015625,6805.5810546875,2735.30434782609,7519.69565217391,6771.48913043478
63,train,2005-04-01,2647.0,10685298.0,29419818.0,8494534.0,2566.9375,7058.8125,6952.9208984375,2583.06666666667,7102.11111111111,6924.06666666667
63,train,2005-07-01,2738.0,10904440.0,30022548.0,9136940.0,2393.20092773438,6582.84326171875,7085.099609375,2408.15384615385,6623.40659340659,7059.40659340659
63,train,2005-10-01,2830.0,11111660.0,30592656.0,9798422.0,2236.60302734375,6153.8955078125,7214.28564453125,2252.39130434783,6196.82608695652,7190.02173913043
63,train,2006-01-01,2922.0,11307698.0,31132074.0,10471104.0,2114.13208007813,5817.3779296875,7336.00830078125,2130.84782608696,5863.23913043478,7311.76086956522
63,train,2006-04-01,3012.0,11491220.0,31637058.0,11139462.0,2023.2421875,5567.1669921875,7448.88232421875,2039.13333333333,5610.93333333333,7426.2
63,train,2006-07-01,3103.0,11670462.0,32130312.0,11826533.0,1952.07421875,5372.37060546875,7575.1513671875,1969.69230769231,5420.37362637363,7550.23076923077
63,train,2006-10-01,3195.0,11846031.0,32613630.0,12532113.0,1890.26770019531,5204.0283203125,7693.5400390625,1908.35869565217,5253.45652173913,7669.34782608696
63,train,2007-01-01,3287.0,12015826.0,33081176.0,13247950.0,1827.34606933594,5032.2001953125,7804.93115234375,1845.59782608696,5082.02173913043,7780.83695652174
63,train,2007-04-01,3377.0,12176596.0,33523926.0,13957194.0,1769.65466308594,4873.50146484375,7904.3935546875,1786.33333333333,4919.44444444444,7880.48888888889
63,train,2007-07-01,3468.0,12334007.0,33957372.0,14685028.0,1714.10241699219,4719.7080078125,8023.8154296875,1729.79120879121,4763.14285714286,7998.17582417582
63,train,2007-10-01,3560.0,12488803.0,34383368.0,15431328.0,1670.30236816406,4595.6982421875,8136.2646484375,1682.5652173913,4630.39130434783,8111.95652173913
63,train,2008-01-01,3652.0,12639747.0,34798644.0,16188269.0,1628.89208984375,4481.474609375,8254.1982421875,1640.69565217391,4513.86956521739,8227.61956521739
64,train,1998-01-01,0.0,0.0,0.0,0.0,0.0,0.0,0.0,,,
64,train,1998-04-01,90.0,0.0,0.0,0.0,0.0,0.0,0.0,0.0,0.0,0.0
64,train,1998-07-01,181.0,0.0,0.0,0.0,0.0,0.0,0.0,0.0,0.0,0.0
64,train,1998-10-01,273.0,0.0,0.0,0.0,0.0,0.0,0.0,0.0,0.0,0.0
64,train,1999-01-01,365.0,518325.5,1426714.875,0.0,5633.97265625,15507.76953125,0.0,5633.97282608696,15507.7703804348,0.0
64,train,1999-04-01,455.0,1017777.4375,2801479.25,0.0,5549.4658203125,15275.16015625,0.0,5549.46597222222,15275.1597222222,0.0
64,train,1999-07-01,546.0,1528236.25,4206541.0,2.90218925476074,5609.39892578125,15440.1298828125,0.139599487185478,5609.4375,15440.239010989,0.0318921896127554
64,train,1999-10-01,638.0,2042350.0,5621662.5,774.963745117188,5579.619140625,15358.158203125,31.9925899505615,5588.19293478261,15381.7554347826,8.39197343328725
64,train,2000-01-01,730.0,2554499.75,7031378.5,9476.6025390625,5555.72705078125,15292.39453125,125.185340881348,5566.84510869565,15323.0,94.5830303689708
64,train,2000-04-01,821.0,3064102.0,8434082.0,26539.310546875,5576.3134765625,15349.0595703125,252.767990112305,5600.02472527472,15414.3241758242,187.502285800137
64,train,2000-07-01,912.0,3565173.0,9813303.0,69043.875,5459.044921875,15026.2734375,597.086730957031,5506.27472527472,15156.2747252747,467.083125858516
64,train,2000-10-01,1004.0,4066431.0,11193039.0,147452.875,5402.90478515625,14871.7451171875,977.653747558594,5448.45652173913,14997.1304347826,852.271739130435
64,train,2001-01-01,1096.0,4567978.0,12573571.0,263059.65625,5397.505859375,14856.884765625,1405.49096679688,5451.59782608696,15005.7826086957,1256.59544836957
64,train,2001-04-01,1186.0,5060055.0,13928035.0,419295.03125,5413.04736328125,14899.662109375,1885.88854980469,5467.52222222222,15049.6,1735.94861111111
64,train,2001-07-01,1277.0,5553058.0,15285048.0,614512.375,5364.51025390625,14766.0625,2291.419921875,5417.61538461538,14912.2307692308,2145.24553571429
64,train,2001-10-01,1369.0,6043502.5,16635019.0,842498.4375,5285.43994140625,14548.41796875,2603.28540039063,5330.91847826087,14673.597826087,2478.109375
64,train,2002-01-01,1461.0,6527730.5,17967878.0,1100259.375,5221.193359375,14371.576171875,2917.77807617188,5263.34782608696,14487.597826087,2801.74932065217
64,train,2002-04-01,1551.0,6993791.0,19250732.0,1379474.25,5140.77294921875,14150.2138671875,3206.09545898438,5178.45,14253.9333333333,3102.3875
64,train,2002-07-01,1642.0,7456834.0,20525280.0,1688128.0,5048.787109375,13897.01953125,3500.80493164063,5088.38461538462,14006.021978022,3391.79945054945
64,train,2002-10-01,1734.0,7916311.5,21790012.0,2032088.0,4942.94189453125,13605.6748046875,3880.1171875,4994.32065217391,13747.0869565217,3738.69565217391
64,train,2003-01-01,1826.0,8358291.0,23006580.0,2416788.5,4736.21923828125,13036.6611328125,4368.431640625,4804.125,13223.5652173913,4181.52717391304
64,train,2003-04-01,1916.0,8755979.0,24101236.0,2843387.25,4343.3876953125,11955.375,4947.443359375,4418.75555555556,12162.8444444444,4739.98611111111
64,train,2003-07-01,2007.0,9124624.0,25115948.0,3302371.0,4001.92895507813,11015.494140625,5178.9736328125,4051.04395604396,11150.6813186813,5043.77747252747
64,train,2003-10-01,2099.0,9474929.0,26080178.0,3776888.0,3767.1826171875,10369.34375,5269.21484375,3807.66304347826,10480.7608695652,5157.79347826087
64,train,2004-01-01,2191.0,9809013.0,26999760.0,4270199.0,3604.173828125,9920.654296875,5436.87158203125,3631.34782608696,9995.45652173913,5362.07608695652
64,train,2004-04-01,2282.0,10125730.0,27871560.0,4773582.0,3455.66162109375,9512.6435546875,5599.25634765625,3480.40659340659,9580.21978021978,5531.68131868132
64,train,2004-07-01,2373.0,10429287.0,28707572.0,5290121.5,3311.52026367188,9126.3974609375,5736.80859375,3335.79120879121,9186.94505494506,5676.25824175824
64,train,2004-10-01,2465.0,10723116.0,29517332.0,5824311.5,3172.9267578125,8747.4619140625,5860.6806640625,3193.79347826087,8801.73913043478,5806.41304347826
64,train,2005-01-01,2557.0,11004505.0,30292588.0,6370809.5,3039.634765625,8375.7578125,5991.14794921875,3058.57608695652,8426.69565217391,5940.19565217391
64,train,2005-04-01,2647.0,11266192.0,31013508.0,6918398.5,2892.10620117188,7973.408203125,6121.11865234375,2907.63333333333,8010.22222222222,6084.32222222222
64,train,2005-07-01,2738.0,11514477.0,31698654.0,7484154.0,2715.25390625,7502.3125,6243.87646484375,2728.40659340659,7529.07692307692,6217.09340659341
64,train,2005-10-01,2830.0,11751824.0,32353526.0,8066428.5,2564.12670898438,7082.51220703125,6364.7255859375,2579.85869565217,7118.17391304348,6329.07065217391
64,train,2006-01-01,2922.0,11978915.0,32979150.0,8659583.0,2452.81298828125,6761.95458984375,6485.62548828125,2468.38043478261,6800.26086956522,6447.33152173913
64,train,2006-04-01,3012.0,12193353.0,33569568.0,9251721.0,2369.93920898438,6529.4833984375,6610.04150390625,2382.64444444444,6560.2,6579.31111111111
64,train,2006-07-01,3103.0,12404646.0,34151492.0,9863493.0,2308.2607421875,6361.84130859375,6755.70361328125,2321.9010989011,6394.76923076923,6722.76923076923
64,train,2006-10-01,3195.0,12613651.0,34727392.0,10494883.0,2257.55419921875,6225.26953125,6897.4345703125,2271.79347826087,6259.78260869565,6862.9347826087
64,train,2007-01-01,3287.0,12817860.0,35289832.0,11137999.0,2206.12719726563,6080.65869140625,7023.22998046875,2219.66304347826,6113.47826086957,6990.39130434783
64,train,2007-04-01,3377.0,13013076.0,35827500.0,11777174.0,2155.6630859375,5942.16357421875,7133.86865234375,2169.06666666667,5974.08888888889,7101.94444444444
64,train,2007-07-01,3468.0,13205765.0,36358620.0,12434952.0,2103.7734375,5804.19189453125,7260.60595703125,2117.46153846154,5836.48351648352,7228.32967032967
64,train,2007-10-01,3560.0,13395557.0,36881780.0,13110955.0,2048.00048828125,5645.17333984375,7374.64794921875,2062.95652173913,5686.52173913043,7347.85869565217
64,train,2008-01-01,3652.0,13580411.0,37390944.0,13796778.0,1995.02807617188,5494.0380859375,7476.56787109375,2009.28260869565,5534.39130434783,7454.59782608696
65,train,1998-01-01,0.0,0.0,0.0,0.0,0.0,0.0,0.0,,,
65,train,1998-04-01,90.0,0.0,0.0,0.0,0.0,0.0,0.0,0.0,0.0,0.0
65,train,1998-07-01,181.0,0.0,0.0,0.0,0.0,0.0,0.0,0.0,0.0,0.0
65,train,1998-10-01,273.0,0.0,0.0,0.0,0.0,0.0,0.0,0.0,0.0,0.0
65,train,1999-01-01,365.0,518325.5,1426714.875,0.0,5633.97265625,15507.76953125,0.0,5633.97282608696,15507.7703804348,0.0
65,train,1999-04-01,455.0,1017777.4375,2801479.25,0.0,5549.4658203125,15275.16015625,0.0,5549.46597222222,15275.1597222222,0.0
65,train,1999-07-01,546.0,1528237.375,4206543.5,0.0,5609.44970703125,15440.26953125,0.0,5609.44986263736,15440.2664835165,0.0
65,train,1999-10-01,638.0,2042480.125,5622021.0,416.886199951172,5584.6123046875,15371.9033203125,18.2479572296143,5589.59510869565,15385.625,4.5313717385997
65,train,2000-01-01,730.0,2555109.75,7033057.5,7797.5263671875,5560.283203125,15304.9365234375,112.643920898438,5572.06114130435,15337.3532608696,80.2243496438731
65,train,2000-04-01,821.0,3065904.0,8439042.0,21579.228515625,5602.17919921875,15420.2568359375,181.570846557617,5613.12362637363,15450.3791208791,151.447276356456
65,train,2000-07-01,912.0,3571339.0,9830276.0,52071.52734375,5510.98046875,15169.228515625,454.131530761719,5554.23076923077,15288.2857142857,335.080206902473
65,train,2000-10-01,1004.0,4077751.25,11224198.0,116293.421875,5456.59375,15019.525390625,829.873352050781,5504.48097826087,15151.3260869565,698.064070991848
65,train,2001-01-01,1096.0,4584289.0,12618466.0,218164.09375,5463.62841796875,15038.888671875,1223.48681640625,5505.84510869565,15155.0869565217,1107.28991168478
65,train,2001-04-01,1186.0,5082724.5,13990434.0,356896.21875,5478.1181640625,15078.7734375,1706.77746582031,5538.17222222222,15244.0888888889,1541.46805555556
65,train,2001-07-01,1277.0,5581189.5,15362482.0,537078.625,5422.2607421875,14925.0224609375,2132.458984375,5477.63736263736,15077.4505494506,1980.02644230769
65,train,2001-10-01,1369.0,6076442.5,16725688.0,751829.0,5332.81787109375,14678.8271484375,2472.87548828125,5383.1847826087,14817.4565217391,2334.24320652174
65,train,2002-01-01,1461.0,6564838.5,18070020.0,998117.3125,5265.60986328125,14493.8349609375,2795.51928710938,5308.65217391304,14612.3043478261,2677.046875
65,train,2002-04-01,1551.0,7034881.0,19363834.0,1266370.875,5179.7861328125,14257.6005859375,3098.708984375,5222.69444444444,14375.7111111111,2980.59513888889
65,train,2002-07-01,1642.0,7501643.0,20648618.0,1564789.75,5089.15771484375,14008.1416015625,3389.68286132813,5129.25274725275,14118.5054945055,3279.3282967033
65,train,2002-10-01,1734.0,7965256.0,21925806.0,1896294.75,4994.22705078125,13773.673828125,3712.11791992188,5039.27173913043,13882.4782608696,3603.3152173913
65,train,2003-01-01,1826.0,8415978.0,23165912.0,2257456.5,4852.056640625,13348.583984375,4056.50903320313,4899.15217391304,13479.4130434783,3925.67119565217
65,train,2003-04-01,1916.0,8828210.0,24300070.0,2644553.75,4521.6083984375,12444.8056640625,4458.0126953125,4580.35555555556,12601.7555555556,4301.08055555556
65,train,2003-07-01,2007.0,9209727.0,25350200.0,3068120.25,4134.76806640625,11381.1083984375,4813.35986328125,4192.49450549451,11539.8901098901,4654.57692307692
65,train,2003-10-01,2099.0,9569730.0,26341124.0,3515943.0,3860.6337890625,10626.572265625,5011.98681640625,3913.07608695652,10770.9130434783,4867.63858695652
65,train,2004-01-01,2191.0,9911196.0,27281024.0,3988934.75,3683.9775390625,10140.318359375,5217.2080078125,3711.58695652174,10216.3043478261,5141.21467391304
65,train,2004-04-01,2282.0,10234882.0,28172104.0,4473037.5,3525.46533203125,9710.2548828125,5401.64501953125,3556.98901098901,9792.08791208791,5319.81043956044
65,train,2004-07-01,2373.0,10543972.0,29023690.0,4974003.0,3370.3916015625,9290.51953125,5572.68701171875,3396.59340659341,9358.08791208791,5505.11538461538
65,train,2004-10-01,2465.0,10842176.0,29845848.0,5495796.0,3212.49072265625,8870.7724609375,5737.369140625,3241.34782608696,8936.5,5671.66304347826
65,train,2005-01-01,2557.0,11126440.0,30631348.0,6032051.0,3059.75,8480.14453125,5886.76123046875,3089.82608695652,8538.04347826087,5828.85869565217
65,train,2005-04-01,2647.0,11390483.0,31362366.0,6569541.0,2911.076171875,8074.54345703125,6019.98388671875,2933.81111111111,8122.42222222222,5972.11111111111
65,train,2005-07-01,2738.0,11641165.0,32056072.0,7124503.5,2735.38500976563,7556.8251953125,6121.6484375,2754.74725274725,7623.14285714286,6098.48901098901
65,train,2005-10-01,2830.0,11881103.0,32717124.0,7694457.0,2592.28491210938,7136.03955078125,6217.546875,2608.02173913043,7185.34782608696,6195.14673913043
65,train,2006-01-01,2922.0,12111293.0,33350240.0,8273637.0,2485.88940429688,6834.56640625,6322.22607421875,2502.0652173913,6881.69565217391,6295.4347826087
65,train,2006-04-01,3012.0,12329064.0,33948524.0,8850443.0,2406.107421875,6608.9521484375,6431.68994140625,2419.67777777778,6647.6,6408.95555555556
65,train,2006-07-01,3103.0,12543892.0,34538760.0,9445375.0,2345.83544921875,6446.1884765625,6564.66162109375,2360.74725274725,6486.10989010989,6537.71428571429
65,train,2006-10-01,3195.0,12756512.0,35123324.0,10058576.0,2296.16455078125,6313.78369140625,6691.38916015625,2311.08695652174,6353.95652173913,6665.22826086957
65,train,2007-01-01,3287.0,12964512.0,35695400.0,10682852.0,2245.16870117188,6175.4765625,6813.14990234375,2260.86956521739,6218.21739130435,6785.60869565217
65,train,2007-04-01,3377.0,13163105.0,36241760.0,11303738.0,2190.5634765625,6027.0029296875,6925.755859375,2206.58888888889,6070.66666666667,6898.73333333333
65,train,2007-07-01,3468.0,13358934.0,36780592.0,11942736.0,2136.31665039063,5878.22900390625,7047.98779296875,2151.96703296703,5921.23076923077,7021.95604395604
65,train,2007-10-01,3560.0,13552254.0,37312540.0,12598742.0,2082.04907226563,5729.06591796875,7160.89794921875,2101.30434782609,5782.04347826087,7130.5
65,train,2008-01-01,3652.0,13740146.0,37829552.0,13265197.0,2026.87243652344,5577.24853515625,7267.8994140625,2042.30434782609,5619.69565217391,7244.07608695652
66,train,1998-01-01,0.0,0.0,0.0,0.0,0.0,0.0,0.0,,,
66,train,1998-04-01,90.0,0.0,0.0,0.0,0.0,0.0,0.0,0.0,0.0,0.0
66,train,1998-07-01,181.0,0.0,0.0,0.0,0.0,0.0,0.0,0.0,0.0,0.0
66,train,1998-10-01,273.0,0.0,0.0,0.0,0.0,0.0,0.0,0.0,0.0,0.0
66,train,1999-01-01,365.0,518325.5,1426714.875,0.0,5633.97265625,15507.76953125,0.0,5633.97282608696,15507.7703804348,0.0
66,train,1999-04-01,455.0,1017777.4375,2801479.25,0.0,5549.4658203125,15275.16015625,0.0,5549.46597222222,15275.1597222222,0.0
66,train,1999-07-01,546.0,1527914.25,4205654.5,889.219665527344,5593.271484375,15395.7373046875,44.531925201416,5605.89903846154,15430.4972527473,9.77164467612466
66,train,1999-10-01,638.0,2038272.5,5610439.0,11998.7666015625,5532.75439453125,15229.1611328125,160.990249633789,5547.3722826087,15269.3967391304,120.755944956904
66,train,2000-01-01,730.0,2542478.75,6998289.5,42565.3359375,5417.35009765625,14911.505859375,506.073974609375,5480.5027173913,15085.3315217391,332.245318868886
66,train,2000-04-01,821.0,3031450.25,8344206.0,116415.078125,5300.76171875,14590.5908203125,1011.23718261719,5373.31318681319,14790.2912087912,811.535628434066
66,train,2000-07-01,912.0,3506033.75,9650520.0,231827.21875,5143.06787109375,14156.53125,1466.82861328125,5215.2032967033,14355.0989010989,1268.26528159341
66,train,2000-10-01,1004.0,3977183.25,10947380.0,393111.59375,5054.9287109375,13913.9248046875,1935.47399902344,5121.1902173913,14096.3043478261,1753.0910326087
66,train,2001-01-01,1096.0,4445233.0,12235709.0,600921.125,5032.5673828125,13852.3740234375,2410.00122070313,5087.4972826087,14003.5760869565,2258.79925271739
66,train,2001-04-01,1186.0,4903236.0,13496383.0,850946.5,5029.10205078125,13842.8349609375,2942.71606445313,5088.92222222222,14007.4888888889,2778.05972222222
66,train,2001-07-01,1277.0,5359140.5,14752866.0,1146694.5,4945.41748046875,13649.150390625,3408.33178710938,5009.93956043956,13807.5054945055,3249.97802197802
66,train,2001-10-01,1369.0,5805474.5,15988170.0,1488212.375,4750.25634765625,13129.263671875,3914.46337890625,4851.45652173913,13427.2173913043,3712.15081521739
66,train,2002-01-01,1461.0,6228420.0,17152914.0,1892666.125,4472.2412109375,12311.5537109375,4694.9453125,4597.23369565217,12660.2608695652,4396.23641304348
66,train,2002-04-01,1551.0,6614069.0,18214666.0,2361011.5,4163.43359375,11463.2021484375,5474.8251953125,4284.98888888889,11797.2444444444,5203.8375
66,train,2002-07-01,1642.0,6981032.5,19225050.0,2890437.75,3937.68994140625,10842.22265625,6007.20849609375,4032.56593406593,11103.1208791209,5817.87087912088
66,train,2002-10-01,1734.0,7330178.5,20186412.0,3462800.75,3709.8916015625,10215.1591796875,6341.8828125,3795.0652173913,10449.5869565217,6221.33695652174
66,train,2003-01-01,1826.0,7661565.0,21098886.0,4061766.25,3530.81884765625,9721.671875,6623.3115234375,3602.02717391304,9918.19565217391,6510.49456521739
66,train,2003-04-01,1916.0,7970841.5,21950326.0,4671463.5,3391.10864257813,9335.359375,6849.47412109375,3436.40555555556,9460.44444444445,6774.41388888889
66,train,2003-07-01,2007.0,8264048.0,22757380.0,5277769.0,3184.24560546875,8763.322265625,6722.279296875,3222.04945054945,8868.72527472528,6662.6978021978
66,train,2003-10-01,2099.0,8543499.0,23526252.0,5881872.5,3003.78198242188,8261.9833984375,6623.8955078125,3037.51086956522,8357.30434782609,6566.34239130435
66,train,2004-01-01,2191.0,8808546.0,24254754.0,6494649.5,2854.33959960938,7843.8935546875,6708.59765625,2880.94565217391,7918.5,6660.61956521739
66,train,2004-04-01,2282.0,9057786.0,24939972.0,7110805.0,2714.09375,7463.58056640625,6814.78271484375,2738.9010989011,7529.86813186813,6770.93956043956
66,train,2004-07-01,2373.0,9294216.0,25590332.0,7736834.0,2573.29125976563,7079.6845703125,6922.95068359375,2598.13186813187,7146.81318681319,6879.43956043956
66,train,2004-10-01,2465.0,9519501.0,26210196.0,8381265.0,2423.83569335938,6669.36767578125,7045.07373046875,2448.75,6737.65217391304,7004.6847826087
66,train,2005-01-01,2557.0,9731541.0,26793658.0,9038269.0,2279.8115234375,6273.53369140625,7179.0107421875,2304.78260869565,6341.97826086957,7141.34782608696
66,train,2005-04-01,2647.0,9924567.0,27324788.0,9693560.0,2122.16235351563,5839.43701171875,7312.619140625,2144.73333333333,5901.44444444444,7281.01111111111
66,train,2005-07-01,2738.0,10102594.0,27814758.0,10368177.0,1939.72790527344,5339.10888671875,7435.466796875,1956.34065934066,5384.28571428571,7413.37362637363
66,train,2005-10-01,2830.0,10268707.0,28272002.0,11060366.0,1783.85925292969,4910.52001953125,7557.74609375,1805.57608695652,4970.04347826087,7523.79347826087
66,train,2006-01-01,2922.0,10422627.0,28695694.0,11766812.0,1654.01257324219,4553.025390625,7713.49365234375,1673.04347826087,4605.34782608696,7678.76086956522
66,train,2006-04-01,3012.0,10564844.0,29086972.0,12471597.0,1565.73645019531,4306.6630859375,7863.55078125,1580.18888888889,4347.53333333333,7830.94444444444
66,train,2006-07-01,3103.0,10703171.0,29467458.0,13199228.0,1505.63793945313,4141.76220703125,8030.39892578125,1520.07692307692,4181.16483516484,7995.94505494505
66,train,2006-10-01,3195.0,10838714.0,29840392.0,13949259.0,1459.96423339844,4017.20556640625,8183.82958984375,1473.29347826087,4053.63043478261,8152.51086956522
66,train,2007-01-01,3287.0,10970364.0,30202720.0,14711821.0,1418.45483398438,3904.12915039063,8317.3671875,1430.97826086957,3938.34782608696,8288.71739130435
66,train,2007-04-01,3377.0,11095623.0,30547526.0,15468070.0,1380.49938964844,3800.2978515625,8428.2265625,1391.76666666667,3831.17777777778,8402.76666666667
66,train,2007-07-01,3468.0,11219112.0,30887492.0,16243269.0,1347.13757324219,3708.7431640625,8540.771484375,1357.02197802198,3735.89010989011,8518.67032967033
66,train,2007-10-01,3560.0,11341191.0,31223594.0,17036068.0,1313.93688964844,3617.51733398438,8645.8876953125,1326.94565217391,3653.28260869565,8617.38043478261
66,train,2008-01-01,3652.0,11460044.0,31550850.0,17838248.0,1278.42651367188,3520.27783203125,8748.400390625,1291.88043478261,3557.13043478261,8719.34782608696
67,train,1998-01-01,0.0,0.0,0.0,0.0,0.0,0.0,0.0,,,
67,train,1998-04-01,90.0,0.0,0.0,0.0,0.0,0.0,0.0,0.0,0.0,0.0
67,train,1998-07-01,181.0,0.0,0.0,0.0,0.0,0.0,0.0,0.0,0.0,0.0
67,train,1998-10-01,273.0,0.0,0.0,0.0,0.0,0.0,0.0,0.0,0.0,0.0
67,train,1999-01-01,365.0,518325.5,1426714.875,0.0,5633.97265625,15507.76953125,0.0,5633.97282608696,15507.7703804348,0.0
67,train,1999-04-01,455.0,1017777.4375,2801479.25,0.0,5549.4658203125,15275.16015625,0.0,5549.46597222222,15275.1597222222,0.0
67,train,1999-07-01,546.0,1528104.25,4206177.5,366.380950927734,5599.82421875,15413.7734375,26.4953022003174,5607.98695054945,15436.2445054945,4.02616429590916
67,train,1999-10-01,638.0,2039010.125,5612469.5,9968.1025390625,5538.4560546875,15244.85546875,145.295852661133,5553.32472826087,15285.7826086957,104.366539001465
67,train,2000-01-01,730.0,2545128.5,7005583.5,35271.41015625,5444.59765625,14986.505859375,431.074523925781,5501.28668478261,15142.5434782609,275.035952360734
67,train,2000-04-01,821.0,3036710.0,8358684.5,101936.9609375,5337.640625,14692.1025390625,909.725463867188,5401.99450549451,14869.2417582418,732.588470123626
67,train,2000-07-01,912.0,3514463.75,9673723.0,208623.84375,5190.0859375,14285.951171875,1337.40844726563,5250.04120879121,14450.9725274725,1172.38332760989
67,train,2000-10-01,1004.0,3990096.25,10982924.0,357567.59375,5103.5498046875,14047.755859375,1801.64294433594,5169.91847826087,14230.4456521739,1618.95380434783
67,train,2001-01-01,1096.0,4463010.0,12284640.0,551989.9375,5083.673828125,13993.0458984375,2269.3291015625,5140.36684782609,14149.0869565217,2113.2863451087
67,train,2001-04-01,1186.0,4926527.0,13560493.0,786837.3125,5094.4912109375,14022.8212890625,2762.72924804688,5150.18888888889,14176.1444444444,2609.41527777778
67,train,2001-07-01,1277.0,5389376.5,14835589.0,1063972.0,5023.61572265625,13860.19140625,3197.29028320313,5086.25824175824,14012.043956044,3045.43612637363
67,train,2001-10-01,1369.0,5844843.5,16096320.0,1381197.0,4882.919921875,13525.92578125,3625.77709960938,4950.72826086957,13703.597826087,3448.09782608696
67,train,2002-01-01,1461.0,6280964.5,17298664.0,1748805.5,4636.3134765625,12752.115234375,4228.232421875,4740.44565217391,13068.9565217391,3995.74456521739
67,train,2002-04-01,1551.0,6681044.5,18399668.0,2177033.75,4318.19580078125,11886.8349609375,5057.32470703125,4445.33333333333,12233.3777777778,4758.09166666667
67,train,2002-07-01,1642.0,7060698.0,19444938.0,2673621.25,4065.63525390625,11194.37109375,5682.52392578125,4172.01648351648,11486.4835164835,5457.00549450549
67,train,2002-10-01,1734.0,7420231.5,20434930.0,3214589.0,3817.97973632813,10513.1552734375,5995.0087890625,3907.97282608696,10760.7826086957,5880.08423913043
67,train,2003-01-01,1826.0,7759887.5,21370184.0,3781818.5,3622.6904296875,9975.2060546875,6275.86572265625,3691.91304347826,10165.8043478261,6165.53804347826
67,train,2003-04-01,1916.0,8077637.0,22245132.0,4363181.0,3471.60473632813,9559.32421875,6544.64599609375,3530.55,9721.64444444444,6459.58333333333
67,train,2003-07-01,2007.0,8379142.0,23075306.0,4949030.0,3274.0751953125,9014.451171875,6495.46484375,3313.24175824176,9122.79120879121,6437.9010989011
67,train,2003-10-01,2099.0,8666378.0,23866070.0,5532872.0,3088.3544921875,8502.0478515625,6398.25244140625,3122.13043478261,8595.26086956522,6346.10869565217
67,train,2004-01-01,2191.0,8939286.0,24617268.0,6123744.5,2937.47509765625,8084.7490234375,6469.10693359375,2966.39130434783,8165.19565217391,6422.52717391304
67,train,2004-04-01,2282.0,9196133.0,25323802.0,6717592.5,2796.40893554688,7689.96337890625,6571.6220703125,2822.49450549451,7764.10989010989,6525.8021978022
67,train,2004-07-01,2373.0,9440241.0,25994750.0,7321223.0,2659.94506835938,7311.033203125,6675.88330078125,2682.50549450549,7373.05494505495,6633.3021978022
67,train,2004-10-01,2465.0,9674149.0,26637968.0,7942791.5,2520.517578125,6933.07373046875,6796.4990234375,2542.47826086957,6991.5,6756.17934782609
67,train,2005-01-01,2557.0,9895606.0,27247292.0,8577089.0,2384.4990234375,6561.6904296875,6934.09765625,2407.14130434783,6623.08695652174,6894.53804347826
67,train,2005-04-01,2647.0,10098125.0,27804628.0,9211192.0,2233.8662109375,6147.9111328125,7071.98046875,2250.21111111111,6192.62222222222,7045.58888888889
67,train,2005-07-01,2738.0,10287413.0,28325552.0,9863115.0,2061.47436523438,5673.40087890625,7192.74658203125,2080.08791208791,5724.43956043956,7163.98901098901
67,train,2005-10-01,2830.0,10464484.0,28812836.0,10533492.0,1911.01403808594,5258.962890625,7306.7490234375,1924.6847826087,5296.5652173913,7286.70652173913
67,train,2006-01-01,2922.0,10631089.0,29271324.0,11213827.0,1795.96179199219,4942.54833984375,7415.626953125,1810.92391304348,4983.5652173913,7394.94565217391
67,train,2006-04-01,3012.0,10786623.0,29699380.0,11888212.0,1708.56774902344,4702.4921875,7519.72802734375,1728.15555555556,4756.17777777778,7493.16666666667
67,train,2006-07-01,3103.0,10937560.0,30114884.0,12581320.0,1643.33435058594,4524.21044921875,7639.6005859375,1658.64835164835,4565.97802197802,7616.57142857143
67,train,2006-10-01,3195.0,11085993.0,30523558.0,13292107.0,1589.59094238281,4376.6220703125,7768.056640625,1613.40217391304,4442.10869565217,7725.94565217391
67,train,2007-01-01,3287.0,11227946.0,30914390.0,14018166.0,1523.6689453125,4194.9970703125,7929.287109375,1542.96739130435,4248.17391304348,7891.94565217391
67,train,2007-04-01,3377.0,11361648.0,31282352.0,14741116.0,1471.4501953125,4049.17822265625,8063.41064453125,1485.57777777778,4088.46666666667,8032.77777777778
67,train,2007-07-01,3468.0,11492837.0,31643316.0,15484268.0,1429.64428710938,3933.68969726563,8193.4443359375,1441.63736263736,3966.63736263736,8166.50549450549
67,train,2007-10-01,3560.0,11621867.0,31998420.0,16246561.0,1391.66284179688,3830.29541015625,8309.6484375,1402.5,3859.82608695652,8285.79347826087
67,train,2008-01-01,3652.0,11747561.0,32344420.0,17018556.0,1356.26452636719,3733.53125,8413.1572265625,1366.23913043478,3760.86956521739,8391.25
68,train,1998-01-01,0.0,0.0,0.0,0.0,0.0,0.0,0.0,,,
68,train,1998-04-01,90.0,0.0,0.0,0.0,0.0,0.0,0.0,0.0,0.0,0.0
68,train,1998-07-01,181.0,0.0,0.0,0.0,0.0,0.0,0.0,0.0,0.0,0.0
68,train,1998-10-01,273.0,0.0,0.0,0.0,0.0,0.0,0.0,0.0,0.0,0.0
68,train,1999-01-01,365.0,518325.5,1426714.875,0.0,5633.97265625,15507.76953125,0.0,5633.97282608696,15507.7703804348,0.0
68,train,1999-04-01,455.0,1017777.3125,2801479.0,0.20524887740612,5549.4599609375,15275.14453125,0.0159455537796021,5549.46458333333,15275.1569444444,0.00228054308229022
68,train,1999-07-01,546.0,1527618.25,4204840.0,1703.92346191406,5583.81298828125,15369.703125,70.5662384033203,5602.64766483516,15421.5494505494,18.722178165238
68,train,1999-10-01,638.0,2037098.625,5607208.0,15229.8076171875,5515.78076171875,15182.4404296875,207.710296630859,5537.83016304348,15243.1304347826,147.020479948624
68,train,2000-01-01,730.0,2536616.5,6982154.0,58701.11328125,5351.87890625,14731.29296875,686.287170410156,5429.54211956522,14945.0652173913,472.514192000679
68,train,2000-04-01,821.0,3019443.0,8311156.0,149465.09375,5233.21435546875,14404.6640625,1197.16320800781,5305.78571428571,14604.4175824176,997.406378777473
68,train,2000-07-01,912.0,3487115.0,9598444.0,283902.5625,5066.67724609375,13946.2626953125,1677.09753417969,5139.25274725275,14146.021978022,1477.33482142857
68,train,2000-10-01,1004.0,3951629.75,10877043.0,463448.75,4984.08447265625,13718.921875,2130.4765625,5049.07336956522,13897.8152173913,1951.58899456522
68,train,2001-01-01,1096.0,4412959.0,12146874.0,689756.75,4957.26708984375,13645.1064453125,2617.26879882813,5014.44836956522,13802.5108695652,2459.86956521739
68,train,2001-04-01,1186.0,4863576.0,13387217.0,960113.1875,4945.72021484375,13613.3232421875,3172.2275390625,5006.85555555556,13781.5888888889,3003.96041666667
68,train,2001-07-01,1277.0,5311024.5,14618839.0,1280721.25,4847.265625,13342.322265625,3715.15966796875,4917.01648351648,13534.3076923077,3523.16552197802
68,train,2001-10-01,1369.0,5745774.0,15815507.0,1662010.0,4615.69873046875,12704.9228515625,4446.77978515625,4725.53804347826,13007.2608695652,4144.44293478261
68,train,2002-01-01,1461.0,6153662.0,16939648.0,2128490.0,4301.478515625,11873.234375,5416.119140625,4433.5652173913,12218.9239130435,5070.4347826087
68,train,2002-04-01,1551.0,6527856.0,17975080.0,2653007.5,4062.79272460938,11247.302734375,6040.03564453125,4157.71111111111,11504.8,5827.97222222222
68,train,2002-07-01,1642.0,6886552.0,18963938.0,3229567.75,3851.34912109375,10606.0986328125,6508.2626953125,3941.71428571429,10866.5714285714,6335.82692307692
68,train,2002-10-01,1734.0,7231210.5,19912952.0,3847390.75,3666.17456054688,10094.349609375,6852.7626953125,3746.28804347826,10315.3695652174,6715.46739130435
68,train,2003-01-01,1826.0,7559511.0,20816826.0,4492322.0,3503.19604492188,9644.435546875,7116.77783203125,3568.48369565217,9824.71739130435,7010.1222826087
68,train,2003-04-01,1916.0,7862803.0,21651522.0,5139814.0,3330.55200195313,9164.2177734375,7259.951171875,3369.91111111111,9274.4,7194.35555555556
68,train,2003-07-01,2007.0,8150678.0,22443262.0,5783797.5,3124.95190429688,8590.669921875,7145.4267578125,3163.46153846154,8700.43956043956,7076.74175824176
68,train,2003-10-01,2099.0,8424303.0,23195246.0,6428255.0,2943.71020507813,8091.6328125,7061.87548828125,2974.1847826087,8173.73913043478,7004.97282608696
68,train,2004-01-01,2191.0,8683104.0,23907012.0,7082468.5,2790.4345703125,7675.4423828125,7150.193359375,2813.05434782609,7736.58695652174,7111.01630434783
68,train,2004-04-01,2282.0,8926490.0,24576638.0,7737955.0,2640.58178710938,7265.9921875,7258.3134765625,2674.57142857143,7358.52747252747,7203.14835164835
68,train,2004-07-01,2373.0,9155407.0,25206544.0,8404328.0,2487.3662109375,6844.6044921875,7364.33544921875,2515.57142857143,6922.04395604396,7322.78021978022
68,train,2004-10-01,2465.0,9372482.0,25803874.0,9088555.0,2332.5791015625,6418.9404296875,7473.9287109375,2359.51086956522,6492.71739130435,7437.25
68,train,2005-01-01,2557.0,9575296.0,26362138.0,9784910.0,2177.77392578125,5995.2177734375,7602.06494140625,2204.5,6068.08695652174,7569.07608695652
68,train,2005-04-01,2647.0,9758688.0,26867094.0,10478122.0,2014.80615234375,5548.06298828125,7734.259765625,2037.68888888889,5610.62222222222,7702.35555555556
68,train,2005-07-01,2738.0,9927096.0,27330780.0,11191123.0,1834.65075683594,5051.3515625,7858.61376953125,1850.63736263736,5095.45054945055,7835.17582417582
68,train,2005-10-01,2830.0,10082969.0,27759738.0,11925136.0,1672.27990722656,4600.4072265625,8028.23681640625,1694.27173913043,4662.58695652174,7978.40217391304
68,train,2006-01-01,2922.0,10227745.0,28157954.0,12675772.0,1553.029296875,4271.98095703125,8210.3134765625,1573.65217391304,4328.4347826087,8159.08695652174
68,train,2006-04-01,3012.0,10362026.0,28527426.0,13424021.0,1475.47351074219,4060.3359375,8353.455078125,1492.01111111111,4105.24444444444,8313.87777777778
68,train,2006-07-01,3103.0,10492821.0,28887418.0,14194396.0,1425.8447265625,3924.5361328125,8491.912109375,1437.30769230769,3955.95604395604,8465.65934065934
68,train,2006-10-01,3195.0,10621651.0,29242038.0,14985152.0,1389.13916015625,3823.86352539063,8620.146484375,1400.32608695652,3854.5652173913,8595.17391304348
68,train,2007-01-01,3287.0,10747273.0,29587866.0,15786465.0,1354.61242675781,3729.24633789063,8733.6376953125,1365.45652173913,3759.0,8709.92391304348
68,train,2007-04-01,3377.0,10866879.0,29917162.0,16579649.0,1317.31970214844,3626.85083007813,8838.2431640625,1328.95555555556,3658.84444444444,8813.15555555556
68,train,2007-07-01,3468.0,10984036.0,30239728.0,17393220.0,1275.322265625,3511.3603515625,8966.7138671875,1287.43956043956,3544.68131868132,8940.34065934066
68,train,2007-10-01,3560.0,11098714.0,30555518.0,18226808.0,1235.27990722656,3401.66845703125,9084.5771484375,1246.5,3432.5,9060.73913043478
68,train,2008-01-01,3652.0,11210010.0,30862000.0,19069914.0,1200.3232421875,3305.37622070313,9184.3642578125,1209.73913043478,3331.32608695652,9164.19565217391
69,train,1998-01-01,0.0,0.0,0.0,0.0,0.0,0.0,0.0,,,
69,train,1998-04-01,90.0,0.0,0.0,0.0,0.0,0.0,0.0,0.0,0.0,0.0
69,train,1998-07-01,181.0,0.0,0.0,0.0,0.0,0.0,0.0,0.0,0.0,0.0
69,train,1998-10-01,273.0,0.0,0.0,0.0,0.0,0.0,0.0,0.0,0.0,0.0
69,train,1999-01-01,365.0,518325.5,1426714.875,0.0,5633.97265625,15507.76953125,0.0,5633.97282608696,15507.7703804348,0.0
69,train,1999-04-01,455.0,1017777.4375,2801479.25,0.0,5549.4658203125,15275.16015625,0.0,5549.46597222222,15275.1597222222,0.0
69,train,1999-07-01,546.0,1528237.375,4206543.5,0.0,5609.44970703125,15440.26953125,0.0,5609.44986263736,15440.2664835165,0.0
69,train,1999-10-01,638.0,2042516.125,5622119.5,317.894104003906,5583.9033203125,15369.951171875,20.2004776000977,5589.98641304348,15386.6956521739,3.45537069569463
69,train,2000-01-01,730.0,2555123.5,7033095.5,7759.64599609375,5560.22705078125,15304.78125,112.799118041992,5571.81929347826,15336.6956521739,80.8886075227157
69,train,2000-04-01,821.0,3065698.25,8438476.0,22145.69140625,5597.84814453125,15408.3349609375,193.492401123047,5610.71153846154,15443.7417582418,158.088411100618
69,train,2000-07-01,912.0,3570300.25,9827416.0,54930.9296875,5501.4619140625,15143.0283203125,480.332153320313,5545.07692307692,15263.0769230769,360.27734375
69,train,2000-10-01,1004.0,4075596.25,11218267.0,122224.890625,5445.6533203125,14989.412109375,859.986999511719,5492.34782608696,15117.9456521739,731.456097146739
69,train,2001-01-01,1096.0,4581324.5,12610306.0,226324.03125,5451.29638671875,15004.9443359375,1257.43115234375,5497.04619565217,15130.8586956522,1131.51239809783
69,train,2001-04-01,1186.0,5078365.0,13978434.0,368895.71875,5464.46240234375,15041.1845703125,1744.36596679688,5522.67222222222,15201.4222222222,1584.12986111111
69,train,2001-07-01,1277.0,5575912.5,15347957.0,551604.0625,5411.8173828125,14896.2763671875,2161.20532226563,5467.55494505495,15049.7032967033,2007.78399725275
69,train,2001-10-01,1369.0,6070386.0,16709017.0,768500.6875,5326.61279296875,14661.7470703125,2489.95581054688,5374.71195652174,14794.1304347826,2357.57201086957
69,train,2002-01-01,1461.0,6558676.5,18053058.0,1015079.0625,5262.4375,14485.1015625,2804.25268554688,5307.50543478261,14609.1413043478,2680.19972826087
69,train,2002-04-01,1551.0,7028424.5,19346062.0,1284143.75,5180.24462890625,14258.8623046875,3097.44750976563,5219.42222222222,14366.7111111111,2989.60763888889
69,train,2002-07-01,1642.0,7495253.0,20631028.0,1582379.0,5091.49365234375,14014.5703125,3383.25415039063,5129.98351648352,14120.5054945055,3277.31043956044
69,train,2002-10-01,1734.0,7959250.0,21908510.0,1913590.125,4998.90673828125,13772.3330078125,3713.45849609375,5043.44565217391,13885.6739130435,3600.12092391304
69,train,2003-01-01,1826.0,8409442.0,23147380.0,2275990.25,4842.587890625,13329.1220703125,4075.97119140625,4893.39130434783,13465.9782608696,3939.13179347826
69,train,2003-04-01,1916.0,8820991.0,24280186.0,2664437.75,4505.00341796875,12400.224609375,4502.59375,4572.76666666667,12586.7333333333,4316.08333333333
69,train,2003-07-01,2007.0,9200547.0,25324928.0,3093391.25,4117.595703125,11333.87109375,4860.5966796875,4170.94505494505,11480.6813186813,4713.77472527472
69,train,2003-10-01,2099.0,9559055.0,26311738.0,3545328.75,3850.41845703125,10598.4541015625,5040.1044921875,3896.82608695652,10726.1956521739,4912.36413043478
69,train,2004-01-01,2191.0,9900298.0,27251026.0,4018933.25,3677.54565429688,10122.6142578125,5234.912109375,3709.16304347826,10209.652173913,5147.875
69,train,2004-04-01,2282.0,10223644.0,28141082.0,4504060.0,3523.42431640625,9700.162109375,5411.73828125,3553.25274725275,9780.83516483517,5331.06318681319
69,train,2004-07-01,2373.0,10532683.0,28992252.0,5005442.5,3370.60131835938,9288.3349609375,5574.87109375,3396.03296703297,9353.51648351648,5509.6978021978
69,train,2004-10-01,2465.0,10831013.0,29814368.0,5527274.0,3220.33374023438,8878.3466796875,5729.794921875,3242.71739130435,8936.04347826087,5672.08152173913
69,train,2005-01-01,2557.0,11116415.0,30601082.0,6062315.5,3077.10961914063,8497.791015625,5869.11474609375,3102.19565217391,8551.23913043478,5815.66847826087
69,train,2005-04-01,2647.0,11381809.0,31333874.0,6598032.5,2925.81396484375,8096.06396484375,5998.462890625,2948.82222222222,8142.13333333333,5952.41111111111
69,train,2005-07-01,2738.0,11633908.0,32031086.0,7151723.0,2753.92846679688,7626.57666015625,6119.6123046875,2770.31868131868,7661.67032967033,6084.51098901099
69,train,2005-10-01,2830.0,11874736.0,32697026.0,7722929.5,2606.73120117188,7213.04931640625,6234.1884765625,2617.69565217391,7238.47826086957,6208.76630434783
69,train,2006-01-01,2922.0,12105516.0,33333912.0,8304098.5,2496.78955078125,6890.03759765625,6341.83544921875,2508.47826086957,6922.67391304348,6317.05434782609
69,train,2006-04-01,3012.0,12324494.0,33936676.0,8881737.0,2415.32543945313,6642.3056640625,6447.95654296875,2433.08888888889,6697.37777777778,6418.20555555556
69,train,2006-07-01,3103.0,12540201.0,34529420.0,9477951.0,2355.42333984375,6472.373046875,6580.2138671875,2370.40659340659,6513.67032967033,6551.8021978022
69,train,2006-10-01,3195.0,12753743.0,35116440.0,10092857.0,2306.1279296875,6340.46142578125,6710.677734375,2321.10869565217,6380.65217391304,6683.76086956522
69,train,2007-01-01,3287.0,12962644.0,35690988.0,10719107.0,2254.95654296875,6202.43212890625,6835.8017578125,2270.66304347826,6245.08695652174,6807.0652173913
69,train,2007-04-01,3377.0,13162320.0,36240332.0,11342079.0,2203.55444335938,6062.90869140625,6948.40576171875,2218.62222222222,6103.82222222222,6921.91111111111
69,train,2007-07-01,3468.0,13359394.0,36782636.0,11983069.0,2149.89868164063,5916.17236328125,7069.88623046875,2165.64835164835,5959.38461538462,7043.84615384615
69,train,2007-10-01,3560.0,13553658.0,37317228.0,12641673.0,2096.48999023438,5769.27294921875,7183.1767578125,2111.5652173913,5810.78260869565,7158.73913043478
69,train,2008-01-01,3652.0,13742980.0,37838220.0,13310180.0,2043.16064453125,5622.5234375,7290.22412109375,2057.84782608696,5662.95652173913,7266.38043478261
70,train,1998-01-01,0.0,0.0,0.0,0.0,0.0,0.0,0.0,,,
70,train,1998-04-01,90.0,0.0,0.0,0.0,0.0,0.0,0.0,0.0,0.0,0.0
70,train,1998-07-01,181.0,0.0,0.0,0.0,0.0,0.0,0.0,0.0,0.0,0.0
70,train,1998-10-01,273.0,0.0,0.0,0.0,0.0,0.0,0.0,0.0,0.0,0.0
70,train,1999-01-01,365.0,518325.5,1426714.875,0.0,5633.97265625,15507.76953125,0.0,5633.97282608696,15507.7703804348,0.0
70,train,1999-04-01,455.0,1017777.4375,2801479.25,0.0,5549.4658203125,15275.16015625,0.0,5549.46597222222,15275.1597222222,0.0
70,train,1999-07-01,546.0,1528227.5,4206516.5,26.9793434143066,5608.79345703125,15438.462890625,1.80603957176208,5609.34134615385,15439.9697802198,0.296476301256117
70,train,1999-10-01,638.0,2040129.25,5615550.0,6887.8115234375,5546.71435546875,15267.5869140625,122.564125061035,5564.14945652174,15315.5815217391,74.5742628263391
70,train,2000-01-01,730.0,2549323.75,7017131.0,23723.888671875,5506.095703125,15155.7822265625,261.797912597656,5534.72282608696,15234.5760869565,183.000838569973
70,train,2000-04-01,821.0,3047244.75,8387682.0,72939.4765625,5412.03076171875,14896.86328125,704.9638671875,5471.65934065934,15061.0,540.830636160714
70,train,2000-07-01,912.0,3532071.0,9722189.0,160158.5,5269.11474609375,14503.4814453125,1119.87866210938,5327.76098901099,14664.9120879121,958.450807005495
70,train,2000-10-01,1004.0,4015027.25,11051547.0,288944.3125,5181.93359375,14263.51171875,1585.8876953125,5249.52445652174,14449.5434782609,1399.84578804348
70,train,2001-01-01,1096.0,4494943.0,12372538.0,464092.59375,5155.650390625,14191.1650390625,2071.21044921875,5216.47554347826,14358.597826087,1903.78566576087
70,train,2001-04-01,1186.0,4965163.0,13666839.0,680490.4375,5169.95751953125,14230.546875,2555.00439453125,5224.66666666667,14381.1222222222,2404.42048611111
70,train,2001-07-01,1277.0,5435644.0,14961860.0,937700.6875,5116.10009765625,14082.3017578125,2975.18041992188,5170.12087912088,14231.0,2826.48626373626
70,train,2001-10-01,1369.0,5902116.5,16245848.0,1231669.125,5018.4697265625,13813.5693359375,3338.13403320313,5070.35326086957,13956.3913043478,3195.30910326087
70,train,2002-01-01,1461.0,6359044.0,17503562.0,1564576.0,4909.0322265625,13512.337890625,3777.01611328125,4966.60326086957,13670.8043478261,3618.55298913043
70,train,2002-04-01,1551.0,6792314.0,18696158.0,1934048.25,4734.5732421875,13032.1318359375,4324.17822265625,4814.11111111111,13251.0666666667,4105.24722222222
70,train,2002-07-01,1642.0,7205778.0,19834908.0,2378500.25,4445.0810546875,12248.431640625,5149.39306640625,4543.56043956044,12513.7362637363,4884.08791208791
70,train,2002-10-01,1734.0,7602747.0,20929432.0,2892669.5,4215.7861328125,11649.4677734375,5836.32421875,4314.88043478261,11897.0,5588.79619565217
70,train,2003-01-01,1826.0,7978235.0,21966530.0,3455679.75,3996.63012695313,11070.24609375,6274.341796875,4081.39130434783,11272.8043478261,6119.67663043478
70,train,2003-04-01,1916.0,8322909.0,22915218.0,4028245.0,3774.2568359375,10417.4697265625,6485.3486328125,3829.71111111111,10540.9777777778,6361.83611111111
70,train,2003-07-01,2007.0,8648579.0,23812722.0,4604439.0,3527.72534179688,9760.0166015625,6434.45166015625,3578.79120879121,9862.68131868132,6331.8021978022
70,train,2003-10-01,2099.0,8957765.0,24666918.0,5183927.5,3316.93896484375,9148.7744140625,6359.7177734375,3360.71739130435,9284.73913043478,6298.78804347826
70,train,2004-01-01,2191.0,9251730.0,25476568.0,5770678.5,3161.89306640625,8704.1845703125,6427.92333984375,3195.27173913043,8800.54347826087,6377.72826086957
70,train,2004-04-01,2282.0,9528899.0,26239170.0,6360005.0,3018.85034179688,8304.7265625,6519.6044921875,3045.81318681319,8380.24175824176,6476.11538461538
70,train,2004-07-01,2373.0,9793098.0,26965448.0,6959136.0,2877.41381835938,7907.13916015625,6630.14794921875,2903.28571428571,7981.07692307692,6583.85714285714
70,train,2004-10-01,2465.0,10046713.0,27662338.0,7577054.5,2733.76000976563,7513.48681640625,6759.97607421875,2756.6847826087,7574.89130434783,6716.50543478261
70,train,2005-01-01,2557.0,10287126.0,28323414.0,8209120.5,2595.7978515625,7138.8583984375,6900.716796875,2613.1847826087,7185.60869565217,6870.28260869565
70,train,2005-04-01,2647.0,10508560.0,28932508.0,8840459.0,2443.06201171875,6720.673828125,7043.66015625,2460.37777777778,6767.71111111111,7014.87222222222
70,train,2005-07-01,2738.0,10715852.0,29502790.0,9491300.0,2261.25561523438,6221.2041015625,7177.306640625,2277.93406593407,6266.83516483516,7152.0989010989
70,train,2005-10-01,2830.0,10911123.0,30040004.0,10160413.0,2103.20532226563,5786.2548828125,7300.3466796875,2122.51086956522,5839.28260869565,7272.96739130435
70,train,2006-01-01,2922.0,11094947.0,30545800.0,10840452.0,1981.40197753906,5452.62353515625,7413.98876953125,1998.08695652174,5497.78260869565,7391.72826086957
70,train,2006-04-01,3012.0,11266343.0,31017588.0,11515306.0,1887.91223144531,5197.1416015625,7518.384765625,1904.4,5242.08888888889,7498.37777777778
70,train,2006-07-01,3103.0,11433111.0,31476780.0,12208081.0,1814.91052246094,4997.78515625,7635.560546875,1832.61538461538,5046.06593406593,7612.91208791209
70,train,2006-10-01,3195.0,11596425.0,31926514.0,12919072.0,1758.24890136719,4841.84033203125,7752.71533203125,1775.15217391304,4888.41304347826,7728.16304347826
70,train,2007-01-01,3287.0,11754650.0,32362142.0,13640730.0,1704.58825683594,4692.322265625,7871.255859375,1719.83695652174,4735.08695652174,7844.10869565217
70,train,2007-04-01,3377.0,11905416.0,32776938.0,14356672.0,1663.3076171875,4575.74267578125,7980.93408203125,1675.17777777778,4608.84444444444,7954.91111111111
70,train,2007-07-01,3468.0,12054715.0,33187738.0,15090905.0,1625.45239257813,4473.11376953125,8102.26513671875,1640.64835164835,4514.28571428571,8068.49450549451
70,train,2007-10-01,3560.0,12201877.0,33592776.0,15844731.0,1588.85791015625,4373.19677734375,8218.451171875,1599.58695652174,4402.58695652174,8193.76086956522
70,train,2008-01-01,3652.0,12345805.0,33988944.0,16608370.0,1554.86254882813,4279.8740234375,8322.400390625,1564.4347826087,4306.17391304348,8300.42391304348
71,validation,1998-01-01,0.0,0.0,0.0,0.0,0.0,0.0,0.0,,,
71,validation,1998-04-01,90.0,0.0,0.0,0.0,0.0,0.0,0.0,0.0,0.0,0.0
71,validation,1998-07-01,181.0,0.0,0.0,0.0,0.0,0.0,0.0,0.0,0.0,0.0
71,validation,1998-10-01,273.0,0.0,0.0,0.0,0.0,0.0,0.0,0.0,0.0,0.0
71,validation,1999-01-01,365.0,518325.5,1426714.875,0.0,5633.97265625,15507.76953125,0.0,5633.97282608696,15507.7703804348,0.0
71,validation,1999-04-01,455.0,1017777.4375,2801479.25,0.0,5549.4658203125,15275.16015625,0.0,5549.46597222222,15275.1597222222,0.0
71,validation,1999-07-01,546.0,1528237.375,4206543.5,0.0,5609.44970703125,15440.26953125,0.0,5609.44986263736,15440.2664835165,0.0
71,validation,1999-10-01,638.0,2042631.375,5622437.0,0.50406277179718,5591.2294921875,15390.1171875,0.0342253334820271,5591.23913043478,15390.1467391304,0.00547894317170848
71,validation,2000-01-01,730.0,2556778.25,7037650.0,3205.04223632813,5575.546875,15346.94921875,70.6298446655274,5588.55298913043,15382.75,34.8319366690906
71,validation,2000-04-01,821.0,3068671.0,8446658.0,13963.2021484375,5618.3974609375,15464.8984375,136.929290771484,5625.19505494505,15483.6043956044,118.221537495707
71,validation,2000-07-01,912.0,3579179.5,9851856.0,30490.755859375,5597.49169921875,15407.353515625,216.006484985352,5609.98351648352,15441.7362637363,181.621469350962
71,validation,2000-10-01,1004.0,4095879.25,11274097.0,66395.21875,5580.55224609375,15360.7275390625,488.671112060547,5616.30163043478,15459.1413043478,390.265900985054
71,validation,2001-01-01,1096.0,4615003.5,12703010.0,133620.453125,5590.6689453125,15388.57421875,873.801391601563,5642.65489130435,15531.6630434783,730.709069293478
71,validation,2001-04-01,1186.0,5126355.5,14110530.0,236799.5625,5639.1201171875,15521.9375,1263.61303710938,5681.68888888889,15639.1111111111,1146.43454861111
71,validation,2001-07-01,1277.0,5639887.0,15524048.0,375512.25,5591.84765625,15391.818359375,1665.66320800781,5643.2032967033,15533.1648351648,1524.31524725275
71,validation,2001-10-01,1369.0,6150208.5,16928732.0,548784.4375,5493.91796875,15122.26171875,2029.44104003906,5546.97282608696,15268.3043478261,1883.3933423913
71,validation,2002-01-01,1461.0,6653364.5,18313694.0,754444.875,5419.69140625,14917.9501953125,2371.40405273438,5469.08695652174,15053.9347826087,2235.43953804348
71,validation,2002-04-01,1551.0,7137821.0,19647182.0,983024.125,5341.6611328125,14703.1689453125,2653.14086914063,5382.85,14816.5333333333,2539.76944444444
71,validation,2002-07-01,1642.0,7619463.0,20973658.0,1239749.125,5249.4677734375,14470.701171875,2927.12353515625,5292.76923076923,14576.6593406593,2821.15384615385
71,validation,2002-10-01,1734.0,8099113.5,22295666.0,1526435.5,5176.912109375,14276.5263671875,3209.265625,5213.59239130435,14369.652173913,3116.15625
71,validation,2003-01-01,1826.0,8567772.0,23586472.0,1836896.875,5057.7783203125,13939.923828125,3465.16943359375,5094.11413043478,14030.5,3374.58016304348
71,validation,2003-04-01,1916.0,9004644.0,24785936.0,2158687.0,4815.091796875,13237.5,3665.31762695313,4854.13333333333,13327.3777777778,3575.44583333333
71,validation,2003-07-01,2007.0,9416933.0,25920552.0,2497767.5,4504.98486328125,12399.49609375,3794.97143554688,4530.64835164835,12468.3076923077,3726.15934065934
71,validation,2003-10-01,2099.0,9810256.0,27003184.0,2853883.75,4242.462890625,11677.55078125,3961.00854492188,4275.25,11767.7391304348,3870.82880434783
71,validation,2004-01-01,2191.0,10185426.0,28035854.0,3234105.25,4043.4150390625,11129.685546875,4227.8408203125,4077.9347826087,11224.6739130435,4132.84239130435
71,validation,2004-04-01,2282.0,10537935.0,29006152.0,3638989.5,3835.46435546875,10557.2919921875,4554.60791015625,3873.72527472527,10662.6153846154,4449.27747252747
71,validation,2004-07-01,2373.0,10873318.0,29929334.0,4068359.25,3644.0419921875,10031.5810546875,4831.625,3685.52747252747,10144.8571428571,4718.3489010989
71,validation,2004-10-01,2465.0,11194795.0,30814520.0,4527122.5,3467.39794921875,9552.1064453125,5056.03515625,3494.3152173913,9621.58695652174,4986.55706521739
71,validation,2005-01-01,2557.0,11501293.0,31658616.0,5004783.0,3304.01440429688,9104.1435546875,5262.7626953125,3331.5,9174.95652173913,5191.96195652174
71,validation,2005-04-01,2647.0,11785416.0,32441354.0,5490552.0,3136.37768554688,8644.0341796875,5450.4931640625,3156.92222222222,8697.08888888889,5397.43333333333
71,validation,2005-07-01,2738.0,12055876.0,33186456.0,5996352.0,2949.5869140625,8129.0703125,5617.11865234375,2972.08791208791,8187.93406593407,5558.24175824176
71,validation,2005-10-01,2830.0,12314096.0,33897820.0,6522133.5,2786.98510742188,7686.041015625,5761.197265625,2806.73913043478,7732.21739130435,5715.01630434783
71,validation,2006-01-01,2922.0,12561569.0,34579436.0,7059298.0,2675.15649414063,7377.47021484375,5870.10986328125,2689.92391304348,7408.86956521739,5838.74456521739
71,validation,2006-04-01,3012.0,12796617.0,35227280.0,7594011.5,2594.94409179688,7165.1103515625,5974.4150390625,2611.64444444444,7198.26666666667,5941.26111111111
71,validation,2006-07-01,3103.0,13028974.0,35869420.0,8145567.0,2537.703125,7025.6201171875,6091.9248046875,2553.37362637363,7056.48351648352,6061.04945054945
71,validation,2006-10-01,3195.0,13259081.0,36507272.0,8715005.0,2486.87353515625,6902.365234375,6220.3388671875,2501.16304347826,6933.17391304348,6189.54347826087
71,validation,2007-01-01,3287.0,13484831.0,37131604.0,9293855.0,2433.68872070313,6718.19287109375,6321.03466796875,2453.80434782609,6786.21739130435,6291.84782608696
71,validation,2007-04-01,3377.0,13701082.0,37726780.0,9869187.0,2389.39453125,6571.8076171875,6415.84375,2402.78888888889,6613.06666666667,6392.57777777778
71,validation,2007-07-01,3468.0,13915628.0,38316584.0,10461398.0,2344.20703125,6444.28466796875,6532.380859375,2357.64835164835,6481.36263736264,6507.81318681319
71,validation,2007-10-01,3560.0,14128364.0,38901536.0,11070136.0,2299.30615234375,6322.796875,6639.6123046875,2312.34782608696,6358.17391304348,6616.71739130435
71,validation,2008-01-01,3652.0,14336876.0,39475008.0,11688475.0,2253.2060546875,6197.3203125,6744.81396484375,2266.4347826087,6233.39130434783,6721.07608695652
72,validation,1998-01-01,0.0,0.0,0.0,0.0,0.0,0.0,0.0,,,
72,validation,1998-04-01,90.0,0.0,0.0,0.0,0.0,0.0,0.0,0.0,0.0,0.0
72,validation,1998-07-01,181.0,0.0,0.0,0.0,0.0,0.0,0.0,0.0,0.0,0.0
72,validation,1998-10-01,273.0,0.0,0.0,0.0,0.0,0.0,0.0,0.0,0.0,0.0
72,validation,1999-01-01,365.0,518325.5,1426714.875,0.0,5633.97265625,15507.76953125,0.0,5633.97282608696,15507.7703804348,0.0
72,validation,1999-04-01,455.0,1017777.4375,2801479.25,0.0,5549.4658203125,15275.16015625,0.0,5549.46597222222,15275.1597222222,0.0
72,validation,1999-07-01,546.0,1528237.375,4206543.5,0.0,5609.44970703125,15440.26953125,0.0,5609.44986263736,15440.2664835165,0.0
72,validation,1999-10-01,638.0,2042629.375,5622431.5,6.16694736480713,5591.1513671875,15389.90234375,0.249252364039421,5591.21739130435,15390.0869565217,0.0670320365739905
72,validation,2000-01-01,730.0,2557123.25,7038599.5,2255.37451171875,5580.279296875,15359.9765625,57.6037292480469,5592.32472826087,15393.1304347826,24.447908308195
72,validation,2000-04-01,821.0,3069200.5,8448116.0,12505.3447265625,5619.80029296875,15468.759765625,133.068176269531,5627.22252747253,15489.1923076923,112.637035327953
72,validation,2000-07-01,912.0,3579727.75,9853366.0,28981.451171875,5593.380859375,15396.0380859375,227.32145690918,5610.18956043956,15442.3076923077,181.056114783654
72,validation,2000-10-01,1004.0,4095715.5,11273646.0,66845.9609375,5570.7109375,15333.6376953125,515.760864257813,5608.5625,15437.8260869565,411.570758322011
72,validation,2001-01-01,1096.0,4613255.5,12698199.0,138431.4375,5579.1943359375,15356.990234375,905.385131835938,5625.4347826087,15484.2717391304,778.10300611413
72,validation,2001-04-01,1186.0,5123467.5,14102580.0,244749.609375,5623.95751953125,15480.2021484375,1305.34826660156,5669.02222222222,15604.2333333333,1181.31302083333
72,validation,2001-07-01,1277.0,5635626.0,15512321.0,387240.0625,5571.56884765625,15336.0,1721.4814453125,5628.11538461538,15491.6593406593,1565.82915521978
72,validation,2001-10-01,1369.0,6143976.0,16911578.0,565939.75,5476.7158203125,15074.912109375,2076.79028320313,5525.54347826087,15209.3152173913,1942.3879076087
72,validation,2002-01-01,1461.0,6645602.5,18292326.0,775811.125,5406.4365234375,14881.4658203125,2407.88818359375,5452.46195652174,15008.1304347826,2281.21059782609
72,validation,2002-04-01,1551.0,7128978.5,19622842.0,1007364.0625,5333.41455078125,14680.4697265625,2675.83984375,5370.84444444444,14783.5111111111,2572.81041666667
72,validation,2002-07-01,1642.0,7610634.0,20948620.0,1264787.5,5255.82763671875,14466.9072265625,2930.9169921875,5292.91758241758,14568.989010989,2828.82898351648
72,validation,2002-10-01,1734.0,8091192.0,22271380.0,1550721.75,5190.79541015625,14287.9033203125,3197.88818359375,5223.45652173913,14377.8260869565,3107.98097826087
72,validation,2003-01-01,1826.0,8560658.0,23563606.0,1859762.75,5069.72607421875,13954.6552734375,3450.43798828125,5102.89130434783,14045.9347826087,3359.14130434783
72,validation,2003-04-01,1916.0,8996388.0,24762972.0,2181650.75,4808.80517578125,13236.4580078125,3666.3603515625,4841.44444444444,13326.2888888889,3576.53333333333
72,validation,2003-07-01,2007.0,9408945.0,25898554.0,2519765.5,4500.8623046875,12388.8310546875,3805.63720703125,4533.59340659341,12478.9230769231,3715.5467032967
72,validation,2003-10-01,2099.0,9802253.0,26981152.0,2875915.0,4242.5224609375,11677.73828125,3960.8203125,4275.08695652174,11767.3695652174,3871.1902173913
72,validation,2004-01-01,2191.0,10176984.0,28012616.0,3257343.0,4033.83178710938,11103.30859375,4254.2177734375,4073.16304347826,11211.5652173913,4145.95652173913
72,validation,2004-04-01,2282.0,10528468.0,28980094.0,3665048.75,3820.78540039063,10516.888671875,4595.01171875,3862.46153846154,10631.6263736264,4480.28296703297
72,validation,2004-07-01,2373.0,10861965.0,29898060.0,4099634.0,3631.28002929688,9995.265625,4867.93994140625,3664.8021978022,10087.5384615385,4775.66208791209
72,validation,2004-10-01,2465.0,11183159.0,30782162.0,4559481.0,3461.2734375,9527.314453125,5080.8271484375,3491.23913043478,9609.80434782609,4998.33695652174
72,validation,2005-01-01,2557.0,11489198.0,31624548.0,5038850.5,3307.25561523438,9103.3740234375,5263.53271484375,3326.51086956522,9156.36956521739,5210.53804347826
72,validation,2005-04-01,2647.0,11774158.0,32408914.0,5522992.0,3145.71020507813,8658.712890625,5435.814453125,3166.22222222222,8715.17777777778,5379.35
72,validation,2005-07-01,2738.0,12045280.0,33155190.0,6027619.0,2964.17065429688,8159.01611328125,5587.1728515625,2979.36263736264,8200.83516483517,5545.35164835165
72,validation,2005-10-01,2830.0,12304823.0,33869592.0,6550362.0,2806.33642578125,7724.57080078125,5722.66748046875,2821.11956521739,7765.23913043478,5681.98913043478
72,validation,2006-01-01,2922.0,12553619.0,34554416.0,7084318.0,2692.67260742188,7411.70556640625,5835.87451171875,2704.30434782609,7443.73913043478,5803.86956521739
72,validation,2006-04-01,3012.0,12790312.0,35205924.0,7615366.0,2616.216796875,7201.2578125,5938.267578125,2629.92222222222,7238.97777777778,5900.53333333333
72,validation,2006-07-01,3103.0,13024944.0,35851760.0,8163226.0,2565.7783203125,7062.42333984375,6055.12158203125,2578.37362637363,7097.0989010989,6020.43956043956
72,validation,2006-10-01,3195.0,13258315.0,36494124.0,8728153.0,2525.04565429688,6950.3046875,6172.39892578125,2536.64130434783,6982.21739130435,6140.51086956522
72,validation,2007-01-01,3287.0,13487188.0,37124104.0,9303727.0,2478.48266601563,6822.13818359375,6281.7509765625,2487.75,6847.60869565217,6256.23913043478
72,validation,2007-04-01,3377.0,13706921.0,37728932.0,9875744.0,2432.3515625,6695.15966796875,6380.8720703125,2441.47777777778,6720.31111111111,6355.74444444444
72,validation,2007-07-01,3468.0,13925244.0,38329876.0,10463695.0,2386.7724609375,6569.701171875,6495.0966796875,2399.15384615385,6603.78021978022,6461.0
72,validation,2007-10-01,3560.0,14141412.0,38924888.0,11069186.0,2340.12475585938,6441.30126953125,6607.6328125,2349.65217391304,6467.52173913043,6581.42391304348
72,validation,2008-01-01,3652.0,14353191.0,39507820.0,11684928.0,2292.3935546875,6309.91845703125,6719.1455078125,2301.94565217391,6336.21739130435,6692.84782608696
73,validation,1998-01-01,0.0,0.0,0.0,0.0,0.0,0.0,0.0,,,
73,validation,1998-04-01,90.0,0.0,0.0,0.0,0.0,0.0,0.0,0.0,0.0,0.0
73,validation,1998-07-01,181.0,0.0,0.0,0.0,0.0,0.0,0.0,0.0,0.0,0.0
73,validation,1998-10-01,273.0,0.0,0.0,0.0,0.0,0.0,0.0,0.0,0.0,0.0
73,validation,1999-01-01,365.0,518325.5,1426714.875,0.0,5633.97265625,15507.76953125,0.0,5633.97282608696,15507.7703804348,0.0
73,validation,1999-04-01,455.0,1017777.4375,2801479.25,0.0,5549.4658203125,15275.16015625,0.0,5549.46597222222,15275.1597222222,0.0
73,validation,1999-07-01,546.0,1528237.375,4206543.5,0.0,5609.44970703125,15440.26953125,0.0,5609.44986263736,15440.2664835165,0.0
73,validation,1999-10-01,638.0,2042572.375,5622274.5,163.169204711914,5589.81591796875,15386.2265625,3.92464232444763,5590.59782608696,15388.3804347826,1.77357831208602
73,validation,2000-01-01,730.0,2555921.75,7035292.5,5562.3701171875,5566.92724609375,15323.2236328125,94.3565292358398,5579.88451086957,15358.8913043478,58.686966439952
73,validation,2000-04-01,821.0,3067262.75,8442782.0,17839.205078125,5612.14501953125,15447.6875,154.14030456543,5619.13186813187,15466.9175824176,134.910274296016
73,validation,2000-07-01,912.0,3575566.0,9841910.0,40436.73828125,5552.4150390625,15283.27734375,340.082000732422,5585.75,15375.032967033,248.324540693681
73,validation,2000-10-01,1004.0,4086533.5,11248372.0,92119.8828125,5506.9375,15158.099609375,691.299499511719,5553.99456521739,15287.6304347826,561.773310122283
73,validation,2001-01-01,1096.0,4598342.5,12657150.0,179480.15625,5514.115234375,15177.8564453125,1084.51904296875,5563.14130434783,15312.8043478261,949.568189538043
73,validation,2001-04-01,1186.0,5102531.5,14044953.0,302376.46875,5548.17578125,15271.609375,1513.94152832031,5602.1,15420.0333333333,1365.51458333333
73,validation,2001-07-01,1277.0,5607444.5,15434750.0,464811.03125,5490.88525390625,15113.9150390625,1943.56726074219,5548.49450549451,15272.4945054945,1784.99519230769
73,validation,2001-10-01,1369.0,6108976.0,16815238.0,662279.6875,5398.47998046875,14859.564453125,2292.13818359375,5451.42934782609,15005.3043478261,2146.3984375
73,validation,2002-01-01,1461.0,6603537.5,18176542.0,891596.1875,5332.1650390625,14677.0302734375,2612.3232421875,5375.66847826087,14796.7826086957,2492.57065217391
73,validation,2002-04-01,1551.0,7079407.0,19487942.0,1142264.625,5240.31494140625,14457.25390625,2899.05541992188,5287.43888888889,14571.1111111111,2785.20486111111
73,validation,2002-07-01,1642.0,7551691.5,20790368.0,1423039.375,5152.7216796875,14214.3115234375,3183.51318359375,5189.93956043956,14312.3736263736,3085.43681318681
73,validation,2002-10-01,1734.0,8022137.0,22088840.0,1733260.75,5068.427734375,14014.5078125,3471.2841796875,5113.53804347826,14113.8260869565,3371.9714673913
73,validation,2003-01-01,1826.0,8480221.0,23354122.0,2069246.375,4930.181640625,13639.30859375,3765.78466796875,4979.17391304348,13753.0652173913,3652.01766304348
73,validation,2003-04-01,1916.0,8905312.0,24521704.0,2422918.25,4683.92822265625,12868.1015625,4034.716796875,4723.23333333333,12973.1333333333,3929.6875
73,validation,2003-07-01,2007.0,9305430.0,25616580.0,2801740.5,4351.3984375,11916.1484375,4278.31982421875,4396.9010989011,12031.6043956044,4162.88186813187
73,validation,2003-10-01,2099.0,9680740.0,26647970.0,3209096.25,4022.13623046875,11070.12890625,4568.43017578125,4079.45652173913,11210.7608695652,4427.77989130435
73,validation,2004-01-01,2191.0,10035274.0,27624360.0,3645600.0,3808.15795898438,10492.3583984375,4865.16796875,3853.63043478261,10612.9347826087,4744.60597826087
73,validation,2004-04-01,2282.0,10368666.0,28543458.0,4101685.0,3630.45068359375,10020.30859375,5091.59130859375,3663.64835164835,10099.978021978,5011.92307692308
73,validation,2004-07-01,2373.0,10686559.0,29422212.0,4575481.0,3456.24975585938,9576.9296875,5286.2763671875,3493.32967032967,9656.63736263736,5206.54945054945
73,validation,2004-10-01,2465.0,10991465.0,30268034.0,5072742.0,3271.97534179688,9076.5498046875,5467.49853515625,3314.19565217391,9193.71739130435,5405.01086956522
73,validation,2005-01-01,2557.0,11280356.0,31065796.0,5585254.5,3106.42529296875,8565.029296875,5621.861328125,3140.11956521739,8671.32608695652,5570.78804347826
73,validation,2005-04-01,2647.0,11548016.0,31803068.0,6100307.0,2947.060546875,8114.978515625,5763.31689453125,2974.0,8191.91111111111,5722.80555555556
73,validation,2005-07-01,2738.0,11803031.0,32505078.0,6631591.0,2780.58081054688,7653.90283203125,5872.54345703125,2802.36263736264,7714.3956043956,5838.28571428571
73,validation,2005-10-01,2830.0,12047086.0,33176832.0,7178992.5,2635.95678710938,7255.34716796875,5974.75244140625,2652.77173913043,7301.67391304348,5950.01630434783
73,validation,2006-01-01,2922.0,12281403.0,33821652.0,7735271.0,2529.71435546875,6960.8095703125,6071.92138671875,2546.92391304348,7008.91304347826,6046.50543478261
73,validation,2006-04-01,3012.0,12503166.0,34431780.0,8288849.5,2450.64501953125,6742.03515625,6171.49658203125,2464.03333333333,6779.2,6150.87222222222
73,validation,2006-07-01,3103.0,12722755.0,35035596.0,8858318.0,2394.65551757813,6582.9267578125,6288.923828125,2413.06593406593,6635.34065934066,6257.8956043956
73,validation,2006-10-01,3195.0,12940122.0,35632852.0,9445433.0,2348.09692382813,6450.99609375,6406.6630859375,2362.6847826087,6491.91304347826,6381.6847826087
73,validation,2007-01-01,3287.0,13153134.0,36218256.0,10043397.0,2300.9833984375,6324.572265625,6525.86572265625,2315.34782608696,6363.08695652174,6499.60869565217
73,validation,2007-04-01,3377.0,13357300.0,36779684.0,10637752.0,2254.595703125,6200.5234375,6629.099609375,2268.51111111111,6238.08888888889,6603.94444444444
73,validation,2007-07-01,3468.0,13559405.0,37335648.0,11249581.0,2206.611328125,6070.69873046875,6749.4423828125,2220.93406593407,6109.49450549451,6723.3956043956
73,validation,2007-10-01,3560.0,13759160.0,37885316.0,11878754.0,2156.48291015625,5934.31396484375,6864.4404296875,2171.25,5974.65217391304,6838.83695652174
73,validation,2008-01-01,3652.0,13954545.0,38423008.0,12517512.0,2104.59497070313,5791.7685546875,6976.138671875,2123.75,5844.47826086957,6943.02173913043
74,validation,1998-01-01,0.0,0.0,0.0,0.0,0.0,0.0,0.0,,,
74,validation,1998-04-01,90.0,0.0,0.0,0.0,0.0,0.0,0.0,0.0,0.0,0.0
74,validation,1998-07-01,181.0,0.0,0.0,0.0,0.0,0.0,0.0,0.0,0.0,0.0
74,validation,1998-10-01,273.0,0.0,0.0,0.0,0.0,0.0,0.0,0.0,0.0,0.0
74,validation,1999-01-01,365.0,518325.5,1426714.875,0.0,5633.97265625,15507.76953125,0.0,5633.97282608696,15507.7703804348,0.0
74,validation,1999-04-01,455.0,1017777.4375,2801479.25,0.0,5549.4658203125,15275.16015625,0.0,5549.46597222222,15275.1597222222,0.0
74,validation,1999-07-01,546.0,1528237.375,4206543.5,0.0,5609.44970703125,15440.26953125,0.0,5609.44986263736,15440.2664835165,0.0
74,validation,1999-10-01,638.0,2042630.125,5622433.5,3.94902729988098,5591.14453125,15389.8837890625,0.267594575881958,5591.22554347826,15390.1086956522,0.042924209781315
74,validation,2000-01-01,730.0,2556502.0,7036889.5,3965.48754882813,5571.6962890625,15336.3505859375,81.2295608520508,5585.56385869565,15374.5217391304,43.0602013209592
74,validation,2000-04-01,821.0,3068172.25,8445285.0,15335.8583984375,5615.66845703125,15457.38671875,144.441055297852,5622.75,15476.8736263736,124.949130215488
74,validation,2000-07-01,912.0,3577346.5,9846811.0,35536.1640625,5569.8115234375,15331.1630859375,292.197387695313,5595.32142857143,15401.3846153846,221.981380923764
74,validation,2000-10-01,1004.0,4089526.25,11256610.0,83881.9453125,5528.9716796875,15218.75,630.649230957031,5567.17119565217,15323.902173913,525.497622282609
74,validation,2001-01-01,1096.0,4603456.0,12671225.0,165405.484375,5537.0576171875,15241.0068359375,1021.36840820313,5586.19293478261,15376.25,886.125424592391
74,validation,2001-04-01,1186.0,5109660.5,14064576.0,282754.09375,5578.95751953125,15356.337890625,1429.21325683594,5624.49444444444,15481.6777777778,1303.8734375
74,validation,2001-07-01,1277.0,5617342.0,15461993.0,437567.25,5523.53369140625,15203.78125,1853.70080566406,5578.91758241758,15356.2307692308,1701.24347527473
74,validation,2001-10-01,1369.0,6121834.0,16850630.0,626886.5625,5433.6005859375,14956.236328125,2195.46606445313,5483.60869565217,15093.8804347826,2057.81861413043
74,validation,2002-01-01,1461.0,6619798.5,18221302.0,846836.6875,5370.642578125,14782.9423828125,2506.41186523438,5412.65760869565,14898.6086956522,2390.76222826087
74,validation,2002-04-01,1551.0,7100145.0,19543476.0,1086729.25,5300.12060546875,14588.826171875,2767.48388671875,5337.18333333333,14690.8222222222,2665.47291666667
74,validation,2002-07-01,1642.0,7578181.0,20860092.0,1353314.875,5210.39404296875,14367.189453125,3030.63525390625,5253.14285714286,14468.3076923077,2929.51236263736
74,validation,2002-10-01,1734.0,8054859.0,22174396.0,1647705.5,5142.0185546875,14185.6630859375,3300.12890625,5181.28260869565,14285.9130434783,3199.89809782609
74,validation,2003-01-01,1826.0,8519924.0,23456078.0,1967292.125,5015.40478515625,13832.5224609375,3572.57055664063,5055.05434782609,13931.3260869565,3473.76766304348
74,validation,2003-04-01,1916.0,8951798.0,24643344.0,2301278.75,4758.681640625,13093.28125,3809.53662109375,4798.6,13191.8444444444,3710.9625
74,validation,2003-07-01,2007.0,9359946.0,25763936.0,2654384.5,4441.1201171875,12206.5107421875,3987.95727539063,4485.14285714286,12314.1978021978,3880.28296703297
74,validation,2003-10-01,2099.0,9745255.0,26824272.0,3032794.25,4144.62744140625,11407.6650390625,4230.89404296875,4188.14130434783,11525.3913043478,4113.14945652174
74,validation,2004-01-01,2191.0,10109295.0,27826508.0,3443450.5,3911.6376953125,10774.1640625,4583.36181640625,3956.95652173913,10893.8695652174,4463.65489130435
74,validation,2004-04-01,2282.0,10451652.0,28769572.0,3875571.0,3722.96411132813,10258.427734375,4853.47265625,3762.16483516484,10363.3406593407,4748.57692307692
74,validation,2004-07-01,2373.0,10777935.0,29668742.0,4328951.5,3557.89599609375,9811.5947265625,5051.611328125,3585.52747252747,9880.98901098901,4982.2032967033
74,validation,2004-10-01,2465.0,11092644.0,30537090.0,4804553.5,3390.48803710938,9370.9716796875,5237.17041015625,3420.75,9438.5652173913,5169.58695652174
74,validation,2005-01-01,2557.0,11392312.0,31365288.0,5298111.0,3233.19311523438,8948.7607421875,5418.14501953125,3257.26086956522,9002.15217391304,5364.75543478261
74,validation,2005-04-01,2647.0,11671268.0,32136728.0,5795178.5,3071.21948242188,8508.7529296875,5585.7744140625,3099.51111111111,8571.55555555555,5522.97222222222
74,validation,2005-07-01,2738.0,11935769.0,32868940.0,6312353.5,2877.60083007813,7956.15478515625,5718.98046875,2906.6043956044,8046.28571428571,5683.24175824176
74,validation,2005-10-01,2830.0,12188829.0,33566968.0,6844365.5,2725.95190429688,7511.40185546875,5811.1513671875,2750.65217391304,7587.26086956522,5782.73913043478
74,validation,2006-01-01,2922.0,12431481.0,34235224.0,7385239.0,2618.3095703125,7209.31298828125,5907.18896484375,2637.52173913043,7263.65217391304,5879.0597826087
74,validation,2006-04-01,3012.0,12661363.0,34868112.0,7923662.5,2536.70727539063,6983.595703125,6008.76953125,2554.24444444444,7032.08888888889,5982.48333333333
74,validation,2006-07-01,3103.0,12888215.0,35492576.0,8478825.0,2478.54248046875,6822.76708984375,6123.37841796875,2492.87912087912,6862.24175824176,6100.68681318681
74,validation,2006-10-01,3195.0,13113493.0,36112660.0,9049970.0,2429.46752929688,6686.6962890625,6238.9892578125,2448.67391304348,6740.04347826087,6208.09782608696
74,validation,2007-01-01,3287.0,13333922.0,36719128.0,9631983.0,2381.58081054688,6551.31396484375,6351.13330078125,2395.96739130435,6592.04347826087,6326.22826086957
74,validation,2007-04-01,3377.0,13545294.0,37300280.0,10210584.0,2334.6474609375,6417.87890625,6453.53564453125,2348.57777777778,6457.24444444444,6428.9
74,validation,2007-07-01,3468.0,13754839.0,37876148.0,10806035.0,2289.29663085938,6291.35107421875,6568.21337890625,2302.69230769231,6328.21978021978,6543.41758241758
74,validation,2007-10-01,3560.0,13962432.0,38446860.0,11418725.0,2242.63989257813,6166.28173828125,6685.83544921875,2256.44565217391,6203.39130434783,6659.67391304348
74,validation,2008-01-01,3652.0,14165544.0,39005584.0,12041958.0,2194.212890625,6036.61279296875,6799.41748046875,2207.73913043478,6073.08695652174,6774.27173913043
75,validation,1998-01-01,0.0,0.0,0.0,0.0,0.0,0.0,0.0,,,
75,validation,1998-04-01,90.0,0.0,0.0,0.0,0.0,0.0,0.0,0.0,0.0,0.0
75,validation,1998-07-01,181.0,0.0,0.0,0.0,0.0,0.0,0.0,0.0,0.0,0.0
75,validation,1998-10-01,273.0,0.0,0.0,0.0,0.0,0.0,0.0,0.0,0.0,0.0
75,validation,1999-01-01,365.0,518325.5,1426714.875,0.0,5633.97265625,15507.76953125,0.0,5633.97282608696,15507.7703804348,0.0
75,validation,1999-04-01,455.0,1017777.4375,2801479.25,0.0,5549.4658203125,15275.16015625,0.0,5549.46597222222,15275.1597222222,0.0
75,validation,1999-07-01,546.0,1528227.5,4206517.0,26.9770603179932,5609.01708984375,15439.0771484375,1.19151735305786,5609.34134615385,15439.9752747253,0.29645121228564
75,validation,1999-10-01,638.0,2041470.5,5619241.5,3195.9853515625,5560.85546875,15306.51171875,83.6398544311523,5578.72826086957,15355.7010869565,34.4457422961359
75,validation,2000-01-01,730.0,2552134.75,7024869.0,15986.2451171875,5540.34716796875,15250.060546875,167.519165039063,5550.69836956522,15278.5597826087,139.024562669837
75,validation,2000-04-01,821.0,3056553.5,8413304.0,47316.92578125,5492.19873046875,15117.5302734375,484.296997070313,5543.06318681319,15257.5274725275,344.293194110577
75,validation,2000-07-01,912.0,3548684.0,9767917.0,114430.5,5352.2744140625,14732.3828125,890.977600097656,5408.02747252747,14885.8571428571,737.511804601648
75,validation,2000-10-01,1004.0,4040182.25,11120788.0,219703.734375,5286.96533203125,14552.615234375,1296.783203125,5342.3722826087,14705.1195652174,1144.27428668478
75,validation,2001-01-01,1096.0,4529839.5,12468592.0,368038.375,5263.8486328125,14488.986328125,1773.38940429688,5322.36141304348,14650.0434782609,1612.33305027174
75,validation,2001-04-01,1186.0,5010087.5,13790497.0,556832.6875,5277.2236328125,14525.80078125,2259.75,5336.08888888889,14687.8333333333,2097.71458333333
75,validation,2001-07-01,1277.0,5490913.0,15113991.0,785569.9375,5235.3330078125,14410.49609375,2646.98583984375,5283.7967032967,14543.8901098901,2513.59615384615
75,validation,2001-10-01,1369.0,5969163.5,16430398.0,1047119.125,5151.25244140625,14179.0595703125,2972.64306640625,5198.375,14308.7717391304,2842.92595108696
75,validation,2002-01-01,1461.0,6440050.0,17726534.0,1341604.0,5074.24365234375,13967.0888671875,3322.26489257813,5118.33152173913,14088.4347826087,3200.92255434783
75,validation,2002-04-01,1551.0,6891928.0,18970350.0,1659855.875,4970.18408203125,13680.66015625,3675.64916992188,5020.86666666667,13820.1777777778,3536.13194444444
75,validation,2002-07-01,1642.0,7336313.5,20193540.0,2019867.0,4812.71875,13247.2294921875,4150.5947265625,4883.35714285714,13441.6483516484,3956.16620879121
75,validation,2002-10-01,1734.0,7766133.0,21376638.0,2445461.75,4552.1865234375,12530.103515625,4955.6884765625,4671.95108695652,12859.7608695652,4626.02989130435
75,validation,2003-01-01,1826.0,8167937.5,22482884.0,2940484.5,4285.02392578125,11803.7314453125,5601.36181640625,4367.4402173913,12024.4130434783,5380.68206521739
75,validation,2003-04-01,1916.0,8533494.0,23488840.0,3455782.0,4006.19677734375,11026.927734375,5875.890625,4061.73888888889,11177.2888888889,5725.52777777778
75,validation,2003-07-01,2007.0,8877280.0,24435122.0,3983198.0,3740.4013671875,10295.6181640625,5898.849609375,3777.86813186813,10398.7032967033,5795.78021978022
75,validation,2003-10-01,2099.0,9205299.0,25338312.0,4518754.5,3536.91650390625,9744.8154296875,5893.74365234375,3565.42391304348,9817.28260869565,5821.26630434783
75,validation,2004-01-01,2191.0,9519993.0,26205608.0,5064351.0,3392.57788085938,9353.2255859375,6004.30029296875,3420.58695652174,9427.13043478261,5930.39673913043
75,validation,2004-04-01,2282.0,9818953.0,27029810.0,5615332.0,3256.26416015625,8988.7978515625,6123.1025390625,3285.27472527473,9057.16483516483,6054.73626373626
75,validation,2004-07-01,2373.0,10104113.0,27818328.0,6179365.0,3107.36596679688,8608.03515625,6255.17138671875,3133.62637362637,8665.03296703297,6198.16483516484
75,validation,2004-10-01,2465.0,10378270.0,28577294.0,6763124.5,2952.56274414063,8169.92431640625,6397.318359375,2979.96739130435,8249.63043478261,6345.21195652174
75,validation,2005-01-01,2557.0,10638358.0,29294224.0,7360456.0,2809.04858398438,7736.201171875,6522.298828125,2827.04347826087,7792.71739130435,6492.73369565217
75,validation,2005-04-01,2647.0,10879693.0,29957856.0,7956737.5,2660.53686523438,7312.2412109375,6662.431640625,2681.5,7373.68888888889,6625.35
75,validation,2005-07-01,2738.0,11107346.0,30583400.0,8573019.0,2486.9033203125,6834.38916015625,6800.12890625,2501.68131868132,6874.10989010989,6772.32417582418
75,validation,2005-10-01,2830.0,11323707.0,31178268.0,9208084.0,2338.07739257813,6429.52392578125,6926.84326171875,2351.75,6465.95652173913,6902.88043478261
75,validation,2006-01-01,2922.0,11529748.0,31745044.0,9854362.0,2225.15991210938,6121.73583984375,7049.4736328125,2239.57608695652,6160.60869565217,7024.76086956522
75,validation,2006-04-01,3012.0,11723659.0,32278656.0,10497158.0,2139.37719726563,5887.6494140625,7166.447265625,2154.56666666667,5929.02222222222,7142.17777777778
75,validation,2006-07-01,3103.0,11913703.0,32801704.0,11158779.0,2071.87084960938,5702.3681640625,7295.64599609375,2088.3956043956,5747.78021978022,7270.56043956044
75,validation,2006-10-01,3195.0,12100615.0,33316152.0,11838956.0,2014.89782714844,5545.7529296875,7418.5595703125,2031.65217391304,5591.82608695652,7393.22826086957
75,validation,2007-01-01,3287.0,12282413.0,33816504.0,12529648.0,1959.80712890625,5393.7822265625,7532.21875,1976.0652173913,5438.60869565217,7507.52173913043
75,validation,2007-04-01,3377.0,12455249.0,34292192.0,13214319.0,1904.01745605469,5240.40625,7631.427734375,1920.4,5285.42222222222,7607.45555555556
75,validation,2007-07-01,3468.0,12624708.0,34758660.0,13917092.0,1845.62609863281,5080.81494140625,7746.9931640625,1862.18681318681,5126.02197802198,7722.78021978022
75,validation,2007-10-01,3560.0,12790668.0,35215616.0,14637617.0,1787.53491210938,4922.14208984375,7854.7744140625,1803.91304347826,4966.91304347826,7831.79347826087
75,validation,2008-01-01,3652.0,12951416.0,35658252.0,15367602.0,1732.59265136719,4770.673828125,7956.70068359375,1747.26086956522,4811.26086956522,7934.61956521739
76,validation,1998-01-01,0.0,0.0,0.0,0.0,0.0,0.0,0.0,,,
76,validation,1998-04-01,90.0,0.0,0.0,0.0,0.0,0.0,0.0,0.0,0.0,0.0
76,validation,1998-07-01,181.0,0.0,0.0,0.0,0.0,0.0,0.0,0.0,0.0,0.0
76,validation,1998-10-01,273.0,0.0,0.0,0.0,0.0,0.0,0.0,0.0,0.0,0.0
76,validation,1999-01-01,365.0,518325.5,1426714.875,0.0,5633.97265625,15507.76953125,0.0,5633.97282608696,15507.7703804348,0.0
76,validation,1999-04-01,455.0,1017777.4375,2801479.25,0.0,5549.4658203125,15275.16015625,0.0,5549.46597222222,15275.1597222222,0.0
76,validation,1999-07-01,546.0,1528237.375,4206543.5,0.0,5609.44970703125,15440.26953125,0.0,5609.44986263736,15440.2664835165,0.0
76,validation,1999-10-01,638.0,2042616.375,5622395.5,42.0404624938965,5590.49072265625,15388.0830078125,2.06837582588196,5591.07608695652,15389.6956521739,0.456961548846701
76,validation,2000-01-01,730.0,2556042.25,7035624.5,5230.5859375,5567.4228515625,15324.5888671875,92.9914169311523,5580.7160326087,15361.1847826087,56.3972334239794
76,validation,2000-04-01,821.0,3067424.0,8443226.0,17395.26171875,5612.8681640625,15449.677734375,152.149383544922,5619.57967032967,15468.1483516484,133.677755837912
76,validation,2000-07-01,912.0,3576147.0,9843509.0,38837.62109375,5567.0966796875,15323.6904296875,299.669128417969,5590.36263736264,15387.7252747253,235.630322802198
76,validation,2000-10-01,1004.0,4088344.25,11253356.0,87135.703125,5521.17626953125,15197.2919921875,652.1064453125,5567.36141304348,15324.4239130435,524.979152513587
76,validation,2001-01-01,1096.0,4601089.0,12664710.0,171920.03125,5528.646484375,15217.853515625,1044.52160644531,5573.3125,15340.8043478261,921.568783967391
76,validation,2001-04-01,1186.0,5106452.5,14055747.0,291583.3125,5565.193359375,15318.451171875,1467.099609375,5615.15,15455.9666666667,1329.59201388889
76,validation,2001-07-01,1277.0,5612760.5,15449382.0,450179.21875,5504.73095703125,15152.025390625,1905.45654296875,5563.82417582418,15314.6703296703,1742.81215659341
76,validation,2001-10-01,1369.0,6115375.5,16832852.0,644664.875,5410.072265625,14891.4736328125,2260.22900390625,5463.20652173913,15037.7173913043,2113.97452445652
76,validation,2002-01-01,1461.0,6610668.0,18196168.0,871969.0625,5341.3671875,14702.359375,2586.994140625,5383.61413043478,14818.652173913,2470.69769021739
76,validation,2002-04-01,1551.0,7087844.0,19509618.0,1120588.75,5261.31298828125,14482.0068359375,2874.30297851563,5301.95555555556,14593.8888888889,2762.44097222222
76,validation,2002-07-01,1642.0,7561715.0,20813970.0,1399438.625,5171.333984375,14234.3359375,3163.48876953125,5207.37362637363,14333.5384615385,3064.28434065934
76,validation,2002-10-01,1734.0,8034091.5,22114320.0,1707780.875,5096.935546875,14034.1875,3451.60424804688,5134.52717391304,14134.2391304348,3351.54619565217
76,validation,2003-01-01,1826.0,8494438.0,23381476.0,2041893.375,4962.75439453125,13667.45703125,3737.63623046875,5003.76630434783,13773.4347826087,3631.65760869565
76,validation,2003-04-01,1916.0,8920243.0,24553384.0,2391238.5,4694.81005859375,12922.431640625,3980.38671875,4731.16666666667,13021.2,3881.6125
76,validation,2003-07-01,2007.0,9320337.0,25654658.0,2763661.25,4356.224609375,11990.701171875,4203.76708984375,4396.63736263736,12101.9120879121,4092.55769230769
76,validation,2003-10-01,2099.0,9697982.0,26694144.0,3162923.25,4057.74072265625,11169.1181640625,4469.4404296875,4104.83695652174,11298.7608695652,4339.80434782609
76,validation,2004-01-01,2191.0,10054511.0,27675504.0,3594455.25,3838.66430664063,10566.1005859375,4791.42578125,3875.3152173913,10666.9565217391,4690.5652173913
76,validation,2004-04-01,2282.0,10390549.0,28600464.0,4044677.75,3660.08374023438,10074.548828125,5037.3505859375,3692.72527472527,10164.3956043956,4947.5
76,validation,2004-07-01,2373.0,10711511.0,29483928.0,4513765.5,3499.87036132813,9633.5546875,5229.6513671875,3527.05494505495,9708.3956043956,5154.81043956044
76,validation,2004-10-01,2465.0,11021074.0,30336072.0,5005570.5,3338.85595703125,9193.3828125,5414.7587890625,3364.8152173913,9262.4347826087,5345.70652173913
76,validation,2005-01-01,2557.0,11316102.0,31148622.0,5514777.0,3182.494140625,8772.8408203125,5594.06494140625,3206.82608695652,8832.0652173913,5534.85326086957
76,validation,2005-04-01,2647.0,11590017.0,31903438.0,6028467.5,3022.31640625,8332.1123046875,5762.41455078125,3043.5,8386.84444444444,5707.67222222222
76,validation,2005-07-01,2738.0,11850894.0,32622162.0,6560647.0,2851.9140625,7858.6220703125,5887.56640625,2866.78021978022,7898.06593406593,5848.12637362637
76,validation,2005-10-01,2830.0,12100836.0,33310440.0,7109515.5,2704.72241210938,7450.6787109375,5996.55908203125,2716.76086956522,7481.28260869565,5965.96195652174
76,validation,2006-01-01,2922.0,12340705.0,33970780.0,7667952.0,2596.44702148438,7149.61669921875,6097.96337890625,2607.27173913043,7177.60869565217,6069.96195652174
76,validation,2006-04-01,3012.0,12568247.0,34597304.0,8223987.0,2518.70483398438,6938.806640625,6200.71826171875,2528.24444444444,6961.37777777778,6178.16666666667
76,validation,2006-07-01,3103.0,12793976.0,35218924.0,8796062.0,2464.15258789063,6795.716796875,6321.82861328125,2480.53846153846,6830.98901098901,6286.53846153846
76,validation,2006-10-01,3195.0,13017568.0,35835688.0,9386586.0,2417.23046875,6675.6376953125,6447.06591796875,2430.34782608696,6703.95652173913,6418.73913043478
76,validation,2007-01-01,3287.0,13236536.0,36439580.0,9988252.0,2367.10546875,6534.51416015625,6569.37451171875,2380.08695652174,6564.04347826087,6539.84782608696
76,validation,2007-04-01,3377.0,13446288.0,37017920.0,10586756.0,2318.14624023438,6397.57666015625,6678.45556640625,2330.57777777778,6426.0,6650.04444444444
76,validation,2007-07-01,3468.0,13653990.0,37590656.0,11202915.0,2269.23510742188,6263.70361328125,6801.09423828125,2282.43956043956,6293.8021978022,6770.97802197802
76,validation,2007-10-01,3560.0,13859177.0,38156784.0,11837051.0,2216.3115234375,6120.9892578125,6922.77001953125,2230.29347826087,6153.5652173913,6892.78260869565
76,validation,2008-01-01,3652.0,14059270.0,38708396.0,12481527.0,2159.98999023438,5951.66162109375,7029.7265625,2174.92391304348,5995.78260869565,7005.17391304348
77,validation,1998-01-01,0.0,0.0,0.0,0.0,0.0,0.0,0.0,,,
77,validation,1998-04-01,90.0,0.0,0.0,0.0,0.0,0.0,0.0,0.0,0.0,0.0
77,validation,1998-07-01,181.0,0.0,0.0,0.0,0.0,0.0,0.0,0.0,0.0,0.0
77,validation,1998-10-01,273.0,0.0,0.0,0.0,0.0,0.0,0.0,0.0,0.0,0.0
77,validation,1999-01-01,365.0,518325.5,1426714.875,0.0,5633.97265625,15507.76953125,0.0,5633.97282608696,15507.7703804348,0.0
77,validation,1999-04-01,455.0,1017777.4375,2801479.25,0.0,5549.4658203125,15275.16015625,0.0,5549.46597222222,15275.1597222222,0.0
77,validation,1999-07-01,546.0,1528237.375,4206543.5,0.00676498562097549,5609.44970703125,15440.2685546875,0.000400181423174217,5609.44986263736,15440.2664835165,7.4340501329401e-05
77,validation,1999-10-01,638.0,2042010.625,5620728.5,1709.17907714844,5570.31298828125,15332.54296875,57.6081771850586,5584.49184782609,15371.5760869565,18.5779599148132
77,validation,2000-01-01,730.0,2553380.75,7028298.5,12556.564453125,5549.8857421875,15276.31640625,141.263900756836,5558.37092391304,15299.6739130435,117.906362782354
77,validation,2000-04-01,821.0,3061417.5,8426693.0,33928.75,5546.79443359375,15267.806640625,334.020599365234,5582.82142857143,15366.9725274725,234.859181833791
77,validation,2000-07-01,912.0,3558978.0,9796251.0,86096.15625,5414.865234375,14904.666015625,718.693908691406,5467.6978021978,15050.0879120879,573.268200549451
77,validation,2000-10-01,1004.0,4056287.0,11165117.0,175374.875,5354.20947265625,14737.7080078125,1111.69091796875,5405.53260869565,14878.9782608696,970.420855978261
77,validation,2001-01-01,1096.0,4552788.0,12531759.0,304870.96875,5333.17041015625,14679.796875,1582.57849121094,5396.75,14854.8043478261,1407.56623641304
77,validation,2001-04-01,1186.0,5039116.0,13870399.0,476930.78125,5343.0947265625,14707.115234375,2078.43603515625,5403.64444444444,14873.7777777778,1911.77569444444
77,validation,2001-07-01,1277.0,5525743.0,15209863.0,689697.75,5294.423828125,14573.1455078125,2484.33618164063,5347.54945054945,14719.3846153846,2338.09855769231
77,validation,2001-10-01,1369.0,6009639.0,16541809.0,935708.3125,5211.19287109375,14344.0478515625,2807.65478515625,5259.73913043478,14477.6739130435,2674.02785326087
77,validation,2002-01-01,1461.0,6486071.0,17853210.0,1214928.375,5134.25390625,14132.26953125,3157.083984375,5178.60869565217,14254.3586956522,3035.00067934783
77,validation,2002-04-01,1551.0,6943623.0,19112642.0,1517562.875,5043.4248046875,13882.259765625,3474.05029296875,5083.91111111111,13993.6888888889,3362.60555555556
77,validation,2002-07-01,1642.0,7396505.0,20359220.0,1854187.25,4926.45166015625,13560.28515625,3837.5390625,4976.72527472528,13698.6593406593,3699.16895604396
77,validation,2002-10-01,1734.0,7842754.0,21587542.0,2234559.25,4781.52392578125,13161.365234375,4324.4267578125,4850.53260869565,13351.3260869565,4134.47826086957
77,validation,2003-01-01,1826.0,8263808.0,22746514.0,2676856.0,4484.216796875,12343.013671875,5062.07958984375,4576.67391304348,12597.5217391304,4807.57336956522
77,validation,2003-04-01,1916.0,8642541.0,23788992.0,3155630.25,4140.59130859375,11397.16796875,5505.6494140625,4208.14444444444,11583.0888888889,5319.71388888889
77,validation,2003-07-01,2007.0,8996723.0,24763896.0,3654423.5,3849.51171875,10595.958984375,5598.50927734375,3892.10989010989,10713.2307692308,5481.24450549451
77,validation,2003-10-01,2099.0,9334079.0,25692482.0,4164584.5,3633.62329101563,10001.7158203125,5636.84326171875,3666.91304347826,10093.3260869565,5545.22826086957
77,validation,2004-01-01,2191.0,9656426.0,26579876.0,4690083.5,3472.43798828125,9563.2802734375,5794.24609375,3503.77173913043,9645.58695652174,5711.94565217391
77,validation,2004-04-01,2282.0,9961901.0,27421760.0,5223382.5,3331.82763671875,9187.7998046875,5924.1005859375,3356.86813186813,9251.47252747253,5860.42857142857
77,validation,2004-07-01,2373.0,10254988.0,28230078.0,5767616.0,3191.76171875,8820.4619140625,6042.744140625,3220.73626373626,8882.61538461538,5980.58791208791
77,validation,2004-10-01,2465.0,10537156.0,29010710.0,6330933.0,3043.58984375,8436.54296875,6171.599609375,3067.04347826087,8485.13043478261,6123.01086956522
77,validation,2005-01-01,2557.0,10806403.0,29755756.0,6907055.0,2905.6796875,8043.81982421875,6305.56689453125,2926.59782608696,8098.32608695652,6262.19565217391
77,validation,2005-04-01,2647.0,11056105.0,30444140.0,7482301.0,2757.04028320313,7590.72900390625,6420.81396484375,2774.46666666667,7648.71111111111,6391.62222222222
77,validation,2005-07-01,2738.0,11293304.0,31096154.0,8074903.5,2588.70874023438,7111.95703125,6543.517578125,2606.58241758242,7164.98901098901,6512.11538461538
77,validation,2005-10-01,2830.0,11519335.0,31717080.0,8686059.0,2439.70678710938,6703.45849609375,6675.3779296875,2456.85869565217,6749.19565217391,6642.99456521739
77,validation,2006-01-01,2922.0,11734694.0,32309114.0,9309394.0,2326.42919921875,6396.5537109375,6800.62890625,2340.85869565217,6435.15217391304,6775.38043478261
77,validation,2006-04-01,3012.0,11937728.0,32867504.0,9930166.0,2240.81274414063,6163.18408203125,6923.0732421875,2255.93333333333,6204.33333333333,6897.46666666667
77,validation,2006-07-01,3103.0,12136969.0,33415614.0,10569946.0,2172.63647460938,5977.3701171875,7056.82080078125,2189.46153846154,6023.18681318681,7030.54945054945
77,validation,2006-10-01,3195.0,12333025.0,33955048.0,11228638.0,2113.5869140625,5815.4931640625,7187.0595703125,2131.04347826087,5863.41304347826,7159.69565217391
77,validation,2007-01-01,3287.0,12523728.0,34479764.0,11898317.0,2055.85522460938,5656.6044921875,7305.2509765625,2072.85869565217,5703.4347826087,7279.11956521739
77,validation,2007-04-01,3377.0,12704976.0,34978564.0,12563104.0,1996.80847167969,5495.6982421875,7412.36328125,2013.86666666667,5542.22222222222,7386.52222222222
77,validation,2007-07-01,3468.0,12882882.0,35468296.0,13245714.0,1938.42199707031,5336.2958984375,7524.4365234375,1955.01098901099,5381.67032967033,7501.20879120879
77,validation,2007-10-01,3560.0,13057244.0,35948372.0,13945598.0,1878.49816894531,5172.2841796875,7629.82666015625,1895.23913043478,5218.21739130435,7607.4347826087
77,validation,2008-01-01,3652.0,13226427.0,36414244.0,14654760.0,1823.73205566406,5022.01123046875,7731.06396484375,1838.94565217391,5063.82608695652,7708.28260869565
78,validation,1998-01-01,0.0,0.0,0.0,0.0,0.0,0.0,0.0,,,
78,validation,1998-04-01,90.0,0.0,0.0,0.0,0.0,0.0,0.0,0.0,0.0,0.0
78,validation,1998-07-01,181.0,0.0,0.0,0.0,0.0,0.0,0.0,0.0,0.0,0.0
78,validation,1998-10-01,273.0,0.0,0.0,0.0,0.0,0.0,0.0,0.0,0.0,0.0
78,validation,1999-01-01,365.0,518325.5,1426714.875,0.0,5633.97265625,15507.76953125,0.0,5633.97282608696,15507.7703804348,0.0
78,validation,1999-04-01,455.0,1017777.4375,2801479.25,0.0,5549.4658203125,15275.16015625,0.0,5549.46597222222,15275.1597222222,0.0
78,validation,1999-07-01,546.0,1528234.5,4206536.0,7.97297668457031,5609.3251953125,15439.92578125,0.343399435281754,5609.41826923077,15440.1840659341,0.0876151284018715
78,validation,1999-10-01,638.0,2041679.25,5619816.5,2621.23559570313,5563.046875,15312.54296875,77.6085815429688,5580.92119565217,15361.7445652174,28.405028467593
78,validation,2000-01-01,730.0,2552729.25,7026505.5,14349.7119140625,5544.4716796875,15261.4140625,156.166015625,5554.89130434783,15290.097826087,127.483438243037
78,validation,2000-04-01,821.0,3058657.0,8419094.0,41527.1171875,5510.61865234375,15168.232421875,433.595489501953,5559.6456043956,15303.1703296703,298.65280520261
78,validation,2000-07-01,912.0,3552748.0,9779102.0,103244.5625,5372.4013671875,14787.7822265625,835.577453613281,5429.57142857143,14945.1428571429,678.213684752747
78,validation,2000-10-01,1004.0,4046084.25,11137033.0,203458.4375,5312.6171875,14623.2236328125,1226.17492675781,5362.35054347826,14760.1195652174,1089.28125
78,validation,2001-01-01,1096.0,4538119.0,12491382.0,345248.21875,5287.66064453125,14554.5302734375,1707.84545898438,5348.20380434783,14721.1847826087,1541.19327445652
78,validation,2001-04-01,1186.0,5020554.0,13819306.0,528023.5625,5301.35693359375,14592.2294921875,2193.3212890625,5360.38888888889,14754.7111111111,2030.83715277778
78,validation,2001-07-01,1277.0,5503629.0,15148992.0,750568.625,5258.5517578125,14474.40625,2583.07543945313,5308.51648351648,14611.9340659341,2445.55013736264
78,validation,2001-10-01,1369.0,5984045.0,16471360.0,1006157.3125,5176.17333984375,14247.65625,2904.04663085938,5221.91304347826,14373.5652173913,2778.1379076087
78,validation,2002-01-01,1461.0,6457719.5,17775170.0,1292967.5,5101.31396484375,14041.6015625,3247.75244140625,5148.63586956522,14171.847826087,3117.50203804348
78,validation,2002-04-01,1551.0,6912403.0,19026708.0,1603497.875,5005.79345703125,13778.677734375,3577.63208007813,5052.03888888889,13905.9777777778,3450.3375
78,validation,2002-07-01,1642.0,7360758.0,20260826.0,1952582.375,4867.5595703125,13398.1826171875,3999.64233398438,4926.97802197802,13561.7362637363,3836.09340659341
78,validation,2002-10-01,1734.0,7798659.5,21466170.0,2355930.75,4659.79638671875,12826.3037109375,4659.48779296875,4759.79891304348,13101.5652173913,4384.2214673913
78,validation,2003-01-01,1826.0,8207690.0,22592494.0,2830876.0,4357.078125,12004.1923828125,5400.90087890625,4445.98369565217,12242.652173913,5162.44836956522
78,validation,2003-04-01,1916.0,8578545.0,23612876.0,3331746.0,4058.53564453125,11173.689453125,5729.12841796875,4120.61111111111,11337.5777777778,5565.22222222222
78,validation,2003-07-01,2007.0,8926520.0,24570684.0,3847634.75,3786.41333007813,10423.3623046875,5771.10595703125,3823.9010989011,10525.3626373626,5669.10714285714
78,validation,2003-10-01,2099.0,9258633.0,25485212.0,4371854.0,3573.00366210938,9845.09375,5793.4658203125,3609.92391304348,9940.52173913043,5698.03532608696
78,validation,2004-01-01,2191.0,9576014.0,26359900.0,4910059.5,3425.810546875,9444.341796875,5913.18408203125,3449.79347826087,9507.47826086957,5850.0597826087
78,validation,2004-04-01,2282.0,9877501.0,27191800.0,5453343.0,3278.0185546875,9071.646484375,6040.25341796875,3313.04395604396,9141.75824175824,5970.14835164835
78,validation,2004-07-01,2373.0,10164907.0,27988150.0,6009545.0,3130.13452148438,8687.751953125,6175.4541015625,3158.30769230769,8751.0989010989,6112.10989010989
78,validation,2004-10-01,2465.0,10440893.0,28751184.0,6584041.5,2973.10620117188,8201.1875,6277.70556640625,2999.84782608696,8293.84782608696,6244.52717391304
78,validation,2005-01-01,2557.0,10703782.0,29475090.0,7169740.5,2835.6845703125,7805.26953125,6400.71875,2857.48913043478,7868.54347826087,6366.29347826087
78,validation,2005-04-01,2647.0,10947548.0,30145512.0,7754788.0,2688.56201171875,7391.4697265625,6536.1474609375,2708.51111111111,7449.13333333333,6500.52777777778
78,validation,2005-07-01,2738.0,11177856.0,30778258.0,8359277.0,2516.12109375,6912.294921875,6669.93896484375,2530.85714285714,6953.25274725275,6642.73626373626
78,validation,2005-10-01,2830.0,11396866.0,31380150.0,8982766.0,2367.08935546875,6506.72265625,6801.7626953125,2380.54347826087,6542.30434782609,6777.05434782609
78,validation,2006-01-01,2922.0,11605709.0,31954478.0,9617353.0,2255.95874023438,6204.76513671875,6922.14013671875,2270.03260869565,6242.69565217391,6897.6847826087
78,validation,2006-04-01,3012.0,11802480.0,32495842.0,10248819.0,2171.75146484375,5975.69140625,7040.5380859375,2186.34444444444,6015.15555555556,7016.28888888889
78,validation,2006-07-01,3103.0,11995547.0,33027156.0,10899004.0,2105.005859375,5793.0625,7170.888671875,2121.61538461538,5838.61538461538,7144.89010989011
78,validation,2006-10-01,3195.0,12185492.0,33549912.0,11567802.0,2047.9267578125,5636.18994140625,7294.98876953125,2064.61956521739,5682.13043478261,7269.54347826087
78,validation,2007-01-01,3287.0,12370320.0,34058592.0,12247141.0,1992.73498535156,5484.30078125,7409.3115234375,2009.0,5529.13043478261,7384.11956521739
78,validation,2007-04-01,3377.0,12546275.0,34542832.0,12920630.0,1939.388671875,5337.36669921875,7506.201171875,1955.05555555556,5380.44444444444,7483.21111111111
78,validation,2007-07-01,3468.0,12719103.0,35018532.0,13611796.0,1882.82946777344,5182.81787109375,7619.60498046875,1899.20879120879,5227.47252747253,7595.23076923077
78,validation,2007-10-01,3560.0,12888571.0,35485112.0,14320528.0,1825.7294921875,5026.8701171875,7726.85009765625,1842.04347826087,5071.52173913043,7703.60869565217
78,validation,2008-01-01,3652.0,13052774.0,35937268.0,15038658.0,1769.88293457031,4873.5869140625,7827.99609375,1784.8152173913,4914.73913043478,7805.76086956522
79,validation,1998-01-01,0.0,0.0,0.0,0.0,0.0,0.0,0.0,,,
79,validation,1998-04-01,90.0,0.0,0.0,0.0,0.0,0.0,0.0,0.0,0.0,0.0
79,validation,1998-07-01,181.0,0.0,0.0,0.0,0.0,0.0,0.0,0.0,0.0,0.0
79,validation,1998-10-01,273.0,0.0,0.0,0.0,0.0,0.0,0.0,0.0,0.0,0.0
79,validation,1999-01-01,365.0,518325.5,1426714.875,0.0,5633.97265625,15507.76953125,0.0,5633.97282608696,15507.7703804348,0.0
79,validation,1999-04-01,455.0,1017777.4375,2801479.25,0.0,5549.4658203125,15275.16015625,0.0,5549.46597222222,15275.1597222222,0.0
79,validation,1999-07-01,546.0,1528237.25,4206543.5,0.345151573419571,5609.44384765625,15440.251953125,0.0168304089456797,5609.44848901099,15440.2664835165,0.0037928744331821
79,validation,1999-10-01,638.0,2042367.875,5621712.0,725.804931640625,5579.82421875,15358.7236328125,31.4273433685303,5588.37635869565,15382.2663043478,7.88543239203484
79,validation,2000-01-01,730.0,2554489.75,7031351.0,9504.1865234375,5555.34716796875,15291.3486328125,126.231292724609,5566.54211956522,15322.1630434783,95.4171912151834
79,validation,2000-04-01,821.0,3064260.75,8434519.0,26102.1484375,5580.7880859375,15361.376953125,240.45051574707,5601.87912087912,15419.4285714286,182.395185868819
79,validation,2000-07-01,912.0,3565985.75,9815540.0,66807.046875,5464.36181640625,15040.9072265625,582.452453613281,5513.46153846154,15176.0549450549,447.306576236264
79,validation,2000-10-01,1004.0,4067474.25,11195911.0,144581.109375,5405.76904296875,14879.6279296875,969.77099609375,5450.96195652174,15004.0326086957,845.370244565217
79,validation,2001-01-01,1096.0,4569059.5,12576548.0,260082.765625,5400.5810546875,14865.34765625,1397.02758789063,5452.01358695652,15006.9239130435,1255.45278532609
79,validation,2001-04-01,1186.0,5061435.5,13931835.0,415495.0,5411.1015625,14894.306640625,1891.24401855469,5470.84444444444,15058.7444444444,1726.80260416667
79,validation,2001-07-01,1277.0,5554245.5,15288316.0,611244.625,5359.7060546875,14752.837890625,2304.64428710938,5415.49450549451,14906.3846153846,2151.09478021978
79,validation,2001-10-01,1369.0,6044162.5,16636835.0,840681.875,5278.13427734375,14528.3076171875,2623.39501953125,5325.1847826087,14657.8152173913,2493.88315217391
79,validation,2002-01-01,1461.0,6527492.0,17967224.0,1100914.75,5210.2841796875,14341.5478515625,2947.80590820313,5253.58152173913,14460.75,2828.61820652174
79,validation,2002-04-01,1551.0,6992564.0,19247354.0,1382851.375,5126.40185546875,14110.6572265625,3245.65283203125,5167.46666666667,14223.6666666667,3132.62916666667
79,validation,2002-07-01,1642.0,7454197.5,20518022.0,1695385.125,5031.84912109375,13850.3974609375,3547.42749023438,5072.8956043956,13963.3846153846,3434.43681318681
79,validation,2002-10-01,1734.0,7912415.0,21779288.0,2042813.0,4926.62060546875,13560.7509765625,3925.041015625,4980.625,13709.4130434783,3776.38994565217
79,validation,2003-01-01,1826.0,8353711.0,22993974.0,2429394.75,4726.11572265625,13008.8515625,4396.2412109375,4796.69565217391,13203.1086956522,4201.97554347826
79,validation,2003-04-01,1916.0,8750346.0,24085730.0,2858893.0,4330.896484375,11920.9912109375,4981.826171875,4407.05555555556,12130.6222222222,4772.20277777778
79,validation,2003-07-01,2007.0,9117791.0,25097140.0,3321179.0,3985.69458007813,10970.8076171875,5223.66015625,4037.85714285714,11114.3956043956,5080.06593406593
79,validation,2003-10-01,2099.0,9466546.0,26057106.0,3799961.75,3750.1494140625,10322.458984375,5316.10009765625,3790.8152173913,10434.4130434783,5204.16032608696
79,validation,2004-01-01,2191.0,9799100.0,26972476.0,4297483.5,3587.3701171875,9874.40234375,5483.1240234375,3614.71739130435,9949.67391304348,5407.84510869565
79,validation,2004-04-01,2282.0,10114450.0,27840490.0,4804651.5,3437.76220703125,9462.5986328125,5649.30126953125,3465.38461538462,9538.61538461538,5573.27472527472
79,validation,2004-07-01,2373.0,10416261.0,28671238.0,5326456.0,3295.6513671875,9071.431640625,5791.77392578125,3316.6043956044,9129.0989010989,5734.11538461538
79,validation,2004-10-01,2465.0,10708585.0,29475874.0,5865769.5,3157.34155273438,8690.728515625,5917.41357421875,3177.4347826087,8746.04347826087,5862.10326086957
79,validation,2005-01-01,2557.0,10988362.0,30245972.0,6417425.5,3023.98681640625,8323.6630859375,6043.2431640625,3041.05434782609,8370.63043478261,5996.26086956522
79,validation,2005-04-01,2647.0,11248596.0,30962436.0,6969470.5,2877.79028320313,7926.1796875,6168.34716796875,2891.48888888889,7960.71111111111,6133.83333333333
79,validation,2005-07-01,2738.0,11496323.0,31644468.0,7538340.0,2710.220703125,7464.49658203125,6281.6923828125,2722.27472527473,7494.85714285714,6251.31318681319
79,validation,2005-10-01,2830.0,11732923.0,32295418.0,8124537.0,2563.22241210938,7051.97900390625,6395.2587890625,2571.73913043478,7075.54347826087,6371.70652173913
79,validation,2006-01-01,2922.0,11959139.0,32918020.0,8720712.0,2446.91284179688,6734.96826171875,6512.61181640625,2458.86956521739,6767.41304347826,6480.16304347826
79,validation,2006-04-01,3012.0,12172631.0,33505658.0,9315631.0,2361.74536132813,6500.78076171875,6638.744140625,2372.13333333333,6529.31111111111,6610.21111111111
79,validation,2006-07-01,3103.0,12383193.0,34085240.0,9929745.0,2303.21728515625,6339.70751953125,6777.83740234375,2313.86813186813,6369.03296703297,6748.50549450549
79,validation,2006-10-01,3195.0,12591714.0,34659204.0,10563071.0,2255.4072265625,6208.11181640625,6914.59228515625,2266.53260869565,6238.73913043478,6883.97826086957
79,validation,2007-01-01,3287.0,12795387.0,35219824.0,11208008.0,2203.02954101563,6063.9404296875,7039.94873046875,2213.83695652174,6093.69565217391,7010.1847826087
79,validation,2007-04-01,3377.0,12990040.0,35755616.0,11849061.0,2152.23291015625,5924.1201171875,7151.91162109375,2162.81111111111,5953.24444444444,7122.81111111111
79,validation,2007-07-01,3468.0,13182309.0,36284908.0,12508664.0,2102.42211914063,5788.40087890625,7276.3974609375,2112.84615384615,5816.3956043956,7248.38461538462
79,validation,2007-10-01,3560.0,13372211.0,36807804.0,13186268.0,2052.84716796875,5655.55078125,7393.38330078125,2064.15217391304,5683.65217391304,7365.26086956522
79,validation,2008-01-01,3652.0,13557620.0,37318572.0,13874174.0,2003.95544433594,5524.658203125,7504.40576171875,2015.3152173913,5551.82608695652,7477.23913043478
80,validation,1998-01-01,0.0,0.0,0.0,0.0,0.0,0.0,0.0,,,
80,validation,1998-04-01,90.0,0.0,0.0,0.0,0.0,0.0,0.0,0.0,0.0,0.0
80,validation,1998-07-01,181.0,0.0,0.0,0.0,0.0,0.0,0.0,0.0,0.0,0.0
80,validation,1998-10-01,273.0,0.0,0.0,0.0,0.0,0.0,0.0,0.0,0.0,0.0
80,validation,1999-01-01,365.0,518325.5,1426714.875,0.0,5633.97265625,15507.76953125,0.0,5633.97282608696,15507.7703804348,0.0
80,validation,1999-04-01,455.0,1017777.4375,2801479.25,0.0,5549.4658203125,15275.16015625,0.0,5549.46597222222,15275.1597222222,0.0
80,validation,1999-07-01,546.0,1528080.5,4206112.0,431.536041259766,5599.24365234375,15412.17578125,28.0931148529053,5607.72596153846,15435.5247252747,4.74215429955787
80,validation,1999-10-01,638.0,2038956.75,5612322.5,10115.2021484375,5538.529296875,15245.056640625,145.094116210938,5553.0027173913,15284.8967391304,105.25724029541
80,validation,2000-01-01,730.0,2545486.5,7006569.0,34285.9609375,5451.13232421875,15004.4931640625,413.086730957031,5505.75815217391,15154.8532608696,262.725639011549
80,validation,2000-04-01,821.0,3037811.0,8361714.5,98906.7109375,5345.57421875,14713.939453125,887.887878417969,5410.15934065934,14891.7087912088,710.118131868132
80,validation,2000-07-01,912.0,3516771.5,9680075.0,202271.703125,5197.3525390625,14305.953125,1317.4072265625,5263.3021978022,14487.478021978,1135.87903502747
80,validation,2000-10-01,1004.0,3992679.0,10990033.0,350458.4375,5105.837890625,14054.0546875,1795.34460449219,5172.90760869565,14238.6739130435,1610.7253736413
80,validation,2001-01-01,1096.0,4465819.5,12292374.0,544256.0,5081.681640625,13987.5634765625,2274.81225585938,5142.83152173913,14155.8804347826,2106.49524456522
80,validation,2001-04-01,1186.0,4928803.5,13566759.0,780571.0,5088.32568359375,14005.8505859375,2779.70043945313,5144.26666666667,14159.8333333333,2625.72222222222
80,validation,2001-07-01,1277.0,5390500.0,14838526.0,1061034.25,5013.4091796875,13828.443359375,3229.03833007813,5073.58791208791,13975.4615384615,3082.01373626374
80,validation,2001-10-01,1369.0,5844397.0,16094404.0,1383113.0,4866.45703125,13497.1357421875,3654.56762695313,4933.66304347826,13650.847826087,3500.85597826087
80,validation,2002-01-01,1461.0,6280730.5,17297580.0,1752399.125,4643.89599609375,12777.3701171875,4241.38671875,4742.75543478261,13078.0,4013.97961956522
80,validation,2002-04-01,1551.0,6682086.5,18402282.0,2180195.75,4331.53076171875,11924.421875,5055.53759765625,4459.51111111111,12274.4666666667,4753.29583333333
80,validation,2002-07-01,1642.0,7062688.0,19450176.0,2677254.5,4072.39672851563,11212.7724609375,5697.0537109375,4182.43406593407,11515.3186813187,5462.18406593407
80,validation,2002-10-01,1734.0,7425174.5,20448270.0,3227493.75,3839.75048828125,10572.798828125,6099.97119140625,3940.07065217391,10848.847826087,5980.86141304348
80,validation,2003-01-01,1826.0,7766409.5,21387862.0,3804820.5,3634.43481445313,10007.6298828125,6388.576171875,3709.07608695652,10212.9565217391,6275.29076086957
80,validation,2003-04-01,1916.0,8084917.0,22264864.0,4395977.0,3477.52392578125,9574.5751953125,6662.8935546875,3538.97222222222,9744.46666666667,6568.40555555556
80,validation,2003-07-01,2007.0,8385696.0,23092894.0,4986184.5,3268.30346679688,8997.2412109375,6543.4609375,3305.26373626374,9099.23076923077,6485.7967032967
80,validation,2003-10-01,2099.0,8672592.0,23882560.0,5574096.5,3085.36059570313,8491.1337890625,6441.60302734375,3118.4347826087,8583.32608695652,6390.34782608696
80,validation,2004-01-01,2191.0,8945730.0,24634082.0,6168260.0,2937.13818359375,8078.82568359375,6512.12548828125,2968.89130434783,8168.71739130435,6458.29891304348
80,validation,2004-04-01,2282.0,9202486.0,25339808.0,6766284.0,2796.7666015625,7685.3486328125,6615.970703125,2821.49450549451,7755.23076923077,6571.69230769231
80,validation,2004-07-01,2373.0,9446543.0,26010708.0,7374506.5,2658.70703125,7310.62060546875,6725.14013671875,2681.94505494505,7372.52747252747,6683.76373626374
80,validation,2004-10-01,2465.0,9680179.0,26653342.0,8000612.0,2516.75415039063,6923.8193359375,6846.505859375,2539.52173913043,6985.15217391304,6805.49456521739
80,validation,2005-01-01,2557.0,9900819.0,27260422.0,8639843.0,2374.95629882813,6534.90966796875,6986.54248046875,2398.26086956522,6598.69565217391,6948.16304347826
80,validation,2005-04-01,2647.0,10102660.0,27815804.0,9278073.0,2221.2861328125,6112.4140625,7124.203125,2242.67777777778,6170.91111111111,7091.44444444444
80,validation,2005-07-01,2738.0,10290589.0,28332890.0,9934854.0,2044.32983398438,5625.10400390625,7247.5625,2065.15384615385,5682.26373626374,7217.37362637363
80,validation,2005-10-01,2830.0,10466138.0,28815924.0,10609643.0,1887.52709960938,5194.4931640625,7362.6455078125,1908.14130434783,5250.36956521739,7334.66304347826
80,validation,2006-01-01,2922.0,10630618.0,29268684.0,11294566.0,1769.28369140625,4870.67529296875,7469.66357421875,1787.82608695652,4921.30434782609,7444.8152173913
80,validation,2006-04-01,3012.0,10783900.0,29690676.0,11973902.0,1683.181640625,4633.90185546875,7577.42529296875,1703.13333333333,4688.8,7548.17777777778
80,validation,2006-07-01,3103.0,10932011.0,30098402.0,12674760.0,1609.73596191406,4431.1201171875,7735.02880859375,1627.59340659341,4480.50549450549,7701.73626373626
80,validation,2006-10-01,3195.0,11076607.0,30496184.0,13398314.0,1556.70349121094,4281.689453125,7899.57568359375,1571.69565217391,4323.71739130435,7864.71739130435
80,validation,2007-01-01,3287.0,11216946.0,30882180.0,14135560.0,1507.28723144531,4146.12353515625,8057.1669921875,1525.42391304348,4195.60869565217,8013.54347826087
80,validation,2007-04-01,3377.0,11349954.0,31248144.0,14869237.0,1465.93151855469,4033.62182617188,8179.9873046875,1477.86666666667,4066.26666666667,8151.96666666667
80,validation,2007-07-01,3468.0,11480837.0,31608344.0,15622895.0,1426.75646972656,3926.837890625,8308.4208984375,1438.27472527473,3958.24175824176,8281.95604395604
80,validation,2007-10-01,3560.0,11609569.0,31962714.0,16396002.0,1388.11804199219,3821.35302734375,8428.40625,1399.26086956522,3851.84782608696,8403.33695652174
80,validation,2008-01-01,3652.0,11734796.0,32307474.0,17179406.0,1350.75390625,3718.79565429688,8538.6357421875,1361.16304347826,3747.39130434783,8515.26086956522
81,validation,1998-01-01,0.0,0.0,0.0,0.0,0.0,0.0,0.0,,,
81,validation,1998-04-01,90.0,0.0,0.0,0.0,0.0,0.0,0.0,0.0,0.0,0.0
81,validation,1998-07-01,181.0,0.0,0.0,0.0,0.0,0.0,0.0,0.0,0.0,0.0
81,validation,1998-10-01,273.0,0.0,0.0,0.0,0.0,0.0,0.0,0.0,0.0,0.0
81,validation,1999-01-01,365.0,518325.5,1426714.875,0.0,5633.97265625,15507.76953125,0.0,5633.97282608696,15507.7703804348,0.0
81,validation,1999-04-01,455.0,1017777.4375,2801479.25,0.0,5549.4658203125,15275.16015625,0.0,5549.46597222222,15275.1597222222,0.0
81,validation,1999-07-01,546.0,1528237.375,4206543.5,0.0,5609.44970703125,15440.26953125,0.0,5609.44986263736,15440.2664835165,0.0
81,validation,1999-10-01,638.0,2042459.875,5621965.0,472.605865478516,5583.732421875,15369.4814453125,20.6701755523682,5589.375,15385.0163043478,5.13702027694039
81,validation,2000-01-01,730.0,2555022.5,7032817.5,8037.65576171875,5560.138671875,15304.5380859375,113.042205810547,5571.33288043478,15335.3532608696,82.2288032200025
81,validation,2000-04-01,821.0,3065790.5,8438730.0,21891.345703125,5601.326171875,15417.908203125,183.918960571289,5612.83516483516,15449.5879120879,152.238351004464
81,validation,2000-07-01,912.0,3570794.75,9828777.0,53569.83203125,5506.787109375,15157.685546875,465.673980712891,5549.49725274725,15275.2417582418,348.115234375
81,validation,2000-10-01,1004.0,4076799.25,11221578.0,118914.21875,5452.59326171875,15008.5146484375,840.883972167969,5500.04891304348,15139.1413043478,710.265073029891
81,validation,2001-01-01,1096.0,4583486.0,12616257.0,220373.59375,5459.93505859375,15028.7236328125,1233.65209960938,5507.46467391304,15159.5543478261,1102.81929347826
81,validation,2001-04-01,1186.0,5081570.5,13987257.0,360072.65625,5475.78076171875,15072.33984375,1713.21130371094,5534.27222222222,15233.3333333333,1552.21180555556
81,validation,2001-07-01,1277.0,5579996.5,15359198.0,540362.625,5422.12646484375,14924.6533203125,2132.82836914063,5477.20879120879,15076.2747252747,1981.2084478022
81,validation,2001-10-01,1369.0,6075352.0,16722687.0,754830.25,5334.861328125,14684.451171875,2467.25146484375,5384.29891304348,14820.5326086957,2331.16983695652
81,validation,2002-01-01,1461.0,6564200.5,18068378.0,999759.75,5265.18310546875,14503.306640625,2786.04760742188,5313.57065217391,14627.0760869565,2662.27717391304
81,validation,2002-04-01,1551.0,7033613.5,19362938.0,1267268.5,5172.0751953125,14271.6640625,3084.64501953125,5215.7,14384.0,2972.31944444444
81,validation,2002-07-01,1642.0,7499769.5,20649056.0,1564352.25,5077.0712890625,14027.888671875,3369.93603515625,5122.59340659341,14133.1648351648,3264.65659340659
81,validation,2002-10-01,1734.0,7962227.0,21927906.0,1894194.875,4990.37158203125,13791.0751953125,3694.71630859375,5026.71195652174,13900.5434782609,3585.24592391304
81,validation,2003-01-01,1826.0,8409824.0,23163234.0,2255187.0,4795.86083984375,13212.4462890625,4051.99047851563,4865.1847826087,13427.4782608696,3923.82744565217
81,validation,2003-04-01,1916.0,8821726.0,24295990.0,2643522.75,4514.8271484375,12424.6796875,4470.8837890625,4576.68888888889,12586.1777777778,4314.84166666667
81,validation,2003-07-01,2007.0,9204184.0,25345318.0,3067890.75,4144.67529296875,11383.1806640625,4811.28759765625,4202.83516483516,11531.0769230769,4663.38461538462
81,validation,2003-10-01,2099.0,9565466.0,26337440.0,3514517.0,3864.53637695313,10638.8037109375,4999.75537109375,3926.97826086957,10783.9347826087,4854.63315217391
81,validation,2004-01-01,2191.0,9906885.0,27279478.0,3985370.0,3668.74096679688,10146.68359375,5210.84228515625,3711.07608695652,10239.5434782609,5117.96739130435
81,validation,2004-04-01,2282.0,10227991.0,28166718.0,4468529.5,3481.67358398438,9604.1005859375,5387.810546875,3528.63736263736,9749.89010989011,5309.44505494505
81,validation,2004-07-01,2373.0,10532136.0,29004702.0,4968258.0,3311.07861328125,9120.1591796875,5543.19873046875,3342.25274725275,9208.61538461538,5491.52197802198
81,validation,2004-10-01,2465.0,10824533.0,29809916.0,5486348.5,3140.94604492187,8649.0791015625,5686.33642578125,3178.22826086957,8752.32608695652,5631.41847826087
81,validation,2005-01-01,2557.0,11103036.0,30576716.0,6016869.0,2996.2353515625,8248.8837890625,5811.96484375,3027.20652173913,8334.78260869565,5766.52717391304
81,validation,2005-04-01,2647.0,11361823.0,31289102.0,6547366.0,2852.73706054688,7852.93359375,5929.47705078125,2875.41111111111,7915.4,5894.41111111111
81,validation,2005-07-01,2738.0,11607772.0,31966092.0,7094199.0,2686.80395507813,7395.31494140625,6032.75732421875,2702.73626373626,7439.45054945055,6009.15384615385
81,validation,2005-10-01,2830.0,11843216.0,32613980.0,7656333.5,2543.9052734375,6999.9501953125,6132.99072265625,2559.17391304348,7042.26086956522,6110.15760869565
81,validation,2006-01-01,2922.0,12068876.0,33234796.0,8227661.5,2436.9365234375,6702.8720703125,6236.24267578125,2452.82608695652,6748.0,6210.08695652174
81,validation,2006-04-01,3012.0,12282354.0,33821604.0,8796536.0,2358.95092773438,6483.009765625,6342.78662109375,2371.97777777778,6520.08888888889,6320.82777777778
81,validation,2006-07-01,3103.0,12493084.0,34400584.0,9382763.0,2301.41259765625,6323.47119140625,6468.29541015625,2315.71428571429,6362.41758241758,6442.05494505495
81,validation,2006-10-01,3195.0,12701803.0,34974360.0,9986973.0,2254.0341796875,6197.48583984375,6593.572265625,2268.6847826087,6236.69565217391,6567.5
81,validation,2007-01-01,3287.0,12906045.0,35536124.0,10602203.0,2205.12622070313,6065.6806640625,6714.4931640625,2220.02173913043,6106.13043478261,6687.28260869565
81,validation,2007-04-01,3377.0,13101360.0,36073532.0,11213959.0,2155.31811523438,5930.7802734375,6823.43994140625,2170.16666666667,5971.2,6797.28888888889
81,validation,2007-07-01,3468.0,13294140.0,36604064.0,11843547.0,2103.29125976563,5788.36669921875,6944.31884765625,2118.46153846154,5830.02197802198,6918.54945054945
81,validation,2007-10-01,3560.0,13484792.0,37128752.0,12489715.0,2052.86743164063,5649.72607421875,7055.962890625,2072.30434782609,5703.13043478261,7023.5652173913
81,validation,2008-01-01,3652.0,13670246.0,37639160.0,13146431.0,2001.45532226563,5508.43798828125,7161.84619140625,2015.80434782609,5547.91304347826,7138.21739130435
82,validation,1998-01-01,0.0,0.0,0.0,0.0,0.0,0.0,0.0,,,
82,validation,1998-04-01,90.0,0.0,0.0,0.0,0.0,0.0,0.0,0.0,0.0,0.0
82,validation,1998-07-01,181.0,0.0,0.0,0.0,0.0,0.0,0.0,0.0,0.0,0.0
82,validation,1998-10-01,273.0,0.0,0.0,0.0,0.0,0.0,0.0,0.0,0.0,0.0
82,validation,1999-01-01,365.0,518325.5,1426714.875,0.0,5633.97265625,15507.76953125,0.0,5633.97282608696,15507.7703804348,0.0
82,validation,1999-04-01,455.0,1017777.4375,2801479.25,0.0,5549.4658203125,15275.16015625,0.0,5549.46597222222,15275.1597222222,0.0
82,validation,1999-07-01,546.0,1528237.375,4206543.5,0.0,5609.44970703125,15440.26953125,0.0,5609.44986263736,15440.2664835165,0.0
82,validation,1999-10-01,638.0,2042620.75,5622407.5,29.9128589630127,5590.931640625,15389.296875,0.854571998119354,5591.12364130435,15389.8260869565,0.325139771337095
82,validation,2000-01-01,730.0,2557211.25,7038841.5,2013.396484375,5586.69140625,15377.625,39.9544410705566,5593.375,15396.0217391304,21.5596046240433
82,validation,2000-04-01,821.0,3069671.0,8449411.0,11210.5927734375,5621.91943359375,15474.5927734375,127.235168457031,5631.42582417582,15500.7637362637,101.068091088599
82,validation,2000-07-01,912.0,3580376.75,9855152.0,27195.05859375,5598.99658203125,15411.49609375,211.86344909668,5612.1510989011,15447.7032967033,175.653470552885
82,validation,2000-10-01,1004.0,4097223.25,11277796.0,62696.1484375,5581.18408203125,15362.4658203125,486.932952880859,5617.89673913043,15463.5217391304,385.881411345109
82,validation,2001-01-01,1096.0,4616090.0,12706000.0,130630.2265625,5591.68994140625,15391.384765625,870.990539550781,5639.85597826087,15523.9565217391,738.413892663043
82,validation,2001-04-01,1186.0,5127413.5,14113443.0,233887.34375,5637.79541015625,15518.2919921875,1267.25903320313,5681.37222222222,15638.2555555556,1147.30130208333
82,validation,2001-07-01,1277.0,5640723.5,15526351.0,373209.46875,5590.48974609375,15388.0810546875,1669.40124511719,5640.76923076923,15526.4615384615,1531.01236263736
82,validation,2001-10-01,1369.0,6150877.0,16930572.0,546945.25,5496.0791015625,15128.2109375,2023.49230957031,5545.14673913043,15263.2717391304,1888.4324048913
82,validation,2002-01-01,1461.0,6654164.5,18315894.0,752243.5625,5425.2880859375,14933.35546875,2355.99877929688,5470.51630434783,15057.847826087,2231.50339673913
82,validation,2002-04-01,1551.0,7139263.0,19651150.0,979055.8125,5352.1328125,14731.9921875,2624.3173828125,5389.98333333333,14836.1777777778,2520.13611111111
82,validation,2002-07-01,1642.0,7622920.5,20982440.0,1230968.125,5277.873046875,14527.58984375,2870.23510742188,5314.91758241758,14629.5604395604,2768.26717032967
82,validation,2002-10-01,1734.0,8106119.0,22312466.0,1509634.375,5216.62890625,14359.01171875,3126.78002929688,5252.15760869565,14456.8043478261,3028.98097826087
82,validation,2003-01-01,1826.0,8578289.0,23612134.0,1811234.5,5097.72998046875,14031.7373046875,3373.35620117188,5132.28260869565,14126.8260869565,3278.26222826087
82,validation,2003-04-01,1916.0,9016860.0,24819324.0,2125299.0,4843.4423828125,13331.798828125,3571.01953125,4873.01111111111,13413.2222222222,3489.60555555556
82,validation,2003-07-01,2007.0,9431903.0,25961748.0,2456570.5,4533.43701171875,12478.494140625,3715.97338867188,4560.91208791209,12554.1098901099,3640.34615384615
82,validation,2003-10-01,2099.0,9828206.0,27052588.0,2804478.0,4278.23583984375,11776.041015625,3862.517578125,4307.64130434783,11856.9565217391,3781.60326086957
82,validation,2004-01-01,2191.0,10207466.0,28096522.0,3173437.25,4084.1845703125,11241.90625,4115.61962890625,4122.39130434783,11347.1086956522,4010.42663043478
82,validation,2004-04-01,2282.0,10563850.0,29077482.0,3567659.25,3874.35961914063,10664.353515625,4447.54638671875,3916.30769230769,10779.7802197802,4332.10989010989
82,validation,2004-07-01,2373.0,10901472.0,30006804.0,3990889.25,3672.98071289063,10110.048828125,4753.1572265625,3710.13186813187,10212.3296703297,4650.87912087912
82,validation,2004-10-01,2465.0,11225895.0,30899794.0,4441849.0,3494.88232421875,9619.8251953125,4988.3173828125,3526.33695652174,9706.41304347826,4901.73641304348
82,validation,2005-01-01,2557.0,11534860.0,31750234.0,4913165.0,3336.79272460938,9184.67578125,5182.23046875,3358.3152173913,9243.91304347826,5123.0
82,validation,2005-04-01,2647.0,11822183.0,32541104.0,5390801.5,3175.78955078125,8741.5068359375,5353.01953125,3192.47777777778,8787.44444444445,5307.07222222222
82,validation,2005-07-01,2738.0,12096033.0,33294890.0,5887919.5,2993.70385742188,8240.3076171875,5505.88134765625,3009.34065934066,8283.36263736264,5462.83516483516
82,validation,2005-10-01,2830.0,12358077.0,34016176.0,6403777.5,2835.72680664063,7805.46875,5641.76904296875,2848.30434782609,7840.0652173913,5607.15217391304
82,validation,2006-01-01,2922.0,12609608.0,34708528.0,6930205.0,2719.91235351563,7486.68408203125,5760.89599609375,2734.03260869565,7525.5652173913,5722.03804347826
82,validation,2006-04-01,3012.0,12848589.0,35366332.0,7454956.5,2642.72973632813,7274.2353515625,5865.28955078125,2655.34444444444,7308.93333333333,5830.57222222222
82,validation,2006-07-01,3103.0,13085758.0,36019152.0,7995833.5,2591.75512695313,7133.92529296875,5983.61962890625,2606.25274725275,7173.84615384615,5943.7032967033
82,validation,2006-10-01,3195.0,13321519.0,36668096.0,8554179.0,2550.728515625,7020.998046875,6101.7060546875,2562.61956521739,7053.73913043478,6068.97282608696
82,validation,2007-01-01,3287.0,13552768.0,37304616.0,9123215.0,2504.2490234375,6893.06103515625,6210.828125,2513.57608695652,6918.69565217391,6185.17391304348
82,validation,2007-04-01,3377.0,13774859.0,37915932.0,9688742.0,2458.74169921875,6767.80029296875,6308.23193359375,2467.67777777778,6792.4,6283.63333333333
82,validation,2007-07-01,3468.0,13995400.0,38522984.0,10270588.0,2414.26879882813,6645.38623046875,6419.41162109375,2423.52747252747,6670.9010989011,6393.91208791209
82,validation,2007-10-01,3560.0,14214429.0,39125872.0,10868203.0,2368.34692382813,6518.98388671875,6529.94970703125,2380.75,6553.13043478261,6495.8152173913
82,validation,2008-01-01,3652.0,14428898.0,39716208.0,11476542.0,2321.80395507813,6390.87255859375,6638.19140625,2331.1847826087,6416.69565217391,6612.38043478261
83,validation,1998-01-01,0.0,0.0,0.0,0.0,0.0,0.0,0.0,,,
83,validation,1998-04-01,90.0,0.0,0.0,0.0,0.0,0.0,0.0,0.0,0.0,0.0
83,validation,1998-07-01,181.0,0.0,0.0,0.0,0.0,0.0,0.0,0.0,0.0,0.0
83,validation,1998-10-01,273.0,0.0,0.0,0.0,0.0,0.0,0.0,0.0,0.0,0.0
83,validation,1999-01-01,365.0,518325.5,1426714.875,0.0,5633.97265625,15507.76953125,0.0,5633.97282608696,15507.7703804348,0.0
83,validation,1999-04-01,455.0,1017777.4375,2801479.25,0.0,5549.4658203125,15275.16015625,0.0,5549.46597222222,15275.1597222222,0.0
83,validation,1999-07-01,546.0,1528167.125,4206350.5,193.162506103516,5604.21728515625,15425.8662109375,14.4030799865723,5608.67788461538,15438.1456043956,2.12266490223644
83,validation,1999-10-01,638.0,2039407.625,5613563.5,8874.2041015625,5541.4248046875,15253.0263671875,137.124465942383,5556.96195652174,15295.7934782609,94.3591477767281
83,validation,2000-01-01,730.0,2547255.75,7011439.0,29415.912109375,5476.09619140625,15073.20703125,344.372741699219,5520.08831521739,15194.2989130435,223.279434867527
83,validation,2000-04-01,821.0,3042328.25,8374148.5,86472.578125,5370.03173828125,14781.259765625,820.567810058594,5440.35714285714,14974.8296703297,626.996329842033
83,validation,2000-07-01,912.0,3523417.75,9698370.0,183977.15625,5229.923828125,14395.6064453125,1227.75366210938,5286.6978021978,14551.8846153846,1071.47888049451
83,validation,2000-10-01,1004.0,4002291.0,11016491.0,324001.15625,5137.02783203125,14139.90625,1709.49291992188,5205.14402173913,14327.402173913,1522.0
83,validation,2001-01-01,1096.0,4478140.0,12326287.0,510343.15625,5111.0966796875,14068.529296875,2193.84643554688,5172.27173913043,14236.9130434783,2025.45652173913
83,validation,2001-04-01,1186.0,4943937.5,13608416.0,738913.875,5122.86083984375,14100.91015625,2684.64086914063,5175.52777777778,14245.8777777778,2539.67465277778
83,validation,2001-07-01,1277.0,5409464.0,14889800.0,1009761.0625,5060.92919921875,13930.44140625,3127.04052734375,5115.67582417582,14081.1428571429,2976.34271978022
83,validation,2001-10-01,1369.0,5869151.0,16157764.0,1319753.0,4939.60009765625,13636.224609375,3515.47802734375,4996.59782608696,13782.2173913043,3369.47758152174
83,validation,2002-01-01,1461.0,6315329.0,17392462.0,1672981.375,4754.3154296875,13122.6767578125,4031.29663085938,4849.76086956522,13420.6304347826,3839.43885869565
83,validation,2002-04-01,1551.0,6729584.0,18533076.0,2075643.375,4484.34375,12344.4921875,4759.41943359375,4602.83333333333,12673.4888888889,4474.02222222222
83,validation,2002-07-01,1642.0,7121522.0,19612132.0,2553328.75,4193.26123046875,11545.28515625,5504.81884765625,4307.01098901099,11857.7582417582,5249.28983516484
83,validation,2002-10-01,1734.0,7496033.5,20643296.0,3092988.5,3969.39477539063,10929.4482421875,6019.87548828125,4070.77717391304,11208.3043478261,5865.86684782609
83,validation,2003-01-01,1826.0,7848434.5,21613616.0,3662432.0,3739.373046875,10296.1728515625,6311.45556640625,3830.44565217391,10546.9565217391,6189.60326086957
83,validation,2003-04-01,1916.0,8175232.0,22513454.0,4245651.0,3565.88940429688,9818.7353515625,6580.37158203125,3631.08333333333,9998.2,6480.21111111111
83,validation,2003-07-01,2007.0,8483353.0,23361776.0,4828866.5,3343.26538085938,9203.8818359375,6475.1552734375,3385.94505494505,9322.21978021978,6408.96153846154
83,validation,2003-10-01,2099.0,8776985.0,24170074.0,5410846.5,3158.2119140625,8693.283203125,6376.986328125,3191.65217391304,8785.84782608696,6325.86956521739
83,validation,2004-01-01,2191.0,9056348.0,24938844.0,5999667.0,3008.27807617188,8277.9208984375,6444.77490234375,3036.55434782609,8356.19565217391,6400.22282608696
83,validation,2004-04-01,2282.0,9319830.0,25663420.0,6590861.0,2868.66162109375,7886.05615234375,6544.001953125,2895.40659340659,7962.37362637363,6496.63736263736
83,validation,2004-07-01,2373.0,9570449.0,26352112.0,7192263.0,2729.8681640625,7502.7763671875,6654.96337890625,2754.05494505495,7568.04395604396,6608.81318681319
83,validation,2004-10-01,2465.0,9810817.0,27013050.0,7811554.5,2589.02026367188,7120.576171875,6773.1142578125,2612.69565217391,7184.10869565217,6731.42934782609
83,validation,2005-01-01,2557.0,10037851.0,27637614.0,8444808.0,2449.26489257813,6738.5595703125,6914.623046875,2467.76086956522,6788.73913043478,6883.1902173913
83,validation,2005-04-01,2647.0,10245968.0,28210224.0,9077302.0,2295.205078125,6315.1533203125,7055.61767578125,2312.41111111111,6362.33333333333,7027.71111111111
83,validation,2005-07-01,2738.0,10440608.0,28745742.0,9727974.0,2118.490234375,5828.927734375,7180.6064453125,2138.9010989011,5884.81318681319,7150.24175824176
83,validation,2005-10-01,2830.0,10623025.0,29247628.0,10396790.0,1962.30578613281,5399.044921875,7297.34130859375,1982.79347826087,5455.28260869565,7269.73913043478
83,validation,2006-01-01,2922.0,10794346.0,29719138.0,11075830.0,1841.81164550781,5069.86572265625,7407.27880859375,1862.1847826087,5125.10869565217,7380.86956521739
83,validation,2006-04-01,3012.0,10953411.0,30157066.0,11749942.0,1752.29296875,4824.46142578125,7510.6083984375,1767.38888888889,4865.86666666667,7490.13333333333
83,validation,2006-07-01,3103.0,11108840.0,30584984.0,12441619.0,1687.16809082031,4644.96044921875,7631.64306640625,1708.01098901099,4702.3956043956,7600.84615384615
83,validation,2006-10-01,3195.0,11260723.0,31003048.0,13152885.0,1636.88891601563,4504.69873046875,7757.29296875,1650.90217391304,4544.17391304348,7731.15217391304
83,validation,2007-01-01,3287.0,11408330.0,31409056.0,13876963.0,1589.83666992188,4372.9765625,7906.1083984375,1604.42391304348,4413.13043478261,7870.41304347826
83,validation,2007-04-01,3377.0,11548143.0,31793696.0,14598903.0,1539.33825683594,4235.1279296875,8055.73193359375,1553.47777777778,4273.77777777778,8021.55555555556
83,validation,2007-07-01,3468.0,11685386.0,32171364.0,15342331.0,1495.90893554688,4116.771484375,8198.8271484375,1508.16483516484,4150.1978021978,8169.53846153846
83,validation,2007-10-01,3560.0,11820446.0,32543104.0,16105642.0,1456.86120605469,4010.01220703125,8322.861328125,1468.04347826087,4040.65217391304,8296.85869565217
83,validation,2008-01-01,3652.0,11951994.0,32905228.0,16879450.0,1419.2177734375,3906.93286132813,8435.328125,1429.86956521739,3936.13043478261,8410.95652173913
84,validation,1998-01-01,0.0,0.0,0.0,0.0,0.0,0.0,0.0,,,
84,validation,1998-04-01,90.0,0.0,0.0,0.0,0.0,0.0,0.0,0.0,0.0,0.0
84,validation,1998-07-01,181.0,0.0,0.0,0.0,0.0,0.0,0.0,0.0,0.0,0.0
84,validation,1998-10-01,273.0,0.0,0.0,0.0,0.0,0.0,0.0,0.0,0.0,0.0
84,validation,1999-01-01,365.0,518325.5,1426714.875,0.0,5633.97265625,15507.76953125,0.0,5633.97282608696,15507.7703804348,0.0
84,validation,1999-04-01,455.0,1017777.4375,2801479.25,0.0,5549.4658203125,15275.16015625,0.0,5549.46597222222,15275.1597222222,0.0
84,validation,1999-07-01,546.0,1528034.5,4205985.5,558.246765136719,5597.76220703125,15408.0986328125,32.170352935791,5607.22046703297,15434.1346153846,6.13457983666724
84,validation,1999-10-01,638.0,2038679.0,5611558.0,10879.7646484375,5536.31982421875,15238.9755859375,151.175308227539,5550.48369565217,15277.9619565217,112.190411775008
84,validation,2000-01-01,730.0,2543770.75,7001846.0,39008.77734375,5429.97998046875,14946.2705078125,471.310089111328,5490.1277173913,15111.8260869565,305.750137992527
84,validation,2000-04-01,821.0,3033590.0,8350096.0,110525.109375,5318.83203125,14640.3310546875,961.496826171875,5382.62912087912,14815.9340659341,785.893758585165
84,validation,2000-07-01,912.0,3509901.5,9661166.0,221181.46875,5164.27392578125,14214.9013671875,1408.45849609375,5234.19230769231,14407.3626373626,1216.00394917582
84,validation,2000-10-01,1004.0,3983180.5,10963888.0,376603.90625,5078.8583984375,13979.7919921875,1869.60729980469,5144.33695652174,14160.0217391304,1689.37432065217
84,validation,2001-01-01,1096.0,4453812.0,12259323.0,577307.25,5058.953125,13925.001953125,2337.373046875,5115.5597826087,14080.8152173913,2181.55808423913
84,validation,2001-04-01,1186.0,4914610.5,13527692.0,819637.9375,5065.30859375,13942.4951171875,2843.0556640625,5119.98333333333,14092.9888888889,2692.56319444444
84,validation,2001-07-01,1277.0,5374671.5,14794147.0,1105414.0,4998.84130859375,13768.7578125,3288.72412109375,5055.61538461538,13917.0879120879,3140.39629120879
84,validation,2001-10-01,1369.0,5827159.0,16044115.0,1433402.25,4844.521484375,13404.458984375,3747.24438476563,4918.34239130435,13586.6086956522,3565.08967391304
84,validation,2002-01-01,1461.0,6260545.5,17241414.0,1817580.5,4590.27978515625,12644.7138671875,4451.64013671875,4710.72282608696,13014.1195652174,4175.85054347826
84,validation,2002-04-01,1551.0,6656055.5,18330380.0,2267107.25,4267.41845703125,11749.33984375,5290.2412109375,4394.55555555556,12099.6222222222,4994.74166666667
84,validation,2002-07-01,1642.0,7031894.0,19365210.0,2782053.75,4031.48706054688,11100.4228515625,5861.47802734375,4130.09340659341,11371.7582417582,5658.75274725275
84,validation,2002-10-01,1734.0,7389634.5,20350252.0,3339485.25,3790.97094726563,10438.408203125,6188.60791015625,3888.48369565217,10706.9782608696,6059.03804347826
84,validation,2003-01-01,1826.0,7727871.0,21281592.0,3925176.75,3608.75903320313,9936.982421875,6475.59423828125,3676.48369565217,10123.2608695652,6366.21195652174
84,validation,2003-04-01,1916.0,8044695.5,22153976.0,4524031.5,3460.23681640625,9527.6162109375,6741.8212890625,3520.27222222222,9693.15555555556,6653.94166666667
84,validation,2003-07-01,2007.0,8343981.0,22977954.0,5122693.0,3250.984375,8949.927734375,6635.9140625,3288.85164835165,9054.7032967033,6578.6978021978
84,validation,2003-10-01,2099.0,8628935.0,23762286.0,5719714.5,3066.97631835938,8441.408203125,6536.95849609375,3097.32608695652,8525.34782608696,6489.36413043478
84,validation,2004-01-01,2191.0,8899982.0,24508028.0,6323673.0,2914.75219726563,8016.443359375,6620.220703125,2946.16304347826,8105.89130434783,6564.76630434783
84,validation,2004-04-01,2282.0,9154778.0,25208352.0,6931281.5,2775.22924804688,7626.83544921875,6722.400390625,2799.95604395604,7695.86813186813,6677.01648351648
84,validation,2004-07-01,2373.0,9396944.0,25874166.0,7549062.5,2638.10986328125,7255.07080078125,6830.3046875,2661.16483516484,7316.63736263736,6788.8021978022
84,validation,2004-10-01,2465.0,9628585.0,26511446.0,8184982.0,2494.5390625,6863.90380859375,6953.11767578125,2517.83695652174,6926.95652173913,6912.16847826087
84,validation,2005-01-01,2557.0,9847352.0,27113450.0,8833635.0,2352.9404296875,6475.24462890625,7090.58251953125,2377.90217391304,6543.52173913043,7050.57608695652
84,validation,2005-04-01,2647.0,10046877.0,27662538.0,9481488.0,2200.3095703125,6055.353515625,7223.50732421875,2216.94444444444,6100.97777777778,7198.36666666667
84,validation,2005-07-01,2738.0,10232978.0,28174636.0,10147173.0,2025.3408203125,5573.19775390625,7343.8935546875,2045.06593406593,5627.45054945055,7315.21978021978
84,validation,2005-10-01,2830.0,10406325.0,28651634.0,10831405.0,1868.51818847656,5141.81494140625,7457.72705078125,1884.20652173913,5184.76086956522,7437.30434782609
84,validation,2006-01-01,2922.0,10569076.0,29099574.0,11525055.0,1749.3505859375,4815.607421875,7565.02685546875,1769.03260869565,4868.91304347826,7539.67391304348
84,validation,2006-04-01,3012.0,10720394.0,29516172.0,12212985.0,1663.06408691406,4578.6806640625,7670.3818359375,1681.31111111111,4628.86666666667,7643.66666666667
84,validation,2006-07-01,3103.0,10867778.0,29921944.0,12919425.0,1597.90881347656,4399.2607421875,7799.89306640625,1619.6043956044,4459.03296703297,7763.07692307692
84,validation,2006-10-01,3195.0,11011228.0,30316800.0,13647954.0,1532.14086914063,4216.13330078125,7977.52783203125,1559.23913043478,4291.91304347826,7918.79347826087
84,validation,2007-01-01,3287.0,11148880.0,30695480.0,14393003.0,1481.80322265625,4076.28662109375,8131.7607421875,1496.21739130435,4116.08695652174,8098.35869565217
84,validation,2007-04-01,3377.0,11279653.0,31055256.0,15133005.0,1441.36474609375,3965.55883789063,8248.5,1453.03333333333,3997.51111111111,8222.24444444444
84,validation,2007-07-01,3468.0,11408507.0,31409838.0,15892283.0,1405.40625,3867.7568359375,8367.6181640625,1415.97802197802,3896.50549450549,8343.71428571429
84,validation,2007-10-01,3560.0,11535561.0,31759552.0,16670075.0,1370.89184570313,3773.51806640625,8476.7646484375,1381.02173913043,3801.23913043478,8454.26086956522
84,validation,2008-01-01,3652.0,11659397.0,32100472.0,17457360.0,1336.173828125,3678.6005859375,8579.216796875,1346.04347826087,3705.65217391304,8557.44565217391
85,validation,1998-01-01,0.0,0.0,0.0,0.0,0.0,0.0,0.0,,,
85,validation,1998-04-01,90.0,0.0,0.0,0.0,0.0,0.0,0.0,0.0,0.0,0.0
85,validation,1998-07-01,181.0,0.0,0.0,0.0,0.0,0.0,0.0,0.0,0.0,0.0
85,validation,1998-10-01,273.0,0.0,0.0,0.0,0.0,0.0,0.0,0.0,0.0,0.0
85,validation,1999-01-01,365.0,518325.5,1426714.875,0.0,5633.97265625,15507.76953125,0.0,5633.97282608696,15507.7703804348,0.0
85,validation,1999-04-01,455.0,1017777.25,2801478.75,0.395191967487335,5549.45849609375,15275.1396484375,0.0199675131589174,5549.46388888889,15275.1541666667,0.00439102186097039
85,validation,1999-07-01,546.0,1527796.75,4205331.0,1212.57995605469,5589.431640625,15385.16796875,55.1006240844727,5604.60989010989,15426.9478021978,13.320711693266
85,validation,1999-10-01,638.0,2037715.75,5608906.5,13530.9287109375,5525.76953125,15209.9345703125,180.216156005859,5542.59782608696,15256.2554347826,133.89509516177
85,validation,2000-01-01,730.0,2539380.0,6989760.5,51094.36328125,5381.7119140625,14813.4091796875,604.170471191406,5452.8722826087,15009.2826086957,408.298201851223
85,validation,2000-04-01,821.0,3024787.25,8325866.5,134754.8125,5265.78662109375,14494.3203125,1107.50769042969,5334.1456043956,14682.4835164835,919.34559581044
85,validation,2000-07-01,912.0,3495695.5,9622063.0,260283.875,5103.55078125,14047.7587890625,1575.60070800781,5174.81593406593,14243.9175824176,1379.44024725275
85,validation,2000-10-01,1004.0,3963580.5,10909938.0,430553.6875,5020.18310546875,13818.28515625,2031.11413574219,5085.70652173913,13998.6413043478,1850.75883152174
85,validation,2001-01-01,1096.0,4428404.5,12189387.0,647243.375,4997.15673828125,13754.904296875,2507.47119140625,5052.4347826087,13907.0543478261,2355.32269021739
85,validation,2001-04-01,1186.0,4883136.5,13441058.0,906272.125,4993.5283203125,13744.91796875,3040.63330078125,5052.57777777778,13907.4555555556,2878.09722222222
85,validation,2001-07-01,1277.0,5336180.5,14688083.0,1211477.5,4917.1572265625,13534.7021484375,3522.779296875,4978.50549450549,13703.5714285714,3353.90521978022
85,validation,2001-10-01,1369.0,5780418.0,15910868.0,1566649.875,4736.59814453125,13037.705078125,4113.99853515625,4828.66847826087,13291.1413043478,3860.56929347826
85,validation,2002-01-01,1461.0,6200753.0,17068298.0,1999839.625,4430.4951171875,12208.3271484375,5081.0263671875,4568.85869565217,12580.7608695652,4708.58423913043
85,validation,2002-04-01,1551.0,6586572.0,18132514.0,2497691.0,4181.275390625,11560.55859375,5795.75146484375,4286.87777777778,11824.6222222222,5531.68194444444
85,validation,2002-07-01,1642.0,6956148.0,19155058.0,3056127.0,3967.78149414063,10954.3681640625,6322.93212890625,4061.27472527473,11236.7472527473,6136.65934065934
85,validation,2002-10-01,1734.0,7310409.5,20131080.0,3658918.5,3772.232421875,10387.826171875,6690.09521484375,3850.66847826087,10608.9347826087,6552.08152173913
85,validation,2003-01-01,1826.0,7648001.5,21060610.0,4289690.0,3598.91967773438,9908.60546875,6972.09765625,3669.47826086957,10103.5869565217,6856.21195652174
85,validation,2003-04-01,1916.0,7960621.5,21921298.0,4924648.0,3422.01489257813,9420.8583984375,7130.93505859375,3473.55555555556,9563.2,7055.08888888889
85,validation,2003-07-01,2007.0,8256010.0,22734190.0,5557435.0,3205.11450195313,8819.041015625,7020.673828125,3246.02747252747,8932.87912087912,6953.7032967033
85,validation,2003-10-01,2099.0,8536762.0,23506102.0,6190718.0,3021.95874023438,8305.6611328125,6935.44580078125,3051.65217391304,8390.34782608696,6883.51086956522
85,validation,2004-01-01,2191.0,8802734.0,24237180.0,6833648.0,2868.38037109375,7885.7197265625,7029.80517578125,2891.0,7946.5,6988.36956521739
85,validation,2004-04-01,2282.0,9053091.0,24925754.0,7478866.0,2725.3134765625,7496.8408203125,7134.79248046875,2751.17582417582,7566.74725274725,7090.30769230769
85,validation,2004-07-01,2373.0,9290054.0,25577778.0,8134265.5,2576.35327148438,7089.748046875,7247.2509765625,2603.98901098901,7165.0989010989,7202.19230769231
85,validation,2004-10-01,2465.0,9515202.0,26197354.0,8808524.0,2420.69970703125,6661.52685546875,7368.1279296875,2447.26086956522,6734.52173913043,7328.89673913043
85,validation,2005-01-01,2557.0,9726210.0,26778014.0,9495629.0,2273.93505859375,6257.5458984375,7495.6923828125,2293.5652173913,6311.52173913043,7468.53260869565
85,validation,2005-04-01,2647.0,9917931.0,27305672.0,10179899.0,2110.73779296875,5809.953125,7627.66357421875,2130.23333333333,5862.86666666667,7603.0
85,validation,2005-07-01,2738.0,10094637.0,27792114.0,10883024.0,1923.88793945313,5296.5634765625,7748.64013671875,1941.82417582418,5345.51648351648,7726.64835164835
85,validation,2005-10-01,2830.0,10259104.0,28244940.0,11604004.0,1767.67736816406,4867.15966796875,7863.3134765625,1787.6847826087,4922.02173913043,7836.73913043478
85,validation,2006-01-01,2922.0,10412369.0,28666884.0,12335987.0,1651.74047851562,4546.83447265625,7978.66259765625,1665.92391304348,4586.34782608696,7956.33695652174
85,validation,2006-04-01,3012.0,10555036.0,29059388.0,13063546.0,1570.84069824219,4321.29541015625,8117.658203125,1585.18888888889,4361.15555555556,8083.98888888889
85,validation,2006-07-01,3103.0,10693717.0,29440916.0,13814717.0,1504.04675292969,4138.0302734375,8302.501953125,1523.96703296703,4192.61538461538,8254.62637362637
85,validation,2006-10-01,3195.0,10829849.0,29815530.0,14588162.0,1459.29577636719,4016.28173828125,8454.373046875,1479.69565217391,4071.89130434783,8407.01086956522
85,validation,2007-01-01,3287.0,10961863.0,30178902.0,15374422.0,1424.07250976563,3919.89721679688,8570.345703125,1434.9347826087,3949.69565217391,8546.30434782609
85,validation,2007-04-01,3377.0,11087917.0,30525912.0,16152639.0,1390.14428710938,3827.00341796875,8669.947265625,1400.6,3855.66666666667,8646.85555555556
85,validation,2007-07-01,3468.0,11212135.0,30867900.0,16950048.0,1354.21606445313,3728.35400390625,8786.4736328125,1365.03296703297,3758.10989010989,8762.73626373626
85,validation,2007-10-01,3560.0,11334119.0,31203764.0,17767012.0,1314.1923828125,3618.6357421875,8905.4736328125,1325.91304347826,3650.69565217391,8880.04347826087
85,validation,2008-01-01,3652.0,11452284.0,31529156.0,18594626.0,1273.15197753906,3505.94555664063,9020.203125,1284.40217391304,3536.86956521739,8995.80434782609
86,test,1998-01-01,0.0,0.0,0.0,0.0,0.0,0.0,0.0,,,
86,test,1998-04-01,90.0,0.0,0.0,0.0,0.0,0.0,0.0,0.0,0.0,0.0
86,test,1998-07-01,181.0,0.0,0.0,0.0,0.0,0.0,0.0,0.0,0.0,0.0
86,test,1998-10-01,273.0,0.0,0.0,0.0,0.0,0.0,0.0,0.0,0.0,0.0
86,test,1999-01-01,365.0,518325.5,1426714.875,0.0,5633.97265625,15507.76953125,0.0,5633.97282608696,15507.7703804348,0.0
86,test,1999-04-01,455.0,1017777.4375,2801479.25,0.0,5549.4658203125,15275.16015625,0.0,5549.46597222222,15275.1597222222,0.0
86,test,1999-07-01,546.0,1528230.125,4206524.0,19.8392715454102,5609.2802734375,15439.8017578125,0.466894209384918,5609.37019230769,15440.0521978022,0.218013973026486
86,test,1999-10-01,638.0,2041145.875,5618348.0,4089.61743164063,5557.962890625,15298.548828125,91.6022872924805,5575.17119565217,15345.9130434783,44.2367191314698
86,test,2000-01-01,730.0,2551688.25,7023639.5,17215.345703125,5534.12060546875,15232.921875,184.658584594727,5549.37364130435,15274.9076086957,142.670959472656
86,test,2000-04-01,821.0,3054708.75,8408227.0,52394.31640625,5469.0751953125,15053.8818359375,547.945922851563,5527.6978021978,15215.2472527473,386.582095638736
86,test,2000-07-01,912.0,3544796.25,9757215.0,125131.640625,5330.87939453125,14673.4921875,949.868103027344,5385.57692307692,14824.043956044,799.311255151099
86,test,2000-10-01,1004.0,4033964.5,11103673.0,236818.796875,5261.74462890625,14483.1953125,1366.20385742188,5317.04619565217,14635.4130434783,1213.99082880435
86,test,2001-01-01,1096.0,4521669.0,12446102.0,390528.5625,5239.3330078125,14421.505859375,1840.86938476563,5301.13586956522,14591.6195652174,1670.75832201087
86,test,2001-04-01,1186.0,4999581.5,13761579.0,585751.3125,5255.47119140625,14465.92578125,2319.62475585938,5310.13888888889,14616.4111111111,2169.14166666667
86,test,2001-07-01,1277.0,5478359.5,15079436.0,820124.3125,5214.666015625,14353.609375,2703.87280273438,5261.2967032967,14481.9450549451,2575.52747252747
86,test,2001-10-01,1369.0,5954682.5,16390539.0,1086978.625,5129.373046875,14118.8359375,3032.8671875,5177.42391304348,14251.1195652174,2900.59035326087
86,test,2002-01-01,1461.0,6422877.5,17681066.0,1387072.5,5036.69677734375,13900.1572265625,3389.19653320313,5089.07608695652,14027.4673913043,3261.88994565217
86,test,2002-04-01,1551.0,6869761.5,18916612.0,1713593.25,4894.564453125,13560.6767578125,3795.63256835938,4965.37777777778,13728.2888888889,3628.00833333333
86,test,2002-07-01,1642.0,7304443.0,20117120.0,2090033.5,4674.96630859375,12869.9658203125,4364.3720703125,4776.71978021978,13192.3956043956,4136.70604395604
86,test,2002-10-01,1734.0,7718452.0,21256552.0,2542461.75,4387.80419921875,12077.8291015625,5185.5390625,4500.09782608696,12385.1304347826,4917.69836956522
86,test,2003-01-01,1826.0,8106054.5,22323688.0,3053173.25,4112.37646484375,11322.87109375,5675.08544921875,4213.07065217391,11599.3043478261,5551.21195652174
86,test,2003-04-01,1916.0,8462332.0,23304706.0,3581371.5,3895.31005859375,10726.2021484375,5991.94482421875,3958.63888888889,10900.2,5868.86944444444
86,test,2003-07-01,2007.0,8798470.0,24230294.0,4117734.5,3637.61865234375,10016.3662109375,5994.44189453125,3693.82417582418,10171.2967032967,5894.0989010989
86,test,2003-10-01,2099.0,9117848.0,25109700.0,4658906.5,3424.84399414063,9430.46875,5953.27880859375,3471.5,9558.76086956522,5882.30434782609
86,test,2004-01-01,2191.0,9421535.0,25945908.0,5208354.0,3257.00634765625,8968.201171875,6032.4208984375,3300.94565217391,9089.21739130435,5972.25543478261
86,test,2004-04-01,2282.0,9707151.0,26732316.0,5761303.5,3106.94995117188,8554.4501953125,6122.1533203125,3138.63736263736,8641.84615384615,6076.36813186813
86,test,2004-07-01,2373.0,9978897.0,27480484.0,6323205.0,2961.37353515625,8152.9423828125,6211.1708984375,2986.21978021978,8221.62637362637,6174.74175824176
86,test,2004-10-01,2465.0,10240411.0,28200362.0,6900826.0,2819.22827148438,7760.017578125,6314.89794921875,2842.54347826087,7824.76086956522,6278.48913043478
86,test,2005-01-01,2557.0,10489294.0,28885186.0,7490207.5,2683.1884765625,7381.3408203125,6444.5419921875,2705.25,7443.73913043478,6406.32065217391
86,test,2005-04-01,2647.0,10718968.0,29516576.0,8080074.0,2536.4365234375,6971.556640625,6581.5869140625,2551.93333333333,7015.44444444444,6554.07222222222
86,test,2005-07-01,2738.0,10935747.0,30112308.0,8688258.0,2369.19091796875,6511.7333984375,6708.109375,2382.18681318681,6546.50549450549,6683.34065934066
86,test,2005-10-01,2830.0,11141537.0,30678192.0,9314543.0,2223.96899414063,6116.77685546875,6830.80078125,2236.84782608696,6150.91304347826,6807.44565217391
86,test,2006-01-01,2922.0,11337383.0,31217026.0,9951444.0,2115.4833984375,5820.9677734375,6945.482421875,2128.76086956522,5856.89130434783,6922.83695652174
86,test,2006-04-01,3012.0,11521631.0,31724102.0,10584599.0,2033.05639648438,5595.5888671875,7057.8564453125,2047.2,5634.17777777778,7035.05555555556
86,test,2006-07-01,3103.0,11702317.0,32221458.0,11235820.0,1970.12353515625,5423.06640625,7180.0400390625,1985.56043956044,5465.45054945055,7156.27472527472
86,test,2006-10-01,3195.0,11880192.0,32711106.0,11905053.0,1917.91760253906,5279.6435546875,7298.0703125,1933.42391304348,5322.26086956522,7274.27173913043
86,test,2007-01-01,3287.0,12053407.0,33187916.0,12584269.0,1867.56372070313,5140.73095703125,7406.95068359375,1882.77173913043,5182.71739130435,7382.78260869565
86,test,2007-04-01,3377.0,12218248.0,33641668.0,13257571.0,1816.50524902344,5000.251953125,7504.158203125,1831.56666666667,5041.68888888889,7481.13333333333
86,test,2007-07-01,3468.0,12380136.0,34087308.0,13948392.0,1763.73205566406,4855.22509765625,7614.21875,1778.98901098901,4897.14285714286,7591.43956043956
86,test,2007-10-01,3560.0,12538903.0,34524392.0,14656506.0,1710.91052246094,4710.3056640625,7718.91943359375,1725.72826086957,4750.91304347826,7696.89130434783
86,test,2008-01-01,3652.0,12693001.0,34948680.0,15373308.0,1661.44885253906,4574.6298828125,7812.015625,1674.97826086957,4611.82608695652,7791.32608695652
87,test,1998-01-01,0.0,0.0,0.0,0.0,0.0,0.0,0.0,,,
87,test,1998-04-01,90.0,0.0,0.0,0.0,0.0,0.0,0.0,0.0,0.0,0.0
87,test,1998-07-01,181.0,0.0,0.0,0.0,0.0,0.0,0.0,0.0,0.0,0.0
87,test,1998-10-01,273.0,0.0,0.0,0.0,0.0,0.0,0.0,0.0,0.0,0.0
87,test,1999-01-01,365.0,518325.5,1426714.875,0.0,5633.97265625,15507.76953125,0.0,5633.97282608696,15507.7703804348,0.0
87,test,1999-04-01,455.0,1017777.4375,2801479.25,0.0,5549.4658203125,15275.16015625,0.0,5549.46597222222,15275.1597222222,0.0
87,test,1999-07-01,546.0,1528233.875,4206534.5,9.36717987060547,5609.203125,15439.58984375,0.679526507854462,5609.4114010989,15440.1675824176,0.102936042534126
87,test,1999-10-01,638.0,2040303.75,5616030.0,6407.42529296875,5547.9775390625,15271.0634765625,119.087852478027,5565.97690217391,15320.6032608696,69.5441099249798
87,test,2000-01-01,730.0,2550153.25,7019414.5,21440.7578125,5526.3408203125,15211.5078125,206.072616577148,5541.84239130435,15254.1793478261,163.405788255774
87,test,2000-04-01,821.0,3052069.25,8400961.0,59660.02734375,5455.78173828125,15017.291015625,584.536987304688,5515.56043956044,15181.8296703297,419.991972870879
87,test,2000-07-01,912.0,3541074.5,9746971.0,135376.453125,5317.5380859375,14636.76953125,986.590942382813,5373.68406593407,14791.3186813187,832.048634958791
87,test,2000-10-01,1004.0,4029469.5,11091301.0,249191.140625,5245.484375,14438.4375,1410.96154785156,5308.64130434783,14612.2826086957,1237.11616847826
87,test,2001-01-01,1096.0,4515250.0,12428434.0,408196.5625,5217.31298828125,14360.89453125,1901.48083496094,5280.22282608696,14534.0543478261,1728.31980298913
87,test,2001-04-01,1186.0,4990397.5,13737844.0,609486.25,5212.06787109375,14393.107421875,2392.44384765625,5279.41666666667,14549.0,2236.55208333333
87,test,2001-07-01,1277.0,5463683.0,15047919.0,851641.25,5141.1572265625,14252.69921875,2804.78295898438,5200.93956043956,14396.4285714286,2661.04395604396
87,test,2001-10-01,1369.0,5931809.5,16339148.0,1130172.25,5005.8525390625,13802.080078125,3164.10766601563,5088.33152173913,14035.097826087,3027.51086956522
87,test,2002-01-01,1461.0,6381921.0,17580724.0,1444359.625,4798.275390625,13238.0478515625,3542.33813476563,4892.51630434783,13495.3913043478,3415.08016304348
87,test,2002-04-01,1551.0,6806095.5,18746928.0,1787452.125,4647.87255859375,12776.7275390625,3961.71728515625,4713.05,12957.8222222222,3812.13888888889
87,test,2002-07-01,1642.0,7217461.5,19878596.0,2181006.75,4417.72607421875,12157.037109375,4562.18896484375,4520.50549450549,12435.9120879121,4324.7760989011
87,test,2002-10-01,1734.0,7608535.0,20955038.0,2647670.0,4144.4150390625,11408.84765625,5314.791015625,4250.79891304348,11700.4565217391,5072.42663043478
87,test,2003-01-01,1826.0,7973370.0,21959448.0,3160285.25,3855.93920898438,10616.0595703125,5685.732421875,3965.59782608696,10917.5,5571.90489130435
87,test,2003-04-01,1916.0,8308199.5,22881318.0,3691201.25,3630.32250976563,9995.361328125,6002.15576171875,3720.32777777778,10243.0,5899.06666666667
87,test,2003-07-01,2007.0,8623191.0,23748610.0,4233170.5,3409.52807617188,9387.9482421875,6033.52587890625,3461.44505494505,9530.68131868132,5955.70604395604
87,test,2003-10-01,2099.0,8922348.0,24572256.0,4775532.5,3207.6435546875,8830.64453125,5960.82421875,3251.70652173913,8952.67391304348,5895.23913043478
87,test,2004-01-01,2191.0,9206139.0,25353484.0,5326390.5,3058.6591796875,8419.9189453125,6028.123046875,3084.6847826087,8491.60869565217,5987.58695652174
87,test,2004-04-01,2282.0,9474215.0,26091418.0,5878933.0,2920.4033203125,8039.0234375,6112.32470703125,2945.89010989011,8109.16483516484,6071.8956043956
87,test,2004-07-01,2373.0,9729698.0,26794564.0,6439721.5,2783.76953125,7660.80224609375,6200.12744140625,2807.50549450549,7726.87912087912,6162.51098901099
87,test,2004-10-01,2465.0,9975371.0,27470246.0,7016050.5,2648.826171875,7282.99755859375,6300.7392578125,2670.35869565217,7344.36956521739,6264.44565217391
87,test,2005-01-01,2557.0,10208981.0,28112232.0,7603785.5,2520.24047851563,6925.5322265625,6422.73193359375,2539.23913043478,6978.10869565217,6388.42391304348
87,test,2005-04-01,2647.0,10424707.0,28705256.0,8190804.5,2379.21533203125,6542.267578125,6555.953125,2396.95555555556,6589.15555555556,6522.43333333333
87,test,2005-07-01,2738.0,10627259.0,29262386.0,8796745.0,2212.87719726563,6087.30810546875,6682.80615234375,2225.84615384615,6122.30769230769,6658.68681318681
87,test,2005-10-01,2830.0,10818547.0,29788658.0,9420873.0,2065.7373046875,5683.62060546875,6808.1015625,2079.21739130435,5720.34782608696,6784.0
87,test,2006-01-01,2922.0,10999604.0,30286866.0,10056020.0,1953.79858398438,5376.45263671875,6927.5390625,1968.01086956522,5415.30434782609,6903.77173913043
87,test,2006-04-01,3012.0,11169601.0,30754688.0,10687020.0,1870.19836425781,5146.79443359375,7040.79638671875,1888.85555555556,5198.02222222222,7011.11111111111
87,test,2006-07-01,3103.0,11335383.0,31210950.0,11336947.0,1805.95324707031,4970.52197265625,7166.76806640625,1821.78021978022,5013.86813186813,7142.05494505495
87,test,2006-10-01,3195.0,11498139.0,31658932.0,12005096.0,1753.45446777344,4826.26904296875,7287.88330078125,1769.08695652174,4869.36956521739,7262.48913043478
87,test,2007-01-01,3287.0,11655983.0,32093404.0,12684826.0,1692.66528320313,4659.57177734375,7432.8779296875,1715.69565217391,4722.52173913043,7388.36956521739
87,test,2007-04-01,3377.0,11804268.0,32501676.0,13363275.0,1630.73181152344,4489.8974609375,7569.81884765625,1647.61111111111,4536.35555555556,7538.32222222222
87,test,2007-07-01,3468.0,11948927.0,32899948.0,14062145.0,1573.3740234375,4331.79541015625,7710.39306640625,1589.65934065934,4376.61538461538,7679.89010989011
87,test,2007-10-01,3560.0,12089919.0,33288050.0,14781575.0,1517.76831054688,4177.15283203125,7850.7001953125,1532.52173913043,4218.5,7819.89130434783
87,test,2008-01-01,3652.0,12226357.0,33663416.0,15513501.0,1470.04357910156,4044.08764648438,7985.466796875,1483.02173913043,4080.0652173913,7955.71739130435
88,test,1998-01-01,0.0,0.0,0.0,0.0,0.0,0.0,0.0,,,
88,test,1998-04-01,90.0,0.0,0.0,0.0,0.0,0.0,0.0,0.0,0.0,0.0
88,test,1998-07-01,181.0,0.0,0.0,0.0,0.0,0.0,0.0,0.0,0.0,0.0
88,test,1998-10-01,273.0,0.0,0.0,0.0,0.0,0.0,0.0,0.0,0.0,0.0
88,test,1999-01-01,365.0,518325.5,1426714.875,0.0,5633.97265625,15507.76953125,0.0,5633.97282608696,15507.7703804348,0.0
88,test,1999-04-01,455.0,1017777.4375,2801479.25,0.0,5549.4658203125,15275.16015625,0.0,5549.46597222222,15275.1597222222,0.0
88,test,1999-07-01,546.0,1528237.375,4206543.5,0.0,5609.44970703125,15440.26953125,0.0,5609.44986263736,15440.2664835165,0.0
88,test,1999-10-01,638.0,2042383.125,5621754.0,683.804382324219,5580.201171875,15359.7607421875,30.3900833129883,5588.54076086957,15382.722826087,7.43265632961108
88,test,2000-01-01,730.0,2554587.0,7031618.5,9236.4228515625,5556.521484375,15294.5810546875,122.999176025391,5567.43342391304,15324.6141304348,92.9632442308509
88,test,2000-04-01,821.0,3064748.25,8435861.0,24760.78125,5588.0029296875,15381.2353515625,220.592254638672,5606.16758241758,15431.2362637363,170.597345037775
88,test,2000-07-01,912.0,3567267.5,9819068.0,63278.91015625,5480.95361328125,15086.5771484375,536.783142089844,5522.18956043956,15200.0769230769,423.276141826923
88,test,2000-10-01,1004.0,4070529.25,11204320.0,136172.203125,5419.8837890625,14918.48046875,930.918640136719,5470.23641304348,15057.0869565217,792.318401834239
88,test,2001-01-01,1096.0,4573813.5,12589633.0,246997.5625,5419.86865234375,14918.4384765625,1343.93664550781,5470.48097826087,15057.75,1204.62347146739
88,test,2001-04-01,1186.0,5067763.5,13949252.0,398077.59375,5427.970703125,14940.7392578125,1844.81188964844,5488.33333333333,15106.8777777778,1678.66701388889
88,test,2001-07-01,1277.0,5561912.5,15309421.0,590139.625,5374.82177734375,14794.4453125,2263.03686523438,5430.20879120879,14946.9120879121,2110.57177197802
88,test,2001-10-01,1369.0,6052936.0,16660985.0,816532.375,5291.60498046875,14565.3857421875,2586.31689453125,5337.21195652174,14690.9130434783,2460.79076086957
88,test,2002-01-01,1461.0,6537443.0,17994612.0,1073525.125,5222.18896484375,14374.3154296875,2915.03857421875,5266.38043478261,14495.9456521739,2793.39945652174
88,test,2002-04-01,1551.0,7003567.5,19277642.0,1352564.0,5136.74853515625,14139.1376953125,3217.171875,5179.16111111111,14255.8888888889,3100.43194444444
88,test,2002-07-01,1642.0,7466048.0,20550642.0,1662766.0,5043.49462890625,13882.4521484375,3515.37255859375,5082.2032967033,13989.010989011,3408.81318681319
88,test,2002-10-01,1734.0,7925681.0,21815882.0,2006219.625,4943.99853515625,13613.119140625,3872.67260742188,4996.01086956522,13752.6086956522,3733.19157608696
88,test,2003-01-01,1826.0,8368760.0,23035398.0,2387970.75,4757.72802734375,13095.7548828125,4309.337890625,4816.07608695652,13255.6086956522,4149.46875
88,test,2003-04-01,1916.0,8769403.0,24138184.0,2806438.0,4377.95654296875,12050.5234375,4852.2939453125,4451.58888888889,12253.1777777778,4649.63611111111
88,test,2003-07-01,2007.0,9140247.0,25158950.0,3259368.75,4022.74194335938,11072.783203125,5121.68505859375,4075.20879120879,11217.2087912088,4977.26098901099
88,test,2003-10-01,2099.0,9491722.0,26126404.0,3730663.75,3779.04760742187,10402.0029296875,5236.55615234375,3820.38043478261,10515.8043478261,5122.77173913043
88,test,2004-01-01,2191.0,9826533.0,27047984.0,4221975.0,3611.98974609375,9942.16796875,5415.35791015625,3639.25,10017.1739130435,5340.33967391304
88,test,2004-04-01,2282.0,10143909.0,27921644.0,4723498.5,3458.2197265625,9523.45703125,5588.443359375,3487.64835164835,9600.65934065934,5511.24725274725
88,test,2004-07-01,2373.0,10447162.0,28757216.0,5240477.5,3307.58227539063,9119.4697265625,5743.73583984375,3332.45054945055,9182.10989010989,5681.08791208791
88,test,2004-10-01,2465.0,10740541.0,29565968.0,5775675.5,3163.28491210938,8730.2607421875,5877.8818359375,3188.90217391304,8790.78260869565,5817.36956521739
88,test,2005-01-01,2557.0,11020774.0,30339358.0,6324041.0,3021.064453125,8356.994140625,6009.91162109375,3046.01086956522,8406.41304347826,5960.49456521739
88,test,2005-04-01,2647.0,11280906.0,31058568.0,6873337.5,2872.07055664063,7953.1005859375,6141.42626953125,2890.35555555556,7991.22222222222,6103.29444444444
88,test,2005-07-01,2738.0,11528310.0,31742920.0,7439890.0,2703.47485351563,7485.904296875,6260.2841796875,2718.72527472527,7520.35164835165,6225.85164835165
88,test,2005-10-01,2830.0,11764395.0,32394352.0,8023673.0,2553.74536132813,7039.1708984375,6366.1259765625,2566.14130434783,7080.78260869565,6345.46739130435
88,test,2006-01-01,2922.0,11991024.0,33017636.0,8616767.0,2446.00537109375,6722.42138671875,6476.34521484375,2463.35869565217,6774.82608695652,6446.67391304348
88,test,2006-04-01,3012.0,12205015.0,33605604.0,9208343.0,2363.31420898438,6494.02880859375,6599.744140625,2377.67777777778,6532.97777777778,6573.06666666667
88,test,2006-07-01,3103.0,12415876.0,34185284.0,9818598.0,2302.2880859375,6330.1953125,6732.1494140625,2317.15384615385,6370.10989010989,6706.0989010989
88,test,2006-10-01,3195.0,12624389.0,34758760.0,10447468.0,2250.41552734375,6189.80224609375,6864.1484375,2266.44565217391,6233.4347826087,6835.54347826087
88,test,2007-01-01,3287.0,12827825.0,35318424.0,11088038.0,2194.70361328125,6038.228515625,6990.3740234375,2211.26086956522,6083.30434782609,6962.71739130435
88,test,2007-04-01,3377.0,13021774.0,35852084.0,11724643.0,2139.04296875,5885.68212890625,7099.6484375,2154.98888888889,5929.55555555556,7073.38888888889
88,test,2007-07-01,3468.0,13212889.0,36377956.0,12379131.0,2084.4482421875,5735.5888671875,7216.90380859375,2100.16483516484,5778.81318681319,7192.17582417582
88,test,2007-10-01,3560.0,13400997.0,36895556.0,13051216.0,2028.60473632813,5581.951171875,7329.9443359375,2044.65217391304,5626.08695652174,7305.27173913043
88,test,2008-01-01,3652.0,13583845.0,37398780.0,13733349.0,1972.01733398438,5427.70166015625,7437.69287109375,1987.47826086957,5469.82608695652,7414.48913043478
89,test,1998-01-01,0.0,0.0,0.0,0.0,0.0,0.0,0.0,,,
89,test,1998-04-01,90.0,0.0,0.0,0.0,0.0,0.0,0.0,0.0,0.0,0.0
89,test,1998-07-01,181.0,0.0,0.0,0.0,0.0,0.0,0.0,0.0,0.0,0.0
89,test,1998-10-01,273.0,0.0,0.0,0.0,0.0,0.0,0.0,0.0,0.0,0.0
89,test,1999-01-01,365.0,518325.5,1426714.875,0.0,5633.97265625,15507.76953125,0.0,5633.97282608696,15507.7703804348,0.0
89,test,1999-04-01,455.0,1017777.4375,2801479.25,0.0,5549.4658203125,15275.16015625,0.0,5549.46597222222,15275.1597222222,0.0
89,test,1999-07-01,546.0,1528237.375,4206543.5,0.0,5609.44970703125,15440.26953125,0.0,5609.44986263736,15440.2664835165,0.0
89,test,1999-10-01,638.0,2042618.75,5622402.5,35.3353538513184,5590.802734375,15388.9423828125,1.20889413356781,5591.10190217391,15389.7717391304,0.384079933166504
89,test,2000-01-01,730.0,2556924.25,7038052.0,2803.05810546875,5577.572265625,15352.525390625,65.0550384521484,5590.27717391304,15387.4945652174,30.0839429523634
89,test,2000-04-01,821.0,3068830.25,8447097.0,13524.3818359375,5618.0556640625,15463.9580078125,137.869888305664,5625.34065934066,15484.010989011,117.816744290865
89,test,2000-07-01,912.0,3578765.5,9850717.0,31629.8203125,5582.845703125,15367.0400390625,256.319580078125,5603.68406593407,15424.3956043956,198.960862379808
89,test,2000-10-01,1004.0,4093378.5,11267213.0,73278.6875,5550.0673828125,15276.81640625,572.582275390625,5593.61956521739,15396.6956521739,452.705078125
89,test,2001-01-01,1096.0,4608967.5,12686395.0,150235.390625,5559.9765625,15304.091796875,958.283813476563,5604.22826086957,15425.8913043478,836.485903532609
89,test,2001-04-01,1186.0,5117418.5,14085930.0,261399.625,5602.84375,15422.0859375,1363.46447753906,5649.45555555556,15550.3888888889,1235.15815972222
89,test,2001-07-01,1277.0,5627438.5,15489783.0,409777.3125,5548.88330078125,15273.556640625,1783.92492675781,5604.61538461538,15426.956043956,1630.52403846154
89,test,2001-10-01,1369.0,6134081.5,16884342.0,593175.5625,5457.33154296875,15021.556640625,2130.14624023438,5506.98913043478,15158.25,1993.45923913043
89,test,2002-01-01,1461.0,6633751.5,18259706.0,808431.6875,5388.9765625,14833.4072265625,2455.94702148438,5431.19565217391,14949.6086956522,2339.74048913043
89,test,2002-04-01,1551.0,7115676.5,19586228.0,1043978.25,5317.73388671875,14637.3076171875,2719.00244140625,5354.72222222222,14739.1333333333,2617.18402777778
89,test,2002-07-01,1642.0,7595873.5,20907992.0,1305416.0,5241.20703125,14426.6640625,2971.16088867188,5276.89010989011,14524.8791208791,2872.94230769231
89,test,2002-10-01,1734.0,8075270.5,22227554.0,1594546.75,5176.8408203125,14249.4931640625,3236.29833984375,5210.83695652174,14343.0652173913,3142.72554347826
89,test,2003-01-01,1826.0,8543271.0,23515748.0,1907621.5,5054.720703125,13913.3515625,3491.74169921875,5086.96195652174,14002.1086956522,3402.98641304348
89,test,2003-04-01,1916.0,8977456.0,24710860.0,2233762.0,4790.068359375,13184.884765625,3717.93359375,4824.27777777778,13279.0222222222,3623.78333333333
89,test,2003-07-01,2007.0,9387703.0,25840084.0,2578235.25,4474.65966796875,12316.70703125,3877.76049804688,4508.20879120879,12409.0549450549,3785.42032967033
89,test,2003-10-01,2099.0,9777909.0,26914144.0,2942922.25,4206.21728515625,11577.8076171875,4060.75170898438,4241.36956521739,11674.5652173913,3963.98913043478
89,test,2004-01-01,2191.0,10148250.0,27933526.0,3336433.75,3981.34497070313,10958.8359375,4398.68994140625,4025.44565217391,11080.2391304348,4277.29891304348
89,test,2004-04-01,2282.0,10495061.0,28888138.0,3757003.5,3773.16967773438,10385.8232421875,4726.076171875,3811.10989010989,10490.2417582418,4621.6456043956
89,test,2004-07-01,2373.0,10825299.0,29797134.0,4200560.5,3594.79345703125,9894.8349609375,4968.37109375,3628.98901098901,9988.96703296703,4874.25274725275
89,test,2004-10-01,2465.0,11143181.0,30672120.0,4669523.5,3432.88623046875,9449.177734375,5158.96435546875,3455.23913043478,9510.71739130435,5097.42391304348
89,test,2005-01-01,2557.0,11446993.0,31508376.0,5155022.5,3280.64404296875,9030.1240234375,5336.7822265625,3302.30434782609,9089.73913043478,5277.16304347826
89,test,2005-04-01,2647.0,11729043.0,32284730.0,5647175.5,3120.58056640625,8589.5419921875,5504.98486328125,3133.88888888889,8626.15555555556,5468.36666666667
89,test,2005-07-01,2738.0,11998272.0,33025798.0,6157011.0,2942.048828125,8098.125,5648.06396484375,2958.56043956044,8143.6043956044,5602.58791208791
89,test,2005-10-01,2830.0,12256115.0,33735520.0,6684434.0,2788.60522460938,7675.76416015625,5771.4736328125,2802.64130434783,7714.36956521739,5732.85869565217
89,test,2006-01-01,2922.0,12503674.0,34416936.0,7221794.5,2678.39184570313,7372.39697265625,5875.1826171875,2690.85869565217,7406.69565217391,5840.875
89,test,2006-04-01,3012.0,12739005.0,35064700.0,7756590.5,2601.56494140625,7160.927734375,5978.59716796875,2614.78888888889,7197.37777777778,5942.17777777778
89,test,2006-07-01,3103.0,12972147.0,35706432.0,8308553.0,2550.30395507813,7019.8291015625,6097.7158203125,2562.0,7052.0,6065.52197802198
89,test,2006-10-01,3195.0,13203867.0,36344252.0,8878023.0,2509.30004882813,6906.9638671875,6215.740234375,2518.69565217391,6932.82608695652,6189.89130434783
89,test,2007-01-01,3287.0,13431306.0,36970292.0,9457543.0,2462.80078125,6778.97265625,6324.91650390625,2472.16304347826,6804.78260869565,6299.13043478261
89,test,2007-04-01,3377.0,13649545.0,37571000.0,10033674.0,2415.22631835938,6648.02197265625,6428.009765625,2424.87777777778,6674.53333333333,6401.45555555556
89,test,2007-07-01,3468.0,13865971.0,38166724.0,10626848.0,2368.7099609375,6519.98291015625,6544.81494140625,2378.30769230769,6546.41758241758,6518.3956043956
89,test,2007-10-01,3560.0,14080396.0,38756940.0,11237136.0,2320.79028320313,6388.08203125,6660.85205078125,2330.70652173913,6415.39130434783,6633.5652173913
89,test,2008-01-01,3652.0,14290338.0,39334816.0,11857934.0,2272.12915039063,6254.14013671875,6774.923828125,2281.97826086957,6281.26086956522,6747.80434782609
90,test,1998-01-01,0.0,0.0,0.0,0.0,0.0,0.0,0.0,,,
90,test,1998-04-01,90.0,0.0,0.0,0.0,0.0,0.0,0.0,0.0,0.0,0.0
90,test,1998-07-01,181.0,0.0,0.0,0.0,0.0,0.0,0.0,0.0,0.0,0.0
90,test,1998-10-01,273.0,0.0,0.0,0.0,0.0,0.0,0.0,0.0,0.0,0.0
90,test,1999-01-01,365.0,518325.5,1426714.875,0.0,5633.97265625,15507.76953125,0.0,5633.97282608696,15507.7703804348,0.0
90,test,1999-04-01,455.0,1017777.4375,2801479.25,0.0,5549.4658203125,15275.16015625,0.0,5549.46597222222,15275.1597222222,0.0
90,test,1999-07-01,546.0,1528237.375,4206543.5,0.0,5609.44970703125,15440.26953125,0.0,5609.44986263736,15440.2664835165,0.0
90,test,1999-10-01,638.0,2042610.375,5622379.0,58.4762115478516,5589.6943359375,15385.8916015625,4.25931692123413,5591.01086956522,15389.5163043478,0.635610995085343
90,test,2000-01-01,730.0,2555843.0,7035076.0,5779.14404296875,5565.3388671875,15318.8525390625,98.7278747558594,5578.61548913043,15355.402173913,62.1811720806619
90,test,2000-04-01,821.0,3066862.5,8441681.0,18940.763671875,5607.490234375,15434.8759765625,166.951553344727,5615.5989010989,15457.1978021978,144.633182735234
90,test,2000-07-01,912.0,3573764.75,9836952.0,45395.03125,5530.80029296875,15223.7822265625,399.577331542969,5570.3543956044,15332.6483516484,290.706237122253
90,test,2000-10-01,1004.0,4082525.0,11237338.0,103153.515625,5480.05859375,15084.1142578125,765.284790039063,5530.0027173913,15221.5869565217,627.809612771739
90,test,2001-01-01,1096.0,4591955.5,12639570.0,197060.390625,5485.583984375,15099.322265625,1163.0517578125,5537.28804347826,15241.652173913,1020.72690217391
90,test,2001-04-01,1186.0,5092502.5,14017347.0,329982.59375,5510.2431640625,15167.1982421875,1618.35290527344,5561.63333333333,15308.6333333333,1476.91336805556
90,test,2001-07-01,1277.0,5594021.0,15397801.0,501759.9375,5455.7548828125,15017.216796875,2040.26513671875,5511.19230769231,15169.8241758242,1887.66311813187
90,test,2001-10-01,1369.0,6092466.0,16769794.0,707723.1875,5367.22900390625,14773.544921875,2378.15795898438,5417.88043478261,14912.9673913043,2238.73097826087
90,test,2002-01-01,1461.0,6584154.5,18123188.0,944949.8125,5304.81201171875,14601.740234375,2687.61401367188,5344.4402173913,14710.8043478261,2578.55027173913
90,test,2002-04-01,1551.0,7058110.0,19427772.0,1202433.125,5227.93212890625,14390.1240234375,2966.18530273438,5266.17222222222,14495.3777777778,2860.92569444444
90,test,2002-07-01,1642.0,7529463.5,20725196.0,1488211.875,5142.86669921875,14155.978515625,3241.84643554688,5179.70879120879,14257.4065934066,3140.42582417582
90,test,2002-10-01,1734.0,7999216.0,22018210.0,1803890.0,5068.89892578125,13952.3779296875,3533.41455078125,5106.00543478261,14054.5,3431.2839673913
90,test,2003-01-01,1826.0,8455773.0,23274904.0,2148465.25,4921.04443359375,13545.40234375,3859.69116210938,4962.57608695652,13659.7173913043,3745.38315217391
90,test,2003-04-01,1916.0,8876522.0,24433038.0,2511585.5,4628.0283203125,12738.861328125,4163.95654296875,4674.98888888889,12868.1555555556,4034.66944444444
90,test,2003-07-01,2007.0,9269190.0,25513874.0,2904445.75,4260.1103515625,11726.150390625,4468.31787109375,4315.03296703297,11877.3186813187,4317.1456043956
90,test,2003-10-01,2099.0,9637228.0,26526914.0,3330153.0,3954.2041015625,10884.12890625,4754.43017578125,4000.41304347826,11011.3043478261,4627.2527173913
90,test,2004-01-01,2191.0,9986708.0,27488876.0,3781083.75,3755.2431640625,10336.4794921875,5021.04638671875,3798.69565217391,10456.1086956522,4901.42119565217
90,test,2004-04-01,2282.0,10316525.0,28396710.0,4248432.5,3596.07299804688,9898.3564453125,5213.54296875,3624.36263736264,9976.1978021978,5135.70054945055
90,test,2004-07-01,2373.0,10632328.0,29265972.0,4731721.0,3444.99462890625,9482.5068359375,5380.69921875,3470.36263736264,9552.32967032967,5310.86263736264
90,test,2004-10-01,2465.0,10937098.0,30104866.0,5236777.0,3291.89208984375,9061.0849609375,5547.05712890625,3312.71739130435,9118.41304347826,5489.73913043478
90,test,2005-01-01,2557.0,11228469.0,30906880.0,5756519.0,3145.1279296875,8657.109375,5709.796875,3167.07608695652,8717.54347826087,5649.36956521739
90,test,2005-04-01,2647.0,11499559.0,31653066.0,6278839.0,2996.46362304688,8247.904296875,5846.62255859375,3012.11111111111,8290.95555555556,5803.55555555556
90,test,2005-07-01,2738.0,11758258.0,32365148.0,6817660.5,2829.33374023438,7787.87158203125,5958.3173828125,2842.84615384615,7825.07692307692,5921.11538461538
90,test,2005-10-01,2830.0,12005944.0,33046914.0,7373041.0,2682.02954101563,7382.41015625,6064.828125,2692.23913043478,7410.5,6036.74456521739
90,test,2006-01-01,2922.0,12243468.0,33700708.0,7938023.5,2571.94018554688,7079.3837890625,6168.1962890625,2581.78260869565,7106.45652173913,6141.11413043478
90,test,2006-04-01,3012.0,12468726.0,34320744.0,8500546.0,2494.51586914063,6866.27001953125,6273.2548828125,2502.86666666667,6889.28888888889,6250.25
90,test,2006-07-01,3103.0,12692041.0,34935428.0,9079558.0,2441.24462890625,6719.638671875,6397.90625,2454.01098901099,6754.76923076923,6362.76923076923
90,test,2006-10-01,3195.0,12913421.0,35544788.0,9677488.0,2395.73706054688,6594.37646484375,6528.32763671875,2406.30434782609,6623.47826086957,6499.23913043478
90,test,2007-01-01,3287.0,13129950.0,36140792.0,10287040.0,2342.62963867188,6448.19580078125,6655.693359375,2353.57608695652,6478.30434782609,6625.5652173913
90,test,2007-04-01,3377.0,13337166.0,36711164.0,10893511.0,2292.12451171875,6309.1787109375,6766.853515625,2302.4,6337.46666666667,6738.56666666667
90,test,2007-07-01,3468.0,13542150.0,37275392.0,11518181.0,2242.09887695313,6171.48046875,6893.31787109375,2252.57142857143,6200.30769230769,6864.50549450549
90,test,2007-10-01,3560.0,13744827.0,37833272.0,12160803.0,2193.1494140625,6036.74462890625,7012.189453125,2203.01086956522,6063.91304347826,6985.02173913043
90,test,2008-01-01,3652.0,13943062.0,38378920.0,12813828.0,2144.9326171875,5904.02587890625,7125.0380859375,2154.72826086957,5930.95652173913,7098.09782608696
91,test,1998-01-01,0.0,0.0,0.0,0.0,0.0,0.0,0.0,,,
91,test,1998-04-01,90.0,0.0,0.0,0.0,0.0,0.0,0.0,0.0,0.0,0.0
91,test,1998-07-01,181.0,0.0,0.0,0.0,0.0,0.0,0.0,0.0,0.0,0.0
91,test,1998-10-01,273.0,0.0,0.0,0.0,0.0,0.0,0.0,0.0,0.0,0.0
91,test,1999-01-01,365.0,518325.5,1426714.875,0.0,5633.97265625,15507.76953125,0.0,5633.97282608696,15507.7703804348,0.0
91,test,1999-04-01,455.0,1017777.4375,2801479.25,0.0,5549.4658203125,15275.16015625,0.0,5549.46597222222,15275.1597222222,0.0
91,test,1999-07-01,546.0,1527738.5,4205171.0,1372.90844726563,5587.60302734375,15380.134765625,60.134693145752,5603.96771978022,15425.1840659341,15.086906013908
91,test,1999-10-01,638.0,2037723.5,5608928.0,13509.6806640625,5530.42236328125,15222.7431640625,167.408432006836,5543.3152173913,15258.2282608696,131.921437139096
91,test,2000-01-01,730.0,2541972.75,6996897.5,43957.67578125,5416.10986328125,14908.091796875,509.488494873047,5480.97010869565,15086.625,330.956468665082
91,test,2000-04-01,821.0,3030875.0,8342623.0,117998.1953125,5302.62353515625,14595.7158203125,1006.11212158203,5372.5521978022,14788.1923076923,813.632082760989
91,test,2000-07-01,912.0,3505884.25,9650108.0,232239.3125,5145.15283203125,14162.26953125,1461.09008789063,5219.88186813187,14367.967032967,1255.39689217033
91,test,2000-10-01,1004.0,3977098.5,10947147.0,393344.78125,5055.2705078125,13914.8642578125,1934.5341796875,5121.89402173913,14098.25,1751.14639945652
91,test,2001-01-01,1096.0,4445131.0,12235429.0,601201.625,5027.5263671875,13838.498046875,2423.87719726563,5087.3097826087,14003.0652173913,2259.31351902174
91,test,2001-04-01,1186.0,4901015.0,13493018.0,854312.375,5002.85888671875,13810.12109375,2975.4296875,5065.37777777778,13973.2111111111,2812.34166666667
91,test,2001-07-01,1277.0,5352783.5,14743363.0,1153526.5,4852.3203125,13430.07421875,3459.70581054688,4964.48901098901,13740.0549450549,3288.06730769231
91,test,2001-10-01,1369.0,5788936.0,15943745.0,1500008.875,4657.859375,12812.4814453125,3959.40625,4740.78804347826,13047.6304347826,3766.11277173913
91,test,2002-01-01,1461.0,6203152.0,17083768.0,1907122.75,4372.0947265625,12035.576171875,4726.51171875,4502.34782608696,12391.5543478261,4425.15081521739
91,test,2002-04-01,1551.0,6580981.5,18123964.0,2374783.75,4069.419921875,11204.076171875,5479.2685546875,4198.10555555556,11557.7333333333,5196.23333333333
91,test,2002-07-01,1642.0,6938765.5,19109056.0,2905720.0,3829.64331054688,10544.2607421875,6042.10888671875,3931.69230769231,10825.1868131868,5834.46428571429
91,test,2002-10-01,1734.0,7277520.5,20041778.0,3478147.5,3597.87475585938,9905.7333984375,6341.92919921875,3682.11956521739,10138.2826086957,6222.03804347826
91,test,2003-01-01,1826.0,7599445.0,20928036.0,4076084.75,3437.40161132813,9462.7109375,6606.37646484375,3499.17934782609,9633.23913043478,6499.31793478261
91,test,2003-04-01,1916.0,7901104.0,21758442.0,4686153.0,3305.68286132813,9099.4140625,6854.85107421875,3351.76666666667,9226.73333333333,6778.53611111111
91,test,2003-07-01,2007.0,8186539.0,22543948.0,5292999.0,3099.67993164063,8529.626953125,6726.451171875,3136.64835164835,8631.93406593407,6668.63736263736
91,test,2003-10-01,2099.0,8458537.0,23291878.0,5897196.5,2924.11328125,8037.20458984375,6621.85498046875,2956.5,8129.67391304348,6567.36413043478
91,test,2004-01-01,2191.0,8716212.0,24000064.0,6509829.5,2774.2490234375,7626.22607421875,6707.82421875,2800.8152173913,7697.67391304348,6659.05434782609
91,test,2004-04-01,2282.0,8958368.0,24666002.0,7125229.5,2634.52978515625,7246.630859375,6809.849609375,2661.05494505495,7318.0,6762.63736263736
91,test,2004-07-01,2373.0,9187428.0,25296190.0,7750828.5,2491.97143554688,6856.435546875,6917.01318359375,2517.14285714286,6925.14285714286,6874.71428571429
91,test,2004-10-01,2465.0,9405255.0,25895528.0,8394646.0,2342.87524414063,6446.59375,7037.70849609375,2367.6847826087,6514.54347826087,6998.01630434783
91,test,2005-01-01,2557.0,9610207.0,26459444.0,9050488.0,2195.76049804688,6041.53564453125,7179.55517578125,2227.73913043478,6129.52173913043,7128.71739130435
91,test,2005-04-01,2647.0,9794436.0,26966368.0,9710840.0,2013.73596191406,5541.83251953125,7405.16845703125,2046.98888888889,5632.48888888889,7337.24444444444
91,test,2005-07-01,2738.0,9961823.0,27427162.0,10397328.0,1819.06896972656,5008.2705078125,7580.97021484375,1839.41758241758,5063.67032967033,7543.82417582418
91,test,2005-10-01,2830.0,10116381.0,27852688.0,11104301.0,1655.80541992188,4558.8681640625,7726.64990234375,1679.97826086957,4625.28260869565,7684.48913043478
91,test,2006-01-01,2922.0,10259844.0,28247464.0,11824580.0,1541.39855957031,4239.94189453125,7870.24951171875,1559.38043478261,4291.04347826087,7829.11956521739
91,test,2006-04-01,3012.0,10392567.0,28612512.0,12543299.0,1460.26635742188,4016.59741210938,8020.3076171875,1474.7,4056.08888888889,7985.76666666667
91,test,2006-07-01,3103.0,10521528.0,28967294.0,13284448.0,1404.34716796875,3863.65063476563,8174.34130859375,1417.15384615385,3898.7032967033,8144.49450549451
91,test,2006-10-01,3195.0,10648680.0,29317206.0,14045351.0,1365.46435546875,3758.1298828125,8307.4462890625,1382.08695652174,3803.39130434783,8270.6847826087
91,test,2007-01-01,3287.0,10772312.0,29657520.0,14817535.0,1334.00500488281,3672.1923828125,8415.2197265625,1343.82608695652,3699.0652173913,8393.30434782609
91,test,2007-04-01,3377.0,10890503.0,29982902.0,15581185.0,1303.72534179688,3589.25170898438,8505.5283203125,1313.23333333333,3615.35555555556,8485.0
91,test,2007-07-01,3468.0,11007143.0,30304040.0,16362773.0,1272.44226074219,3503.43212890625,8608.31640625,1281.75824175824,3528.98901098901,8588.87912087912
91,test,2007-10-01,3560.0,11122186.0,30620830.0,17161746.0,1241.20080566406,3417.93188476563,8703.1005859375,1250.46739130435,3443.36956521739,8684.48913043478
91,test,2008-01-01,3652.0,11234358.0,30929726.0,17968816.0,1210.70727539063,3334.01635742188,8790.1005859375,1219.26086956522,3357.5652173913,8772.5
92,test,1998-01-01,0.0,0.0,0.0,0.0,0.0,0.0,0.0,,,
92,test,1998-04-01,90.0,0.0,0.0,0.0,0.0,0.0,0.0,0.0,0.0,0.0
92,test,1998-07-01,181.0,0.0,0.0,0.0,0.0,0.0,0.0,0.0,0.0,0.0
92,test,1998-10-01,273.0,0.0,0.0,0.0,0.0,0.0,0.0,0.0,0.0,0.0
92,test,1999-01-01,365.0,518325.5,1426714.875,0.0,5633.97265625,15507.76953125,0.0,5633.97282608696,15507.7703804348,0.0
92,test,1999-04-01,455.0,1017777.4375,2801479.25,0.0,5549.4658203125,15275.16015625,0.0,5549.46597222222,15275.1597222222,0.0
92,test,1999-07-01,546.0,1528237.375,4206543.5,0.0,5609.44970703125,15440.26953125,0.0,5609.44986263736,15440.2664835165,0.0
92,test,1999-10-01,638.0,2042618.125,5622400.5,37.1460113525391,5590.767578125,15388.845703125,1.30528438091278,5591.09510869565,15389.75,0.403760992962381
92,test,2000-01-01,730.0,2556547.0,7037013.5,3841.390625,5572.27099609375,15337.93359375,79.6469879150391,5586.18342391304,15376.2282608696,41.3504849309507
92,test,2000-04-01,821.0,3068118.0,8445136.0,15484.9560546875,5614.708984375,15454.7451171875,147.08235168457,5621.65934065934,15473.8736263736,127.951268458104
92,test,2000-07-01,912.0,3577168.0,9846320.0,36026.9140625,5568.5068359375,15327.5712890625,295.788635253906,5593.95604395604,15397.6263736264,225.735802283654
92,test,2000-10-01,1004.0,4089113.75,11255474.0,85017.921875,5524.8720703125,15207.46484375,641.932556152344,5564.6277173913,15316.8913043478,532.510954483696
92,test,2001-01-01,1096.0,4602066.5,12667400.0,169230.03125,5531.68017578125,15226.2041015625,1036.17102050781,5575.57336956522,15347.0217391304,915.349014945652
92,test,2001-04-01,1186.0,5107234.5,14057898.0,289432.0625,5568.05322265625,15326.3232421875,1459.22790527344,5612.97777777778,15449.9777777778,1335.578125
92,test,2001-07-01,1277.0,5613977.0,15452730.0,446830.65625,5510.83837890625,15168.8369140625,1888.64477539063,5568.5989010989,15327.8241758242,1729.65487637363
92,test,2001-10-01,1369.0,6116999.5,16837322.0,640194.5625,5419.57470703125,14917.6298828125,2234.0732421875,5467.63586956522,15049.9130434783,2101.78158967391
92,test,2002-01-01,1461.0,6613600.5,18204240.0,863897.0625,5353.84814453125,14736.7138671875,2552.63989257813,5397.83695652174,14857.8043478261,2431.54891304348
92,test,2002-04-01,1551.0,7092167.0,19521516.0,1108689.0,5281.61279296875,14537.8837890625,2818.42626953125,5317.40555555556,14636.4,2719.91041666667
92,test,2002-07-01,1642.0,7568554.5,20832794.0,1380613.0,5200.47607421875,14314.5498046875,3083.27514648438,5235.02747252747,14409.6483516484,2988.17582417582
92,test,2002-10-01,1734.0,8044098.5,22141752.0,1680348.25,5132.00390625,14126.0771484375,3359.71484375,5168.95652173913,14227.8043478261,3257.99184782609
92,test,2003-01-01,1826.0,8507716.0,23417880.0,2005489.625,5002.95263671875,13770.857421875,3634.23559570313,5039.32065217391,13870.9565217391,3534.14538043478
92,test,2003-04-01,1916.0,8936328.0,24597656.0,2346967.0,4728.37060546875,13015.05859375,3887.75927734375,4762.35555555556,13108.6222222222,3794.19305555556
92,test,2003-07-01,2007.0,9340234.0,25709426.0,2708893.5,4401.48486328125,12115.2900390625,4079.17822265625,4438.52747252747,12217.2527472527,3977.21428571429
92,test,2003-10-01,2099.0,9722547.0,26761760.0,3095307.75,4107.736328125,11306.734375,4331.82470703125,4155.57608695652,11438.4130434783,4200.15489130435
92,test,2004-01-01,2191.0,10083013.0,27753960.0,3516000.25,3875.23315429688,10666.7578125,4690.76806640625,3918.10869565217,10784.7826086957,4572.74456521739
92,test,2004-04-01,2282.0,10421739.0,28686318.0,3958824.0,3688.79956054687,10153.5908203125,4958.30908203125,3722.26373626374,10245.6923076923,4866.19505494505
92,test,2004-07-01,2373.0,10745439.0,29577316.0,4420377.5,3527.68359375,9710.1123046875,5153.09375,3557.14285714286,9791.18681318681,5072.01648351648
92,test,2004-10-01,2465.0,11057708.0,30436852.0,4904791.0,3372.11108398438,9281.8916015625,5326.25048828125,3394.22826086957,9342.78260869565,5265.36413043478
92,test,2005-01-01,2557.0,11355822.0,31257424.0,5405973.5,3220.671875,8865.0478515625,5501.85791015625,3240.36956521739,8919.26086956522,5447.63586956522
92,test,2005-04-01,2647.0,11633111.0,32020674.0,5911232.0,3063.65454101563,8432.8505859375,5661.6767578125,3080.98888888889,8480.55555555555,5613.98333333333
92,test,2005-07-01,2738.0,11897400.0,32748142.0,6434666.5,2888.58349609375,7950.958984375,5795.2294921875,2904.27472527473,7994.15384615385,5752.02747252747
92,test,2005-10-01,2830.0,12150652.0,33445230.0,6974724.5,2740.80004882813,7544.17822265625,5903.0595703125,2752.73913043478,7577.04347826087,5870.19565217391
92,test,2006-01-01,2922.0,12393853.0,34114652.0,7524080.0,2630.90698242188,7241.6923828125,6005.88720703125,2643.48913043478,7276.32608695652,5971.25543478261
92,test,2006-04-01,3012.0,12624694.0,34750052.0,8071237.0,2553.8818359375,7029.677734375,6109.84716796875,2564.9,7060.0,6079.52222222222
92,test,2006-07-01,3103.0,12853274.0,35379228.0,8635757.0,2502.96997070313,6889.5400390625,6228.0048828125,2511.86813186813,6914.02197802198,6203.51648351648
92,test,2006-10-01,3195.0,13080622.0,36005016.0,9217260.0,2461.58618164063,6775.62939453125,6347.07470703125,2471.17391304348,6802.04347826087,6320.6847826087
92,test,2007-01-01,3287.0,13303723.0,36619112.0,9808721.0,2412.37622070313,6640.17724609375,6463.7119140625,2425.01086956522,6674.95652173913,6428.92391304348
92,test,2007-04-01,3377.0,13517312.0,37207024.0,10397650.0,2363.28173828125,6505.04150390625,6570.990234375,2373.21111111111,6532.35555555556,6543.65555555556
92,test,2007-07-01,3468.0,13728854.0,37789304.0,11004270.0,2314.30493164063,6370.23095703125,6694.56689453125,2324.63736263736,6398.68131868132,6666.15384615385
92,test,2007-10-01,3560.0,13938181.0,38365484.0,11628589.0,2265.115234375,6234.83447265625,6814.099609375,2275.29347826087,6262.82608695652,6786.07608695652
92,test,2008-01-01,3652.0,14142963.0,38929156.0,12263590.0,2215.94702148438,6099.49609375,6929.56787109375,2225.89130434783,6126.86956521739,6902.1847826087
93,test,1998-01-01,0.0,0.0,0.0,0.0,0.0,0.0,0.0,,,
93,test,1998-04-01,90.0,0.0,0.0,0.0,0.0,0.0,0.0,0.0,0.0,0.0
93,test,1998-07-01,181.0,0.0,0.0,0.0,0.0,0.0,0.0,0.0,0.0,0.0
93,test,1998-10-01,273.0,0.0,0.0,0.0,0.0,0.0,0.0,0.0,0.0,0.0
93,test,1999-01-01,365.0,518325.5,1426714.875,0.0,5633.97265625,15507.76953125,0.0,5633.97282608696,15507.7703804348,0.0
93,test,1999-04-01,455.0,1017777.4375,2801479.25,0.0,5549.4658203125,15275.16015625,0.0,5549.46597222222,15275.1597222222,0.0
93,test,1999-07-01,546.0,1527544.375,4204636.5,1907.41528320312,5582.11669921875,15365.033203125,75.2357788085938,5601.83447802198,15419.3104395604,20.9606075077266
93,test,1999-10-01,638.0,2036992.875,5606917.0,15520.84375,5513.806640625,15177.0078125,213.143493652344,5537.48369565217,15242.1793478261,147.97204855214
93,test,2000-01-01,730.0,2536288.5,6981251.0,59603.796875,5348.89306640625,14723.0751953125,694.505187988281,5427.12635869565,14938.4130434783,479.162533967391
93,test,2000-04-01,821.0,3018954.75,8309812.0,150809.140625,5232.39599609375,14402.4111328125,1199.41662597656,5304.02472527472,14599.5714285714,1002.25652472527
93,test,2000-07-01,912.0,3486628.75,9597106.0,285240.6875,5063.6484375,13937.92578125,1685.43383789063,5139.27472527472,14146.0879120879,1477.26974587912
93,test,2000-10-01,1004.0,3950843.0,10874878.0,465614.0,4983.6494140625,13717.7255859375,2131.673828125,5045.80706521739,13888.8260869565,1960.57948369565
93,test,2001-01-01,1096.0,4412310.0,12145087.0,691543.375,4956.70849609375,13643.5693359375,2618.80639648438,5015.94565217391,13806.6195652174,2455.75407608696
93,test,2001-04-01,1186.0,4862686.5,13384768.0,962561.6875,4944.24365234375,13609.2587890625,3176.29223632813,5004.18333333333,13774.2333333333,3011.31458333333
93,test,2001-07-01,1277.0,5308757.5,14615036.0,1284525.125,4828.49365234375,13328.43359375,3729.0478515625,4901.87912087912,13519.4285714286,3538.05975274725
93,test,2001-10-01,1369.0,5739332.0,15805632.0,1666727.25,4539.9189453125,12516.9052734375,4475.40673828125,4680.15760869565,12941.2608695652,4154.37092391304
93,test,2002-01-01,1461.0,6137671.5,16902640.0,2134663.5,4200.62158203125,11566.1904296875,5378.81103515625,4329.77717391304,11924.0,5086.26358695652
93,test,2002-04-01,1551.0,6502769.5,17907898.0,2652183.75,3957.68334960938,10897.1630859375,5948.3017578125,4056.64444444444,11169.5333333333,5750.225
93,test,2002-07-01,1642.0,6851098.5,18867006.0,3217100.0,3731.4853515625,10274.5322265625,6348.0615234375,3827.79120879121,10539.6483516484,6207.87087912088
93,test,2002-10-01,1734.0,7184848.5,19785994.0,3816282.0,3547.935546875,9769.365234375,6638.0849609375,3627.71739130435,9989.0,6512.84782608696
93,test,2003-01-01,1826.0,7502643.5,20660942.0,4440410.0,3400.22485351563,9360.712890625,6872.76123046875,3454.29347826087,9510.30434782609,6784.0
93,test,2003-04-01,1916.0,7800342.5,21480370.0,5073676.0,3264.2177734375,8983.794921875,7108.8681640625,3307.76666666667,9104.75555555556,7036.28888888889
93,test,2003-07-01,2007.0,8082078.5,22255500.0,5703901.5,3058.86450195313,8412.60546875,6990.3759765625,3096.0,8517.91208791209,6925.55494505495
93,test,2003-10-01,2099.0,8349769.5,22991276.0,6333652.5,2880.85620117188,7918.28515625,6898.640625,2909.6847826087,7997.5652173913,6845.11956521739
93,test,2004-01-01,2191.0,8603569.0,23689222.0,6971748.0,2731.9619140625,7514.5146484375,6983.04248046875,2758.6902173913,7586.36956521739,6935.82065217391
93,test,2004-04-01,2282.0,8841507.0,24343892.0,7612658.0,2586.32739257813,7116.80859375,7090.82177734375,2614.7032967033,7194.17582417582,7042.96703296703
93,test,2004-07-01,2373.0,9066222.0,24962260.0,8263145.0,2438.69555664063,6711.09619140625,7197.03955078125,2469.3956043956,6795.25274725275,7148.20879120879
93,test,2004-10-01,2465.0,9279102.0,25548088.0,8932136.0,2288.87548828125,6298.796875,7309.23583984375,2313.91304347826,6367.69565217391,7271.64130434783
93,test,2005-01-01,2557.0,9478305.0,26096274.0,9613295.0,2140.11791992188,5889.7255859375,7437.7265625,2165.25,5958.54347826087,7403.90217391304
93,test,2005-04-01,2647.0,9658508.0,26592280.0,10292236.0,1978.29016113281,5445.58984375,7582.22119140625,2002.25555555556,5511.17777777778,7543.78888888889
93,test,2005-07-01,2738.0,9823007.0,27045078.0,10994647.0,1774.32397460938,4884.07470703125,7784.685546875,1807.68131868132,4975.8021978022,7718.8021978022
93,test,2005-10-01,2830.0,9973523.0,27459364.0,11720791.0,1610.14733886719,4431.603515625,7940.45068359375,1636.04347826087,4503.10869565217,7892.86956521739
93,test,2006-01-01,2922.0,10112830.0,27842546.0,12461581.0,1500.19128417969,4126.11572265625,8084.9833984375,1514.20652173913,4165.02173913043,8052.0652173913
93,test,2006-04-01,3012.0,10242056.0,28198024.0,13199171.0,1423.31030273438,3915.66430664063,8224.94921875,1435.84444444444,3949.75555555556,8195.44444444445
93,test,2006-07-01,3103.0,10368183.0,28545070.0,13957635.0,1374.92932128906,3783.357421875,8360.0380859375,1386.01098901099,3813.69230769231,8334.76923076923
93,test,2006-10-01,3195.0,10492452.0,28887086.0,14735969.0,1339.99523925781,3688.2236328125,8483.9873046875,1350.75,3717.5652173913,8460.15217391304
93,test,2007-01-01,3287.0,10613548.0,29220456.0,15524719.0,1305.20617675781,3593.3583984375,8597.7685546875,1316.26086956522,3623.58695652174,8573.36956521739
93,test,2007-04-01,3377.0,10728550.0,29537112.0,16306198.0,1265.46923828125,3484.6259765625,8710.2431640625,1277.8,3518.4,8683.1
93,test,2007-07-01,3468.0,10841250.0,29847472.0,17107590.0,1222.23425292969,3365.90673828125,8841.7314453125,1238.46153846154,3410.54945054945,8806.50549450549
93,test,2007-10-01,3560.0,10951428.0,30150894.0,17928838.0,1183.72570800781,3259.91333007813,8956.0185546875,1197.58695652174,3298.0652173913,8926.60869565217
93,test,2008-01-01,3652.0,11058120.0,30444718.0,18759706.0,1150.4794921875,3168.35668945313,9050.0283203125,1159.69565217391,3193.73913043478,9031.17391304348
94,test,1998-01-01,0.0,0.0,0.0,0.0,0.0,0.0,0.0,,,
94,test,1998-04-01,90.0,0.0,0.0,0.0,0.0,0.0,0.0,0.0,0.0,0.0
94,test,1998-07-01,181.0,0.0,0.0,0.0,0.0,0.0,0.0,0.0,0.0,0.0
94,test,1998-10-01,273.0,0.0,0.0,0.0,0.0,0.0,0.0,0.0,0.0,0.0
94,test,1999-01-01,365.0,518325.5,1426714.875,0.0,5633.97265625,15507.76953125,0.0,5633.97282608696,15507.7703804348,0.0
94,test,1999-04-01,455.0,1017777.4375,2801479.25,0.0,5549.4658203125,15275.16015625,0.0,5549.46597222222,15275.1597222222,0.0
94,test,1999-07-01,546.0,1528227.0,4206515.0,28.5615062713623,5608.40380859375,15437.3896484375,2.87901997566223,5609.33585164835,15439.9532967033,0.313862706278707
94,test,1999-10-01,638.0,2040009.375,5615219.5,7217.93505859375,5545.81591796875,15265.1142578125,125.037353515625,5562.85190217391,15312.0054347826,78.1453646991564
94,test,2000-01-01,730.0,2548941.0,7016078.0,24777.248046875,5501.38916015625,15142.8271484375,274.752868652344,5531.86548913043,15226.722826087,190.862097698709
94,test,2000-04-01,821.0,3046152.75,8384676.0,75945.5,5403.11669921875,14872.328125,729.49951171875,5463.86538461538,15039.5384615385,562.288483001374
94,test,2000-07-01,912.0,3530277.75,9717252.0,165094.75,5261.435546875,14482.34375,1141.01672363281,5320.05494505495,14643.6923076923,979.662087912088
94,test,2000-10-01,1004.0,4012360.5,11044208.0,296284.21875,5173.5546875,14240.4482421875,1608.95080566406,5240.02989130435,14423.4347826087,1425.97248641304
94,test,2001-01-01,1096.0,4491693.5,12363593.0,473037.15625,5147.4423828125,14168.5732421875,2093.80224609375,5210.14130434783,14341.1413043478,1921.22758152174
94,test,2001-04-01,1186.0,4961150.5,13655795.0,691534.75,5162.85791015625,14211.0048828125,2574.54614257813,5216.18888888889,14357.8,2427.75104166667
94,test,2001-07-01,1277.0,5430967.5,14948989.0,950571.6875,5108.6728515625,14061.857421875,2995.62426757813,5162.82417582418,14210.9230769231,2846.55975274725
94,test,2001-10-01,1369.0,5896784.5,16231171.0,1246346.25,5011.0458984375,13793.134765625,3358.56811523438,5063.22826086957,13936.7608695652,3214.94089673913
94,test,2002-01-01,1461.0,6352627.5,17486282.0,1581856.25,4893.41748046875,13481.1669921875,3808.1865234375,4954.8152173913,13642.5108695652,3646.84782608696
94,test,2002-04-01,1551.0,6783580.5,18672852.0,1957354.375,4704.955078125,12965.384765625,4390.9248046875,4788.36666666667,13184.1111111111,4172.20138888889
94,test,2002-07-01,1642.0,7194797.0,19807252.0,2406155.5,4399.68310546875,12160.2275390625,5237.59716796875,4518.86263736264,12465.9340659341,4931.88049450549
94,test,2002-10-01,1734.0,7588137.5,20895080.0,2926398.5,4168.5693359375,11538.2236328125,5897.8095703125,4275.4402173913,11824.2173913043,5654.8152173913
94,test,2003-01-01,1826.0,7958022.5,21914936.0,3492210.5,3935.9267578125,10840.986328125,6253.44775390625,4020.48913043478,11085.3913043478,6150.13043478261
94,test,2003-04-01,1916.0,8299353.0,22854816.0,4068417.25,3731.45532226563,10274.5146484375,6508.05615234375,3792.56111111111,10443.1111111111,6402.29722222222
94,test,2003-07-01,2007.0,8621806.0,23742668.0,4646623.5,3486.14819335938,9598.822265625,6436.70703125,3543.43956043956,9756.61538461538,6353.91483516484
94,test,2003-10-01,2099.0,8928027.0,24585764.0,5225351.5,3285.72631835938,9045.6533203125,6352.7802734375,3328.48913043478,9164.08695652174,6290.52173913043
94,test,2004-01-01,2191.0,9218667.0,25385770.0,5812211.5,3130.26293945313,8615.181640625,6422.7080078125,3159.13043478261,8695.71739130435,6378.91304347826
94,test,2004-04-01,2282.0,9493027.0,26140632.0,6400999.0,2988.31176757813,8220.8818359375,6513.6279296875,3014.94505494505,8295.18681318681,6470.19230769231
94,test,2004-07-01,2373.0,9754421.0,26859208.0,6999671.5,2847.0390625,7823.9951171875,6624.17236328125,2872.46153846154,7896.43956043956,6578.81868131868
94,test,2004-10-01,2465.0,10005456.0,27549050.0,7616635.0,2704.54638671875,7433.8271484375,6751.68994140625,2728.64130434783,7498.28260869565,6706.125
94,test,2005-01-01,2557.0,10243270.0,28203028.0,8247747.5,2567.75952148438,7062.2333984375,6889.8447265625,2584.9347826087,7108.45652173913,6859.91847826087
94,test,2005-04-01,2647.0,10462651.0,28806522.0,8877416.0,2416.46508789063,6648.337890625,7031.77001953125,2437.56666666667,6705.48888888889,6996.31666666667
94,test,2005-07-01,2738.0,10667584.0,29370356.0,9527070.0,2235.546875,6150.8623046875,7164.09375,2252.01098901099,6195.97802197802,7139.05494505495
94,test,2005-10-01,2830.0,10860695.0,29901654.0,10194684.0,2079.28759765625,5720.8173828125,7284.68505859375,2099.03260869565,5774.97826086957,7256.67391304348
94,test,2006-01-01,2922.0,11042488.0,30401842.0,10873125.0,1959.96032714844,5392.9443359375,7395.6962890625,1976.01086956522,5436.82608695652,7374.35869565217
94,test,2006-04-01,3012.0,11212075.0,30868626.0,11546336.0,1867.98608398438,5142.10986328125,7500.51318359375,1884.3,5186.48888888889,7480.12222222222
94,test,2006-07-01,3103.0,11377103.0,31323000.0,12237542.0,1796.10876464844,4945.5556640625,7617.380859375,1813.49450549451,4993.12087912088,7595.67032967033
94,test,2006-10-01,3195.0,11538746.0,31768060.0,12946822.0,1740.38696289063,4791.78515625,7733.82763671875,1756.98913043478,4837.60869565217,7709.5652173913
94,test,2007-01-01,3287.0,11695310.0,32199130.0,13666670.0,1685.85461425781,4641.44189453125,7851.0859375,1701.78260869565,4685.54347826087,7824.4347826087
94,test,2007-04-01,3377.0,11844639.0,32610044.0,14379815.0,1644.45776367188,4524.14599609375,7954.7216796875,1659.21111111111,4565.71111111111,7923.83333333333
94,test,2007-07-01,3468.0,11992328.0,33016370.0,15111458.0,1604.36169433594,4414.17236328125,8081.76220703125,1622.95604395604,4465.12087912088,8040.03296703297
94,test,2007-10-01,3560.0,12137524.0,33415940.0,15863379.0,1567.47814941406,4313.87841796875,8197.64453125,1578.21739130435,4343.15217391304,8173.05434782609
94,test,2008-01-01,3652.0,12279240.0,33806000.0,16625824.0,1528.6337890625,4207.51220703125,8315.740234375,1540.39130434783,4239.78260869565,8287.44565217391
95,test,1998-01-01,0.0,0.0,0.0,0.0,0.0,0.0,0.0,,,
95,test,1998-04-01,90.0,0.0,0.0,0.0,0.0,0.0,0.0,0.0,0.0,0.0
95,test,1998-07-01,181.0,0.0,0.0,0.0,0.0,0.0,0.0,0.0,0.0,0.0
95,test,1998-10-01,273.0,0.0,0.0,0.0,0.0,0.0,0.0,0.0,0.0,0.0
95,test,1999-01-01,365.0,518325.5,1426714.875,0.0,5633.97265625,15507.76953125,0.0,5633.97282608696,15507.7703804348,0.0
95,test,1999-04-01,455.0,1017777.4375,2801479.25,0.0,5549.4658203125,15275.16015625,0.0,5549.46597222222,15275.1597222222,0.0
95,test,1999-07-01,546.0,1528047.125,4206020.0,523.685607910156,5599.32275390625,15412.39453125,27.8746871948242,5607.3592032967,15434.5137362637,5.7547869001116
95,test,1999-10-01,638.0,2038871.125,5612087.0,10350.7177734375,5538.24072265625,15244.263671875,145.887939453125,5552.4347826087,15283.3369565217,106.815567016602
95,test,2000-01-01,730.0,2545759.5,7007320.5,33534.64453125,5456.638671875,15019.650390625,397.929931640625,5509.65625,15165.5815217391,251.999203889266
95,test,2000-04-01,821.0,3038836.0,8364536.0,96085.3984375,5351.3955078125,14729.962890625,871.8642578125,5418.42307692308,14914.456043956,687.370922046703
95,test,2000-07-01,912.0,3518476.75,9684770.0,197577.265625,5205.87060546875,14329.3994140625,1293.96105957031,5270.77747252747,14508.0659340659,1115.29524381868
95,test,2000-10-01,1004.0,3995256.0,10997127.0,343365.15625,5113.23583984375,14074.4169921875,1774.9814453125,5182.38315217391,14264.75,1584.65098505435
95,test,2001-01-01,1096.0,4468795.5,12300565.0,536065.3125,5086.353515625,14000.4228515625,2261.95288085938,5147.16847826087,14167.8043478261,2094.56691576087
95,test,2001-04-01,1186.0,4932180.0,13576095.0,771234.4375,5088.068359375,14008.9951171875,2776.55615234375,5148.71666666667,14172.5555555556,2612.99027777778
95,test,2001-07-01,1277.0,5393134.5,14848026.0,1051534.5,5005.61474609375,13824.21484375,3233.26684570313,5065.43406593407,13977.2637362637,3080.22046703297
95,test,2001-10-01,1369.0,5845360.5,16100042.0,1372135.375,4811.224609375,13286.9658203125,3653.54418945313,4915.5,13608.8695652174,3484.79211956522
95,test,2002-01-01,1461.0,6278284.5,17291134.0,1741622.375,4617.119140625,12701.3291015625,4222.7919921875,4705.69565217391,12946.652173913,4016.16304347826
95,test,2002-04-01,1551.0,6678125.0,18391632.0,2165166.25,4310.27490234375,11865.7783203125,5016.390625,4442.67222222222,12227.7555555556,4706.04305555556
95,test,2002-07-01,1642.0,7056737.5,19434012.0,2658764.5,4047.13403320313,11142.8974609375,5666.58935546875,4160.57692307692,11454.7252747253,5424.15659340659
95,test,2002-10-01,1734.0,7417219.5,20426558.0,3206912.5,3811.08081054688,10493.3388671875,6086.88916015625,3918.28260869565,10788.5434782609,5958.13043478261
95,test,2003-01-01,1826.0,7755225.0,21357238.0,3783373.0,3599.6083984375,9911.51171875,6375.4013671875,3673.97282608696,10116.0869565217,6265.875
95,test,2003-04-01,1916.0,8070877.5,22226280.0,4373254.5,3449.11352539063,9495.3076171875,6650.83447265625,3507.25,9656.02222222222,6554.23888888889
95,test,2003-07-01,2007.0,8369040.5,23047074.0,4962558.5,3240.78857421875,8921.3525390625,6531.12060546875,3276.51648351648,9019.71428571429,6475.86813186813
95,test,2003-10-01,2099.0,8653626.0,23830316.0,5549033.0,3059.423828125,8419.3359375,6427.1923828125,3093.32065217391,8513.5,6374.72282608696
95,test,2004-01-01,2191.0,8924383.0,24575142.0,6141790.0,2912.57568359375,8009.0751953125,6493.95556640625,2943.01086956522,8095.9347826087,6443.01086956522
95,test,2004-04-01,2282.0,9178997.0,25274866.0,6737792.5,2772.57299804688,7619.06982421875,6596.5380859375,2797.95604395604,7689.27472527472,6549.47802197802
95,test,2004-07-01,2373.0,9420779.0,25939594.0,7344173.5,2633.96606445313,7243.20947265625,6704.28173828125,2656.94505494505,7304.7032967033,6663.52747252747
95,test,2004-10-01,2465.0,9652498.0,26576976.0,7967653.5,2491.61865234375,6854.97021484375,6824.04638671875,2518.6847826087,6928.0652173913,6776.95652173913
95,test,2005-01-01,2557.0,9870390.0,27176490.0,8605441.0,2349.7783203125,6465.423828125,6963.21044921875,2368.39130434783,6516.45652173913,6932.47282608696
95,test,2005-04-01,2647.0,10070063.0,27725896.0,9241354.0,2196.9755859375,6045.3505859375,7099.09814453125,2218.58888888889,6104.51111111111,7065.7
95,test,2005-07-01,2738.0,10255655.0,28236532.0,9895899.0,2018.18298339844,5552.888671875,7223.02294921875,2039.47252747253,5611.38461538462,7192.8021978022
95,test,2005-10-01,2830.0,10429071.0,28713756.0,10568273.0,1860.36413574219,5120.71044921875,7341.29150390625,1884.95652173913,5187.21739130435,7308.41304347826
95,test,2006-01-01,2922.0,10590477.0,29158072.0,11253047.0,1736.900390625,4781.50830078125,7472.38134765625,1754.41304347826,4829.52173913043,7443.19565217391
95,test,2006-04-01,3012.0,10739400.0,29568028.0,11936338.0,1636.66418457031,4505.4345703125,7623.9345703125,1654.7,4555.06666666667,7592.12222222222
95,test,2006-07-01,3103.0,10883491.0,29964528.0,12641893.0,1568.61108398438,4315.375,7785.7021484375,1583.41758241758,4357.14285714286,7753.35164835165
95,test,2006-10-01,3195.0,11024693.0,30352922.0,13369772.0,1520.32006835938,4181.9970703125,7946.54736328125,1534.80434782609,4221.67391304348,7911.72826086957
95,test,2007-01-01,3287.0,11161650.0,30729718.0,14111275.0,1475.40747070313,4059.32983398438,8091.11767578125,1488.66304347826,4095.60869565217,8059.8152173913
95,test,2007-04-01,3377.0,11291915.0,31088194.0,14847724.0,1435.50463867188,3950.64306640625,8210.5478515625,1447.38888888889,3983.06666666667,8182.76666666667
95,test,2007-07-01,3468.0,11420306.0,31441586.0,15603504.0,1396.67590332031,3844.56176757813,8338.0810546875,1410.89010989011,3883.42857142857,8305.27472527472
95,test,2007-10-01,3560.0,11546874.0,31790014.0,16378067.0,1360.50463867188,3745.4755859375,8453.83203125,1375.73913043478,3787.26086956522,8419.16304347826
95,test,2008-01-01,3652.0,11669783.0,32128402.0,17163180.0,1326.2744140625,3651.48022460938,8555.0751953125,1335.96739130435,3678.13043478261,8533.83695652174
96,test,1998-01-01,0.0,0.0,0.0,0.0,0.0,0.0,0.0,,,
96,test,1998-04-01,90.0,0.0,0.0,0.0,0.0,0.0,0.0,0.0,0.0,0.0
96,test,1998-07-01,181.0,0.0,0.0,0.0,0.0,0.0,0.0,0.0,0.0,0.0
96,test,1998-10-01,273.0,0.0,0.0,0.0,0.0,0.0,0.0,0.0,0.0,0.0
96,test,1999-01-01,365.0,518325.5,1426714.875,0.0,5633.97265625,15507.76953125,0.0,5633.97282608696,15507.7703804348,0.0
96,test,1999-04-01,455.0,1017777.4375,2801479.25,0.0,5549.4658203125,15275.16015625,0.0,5549.46597222222,15275.1597222222,0.0
96,test,1999-07-01,546.0,1528237.375,4206543.5,0.0,5609.44970703125,15440.26953125,0.0,5609.44986263736,15440.2664835165,0.0
96,test,1999-10-01,638.0,2041562.75,5619495.5,2941.8955078125,5561.732421875,15308.923828125,81.226936340332,5579.62364130435,15358.1739130435,31.9771250849185
96,test,2000-01-01,730.0,2552538.5,7025980.0,14874.7841796875,5545.33447265625,15263.7890625,153.791397094727,5554.08423913043,15287.875,129.705311650815
96,test,2000-04-01,821.0,3058923.25,8419828.0,40793.7265625,5518.74658203125,15190.6044921875,411.223083496094,5564.66758241758,15317.010989011,284.823542668269
96,test,2000-07-01,912.0,3553598.75,9781444.0,100902.8828125,5383.24169921875,14817.6201171875,805.739440917969,5435.99450549451,14962.8131868132,660.540178571429
96,test,2000-10-01,1004.0,4048113.25,11142618.0,197873.5625,5324.2109375,14655.13671875,1194.26245117188,5375.15760869565,14795.3695652174,1054.02912703804
96,test,2001-01-01,1096.0,4541336.0,12500237.0,336393.5625,5294.4560546875,14573.234375,1689.14050292969,5361.11684782609,14756.7282608696,1505.65217391304
96,test,2001-04-01,1186.0,5023971.0,13828711.0,518618.71875,5304.16015625,14599.9453125,2185.60571289063,5362.61111111111,14760.8222222222,2024.72395833333
96,test,2001-07-01,1277.0,5506775.5,15157654.0,741907.125,5256.59130859375,14469.009765625,2588.4716796875,5305.54395604396,14603.7692307692,2453.71875
96,test,2001-10-01,1369.0,5986814.0,16478982.0,998535.3125,5166.75732421875,14221.7373046875,2929.96557617188,5217.8097826087,14362.2608695652,2789.43682065217
96,test,2002-01-01,1461.0,6458361.5,17777626.0,1290511.25,5077.74267578125,13999.5185546875,3289.83544921875,5125.51630434783,14115.6956521739,3173.65149456522
96,test,2002-04-01,1551.0,6910070.0,19024084.0,1606121.875,4969.41357421875,13723.6396484375,3632.669921875,5018.98333333333,13849.5333333333,3506.78472222222
96,test,2002-07-01,1642.0,7354665.0,20253056.0,1960352.375,4825.60986328125,13356.5029296875,4041.32153320313,4885.65934065934,13505.1868131868,3892.64285714286
96,test,2002-10-01,1734.0,7785772.5,21441746.0,2371888.5,4597.31787109375,12661.728515625,4684.6591796875,4685.95108695652,12920.5434782609,4473.21875
96,test,2003-01-01,1826.0,8191082.0,22557684.0,2846973.5,4302.587890625,11846.126953125,5404.15966796875,4405.53804347826,12129.7608695652,5163.96739130435
96,test,2003-04-01,1916.0,8560398.0,23574420.0,3349575.75,4025.099609375,11085.7470703125,5748.724609375,4103.51111111111,11297.0666666667,5584.46944444444
96,test,2003-07-01,2007.0,8906532.0,24527466.0,3868200.25,3747.2294921875,10320.4970703125,5805.244140625,3803.67032967033,10473.032967033,5699.17032967033
96,test,2003-10-01,2099.0,9234169.0,25429672.0,4396205.5,3508.92236328125,9662.01171875,5826.46826171875,3561.27173913043,9806.58695652174,5739.1875
96,test,2004-01-01,2191.0,9544124.0,26283126.0,4936317.0,3325.69189453125,9157.0908203125,5931.68359375,3369.07608695652,9276.67391304348,5870.77717391304
96,test,2004-04-01,2282.0,9836357.0,27087654.0,5479980.0,3175.32934570313,8741.11328125,6030.4814453125,3211.35164835165,8840.96703296703,5974.31868131868
96,test,2004-07-01,2373.0,10115095.0,27854934.0,6033003.5,3035.76245117188,8356.4130859375,6118.0048828125,3063.05494505495,8431.64835164835,6077.18131868132
96,test,2004-10-01,2465.0,10383628.0,28593906.0,6601549.0,2896.21044921875,7968.822265625,6213.9013671875,2918.83695652174,8032.30434782609,6179.84239130435
96,test,2005-01-01,2557.0,10639724.0,29298348.0,7181196.5,2763.69506835938,7600.130859375,6334.2685546875,2783.65217391304,7656.97826086957,6300.51630434783
96,test,2005-04-01,2647.0,10876826.0,29949886.0,7760625.0,2619.6787109375,7197.205078125,6463.55908203125,2634.46666666667,7239.31111111111,6438.09444444444
96,test,2005-07-01,2738.0,11101107.0,30566158.0,8358341.5,2450.92138671875,6735.80078125,6593.61865234375,2464.62637362637,6772.21978021978,6568.31318681319
96,test,2005-10-01,2830.0,11314260.0,31152196.0,8974186.0,2303.52880859375,6334.14453125,6717.90234375,2316.88043478261,6369.97826086957,6693.96195652174
96,test,2006-01-01,2922.0,11517069.0,31710000.0,9601355.0,2189.48168945313,6022.533203125,6842.220703125,2204.44565217391,6063.08695652174,6817.05434782609
96,test,2006-04-01,3012.0,11707674.0,32234388.0,10225483.0,2102.61865234375,5784.93017578125,6959.04345703125,2117.83333333333,5826.53333333333,6934.75555555556
96,test,2006-07-01,3103.0,11894821.0,32749322.0,10867582.0,2036.49499511719,5603.5478515625,7086.66357421875,2056.56043956044,5658.61538461538,7056.03296703297
96,test,2006-10-01,3195.0,12078511.0,33254780.0,11528567.0,1979.56298828125,5447.26708984375,7210.2919921875,1996.63043478261,5494.10869565217,7184.61956521739
96,test,2007-01-01,3287.0,12256882.0,33745684.0,12200243.0,1921.69763183594,5289.37255859375,7326.1298828125,1938.8152173913,5335.91304347826,7300.82608695652
96,test,2007-04-01,3377.0,12426116.0,34211604.0,12866383.0,1863.27880859375,5130.15234375,7425.46337890625,1880.37777777778,5176.88888888889,7401.55555555556
96,test,2007-07-01,3468.0,12592127.0,34668700.0,13549805.0,1809.380859375,4981.8701171875,7532.64794921875,1824.2967032967,5023.03296703297,7510.13186813187
96,test,2007-10-01,3560.0,12755847.0,35119452.0,14249423.0,1755.16271972656,4832.087890625,7642.79052734375,1779.5652173913,4899.47826086957,7604.54347826087
96,test,2008-01-01,3652.0,12913959.0,35554656.0,14960422.0,1705.79174804688,4694.54931640625,7753.22509765625,1718.60869565217,4730.47826086957,7728.25
97,test,1998-01-01,0.0,0.0,0.0,0.0,0.0,0.0,0.0,,,
97,test,1998-04-01,90.0,0.0,0.0,0.0,0.0,0.0,0.0,0.0,0.0,0.0
97,test,1998-07-01,181.0,0.0,0.0,0.0,0.0,0.0,0.0,0.0,0.0,0.0
97,test,1998-10-01,273.0,0.0,0.0,0.0,0.0,0.0,0.0,0.0,0.0,0.0
97,test,1999-01-01,365.0,518325.5,1426714.875,0.0,5633.97265625,15507.76953125,0.0,5633.97282608696,15507.7703804348,0.0
97,test,1999-04-01,455.0,1017777.4375,2801479.25,0.0,5549.4658203125,15275.16015625,0.0,5549.46597222222,15275.1597222222,0.0
97,test,1999-07-01,546.0,1528237.375,4206543.5,0.0,5609.44970703125,15440.26953125,0.0,5609.44986263736,15440.2664835165,0.0
97,test,1999-10-01,638.0,2042623.0,5622414.0,23.4887256622314,5590.82568359375,15389.0048828125,1.14588892459869,5591.14809782609,15389.8967391304,0.255312235459037
97,test,2000-01-01,730.0,2556142.5,7035900.0,4955.13720703125,5568.11767578125,15326.5009765625,91.0793762207031,5581.73369565217,15363.9782608696,53.6048747974893
97,test,2000-04-01,821.0,3067481.5,8443385.0,17236.74609375,5611.2958984375,15445.3505859375,156.476760864258,5619.10989010989,15466.8681318681,134.962735018887
97,test,2000-07-01,912.0,3575301.75,9841183.0,41163.94140625,5550.6953125,15278.544921875,344.814849853516,5580.44230769231,15360.4175824176,262.936212225275
97,test,2000-10-01,1004.0,4085440.0,11245362.0,95129.8359375,5503.697265625,15149.1806640625,700.2177734375,5544.98097826087,15262.8152173913,586.585810122283
97,test,2001-01-01,1096.0,4596542.0,12652194.0,184436.796875,5508.42529296875,15162.1943359375,1100.18127441406,5555.45652173913,15291.652173913,970.727836277174
97,test,2001-04-01,1186.0,5099786.5,14037397.0,309932.75,5536.82861328125,15240.376953125,1545.17419433594,5591.60555555556,15391.1444444444,1394.39947916667
97,test,2001-07-01,1277.0,5603744.0,15424564.0,474996.59375,5480.060546875,15084.119140625,1973.36303710938,5537.99450549451,15243.5934065934,1813.88839285714
97,test,2001-10-01,1369.0,6104271.5,16802290.0,675228.125,5389.591796875,14835.099609375,2316.603515625,5440.51630434783,14975.2826086957,2176.4296875
97,test,2002-01-01,1461.0,6598208.0,18161872.0,906266.4375,5325.9765625,14659.9951171875,2629.3583984375,5368.875,14778.0652173913,2511.28600543478
97,test,2002-04-01,1551.0,7074323.5,19472402.0,1157804.5,5250.388671875,14451.9365234375,2904.373046875,5290.17222222222,14561.4444444444,2794.86736111111
97,test,2002-07-01,1642.0,7547820.5,20775724.0,1437684.25,5165.7197265625,14218.8818359375,3178.9423828125,5203.26373626374,14322.2197802198,3075.60164835165
97,test,2002-10-01,1734.0,8020012.0,22075454.0,1746647.625,5094.70166015625,14023.4013671875,3462.390625,5132.51630434783,14127.5,3358.29755434783
97,test,2003-01-01,1826.0,8479392.0,23339918.0,2083451.125,4954.40234375,13637.220703125,3767.8720703125,4993.26086956522,13744.1739130435,3660.90760869565
97,test,2003-04-01,1916.0,8903488.0,24507262.0,2437360.5,4674.568359375,12866.96484375,4035.85302734375,4712.17777777778,12970.4888888889,3932.32638888889
97,test,2003-07-01,2007.0,9302045.0,25604308.0,2814012.0,4330.23974609375,11919.1845703125,4275.283203125,4379.74725274725,12055.4505494506,4139.02747252747
97,test,2003-10-01,2099.0,9676202.0,26634192.0,3222876.0,4017.16137695313,11057.421875,4581.13720703125,4066.92391304348,11194.3913043478,4444.17391304348
97,test,2004-01-01,2191.0,10029588.0,27606902.0,3663056.25,3805.8603515625,10475.806640625,4881.7197265625,3841.15217391304,10572.9347826087,4784.56793478261
97,test,2004-04-01,2282.0,10363577.0,28526224.0,4118917.75,3635.40942382813,10006.6318359375,5105.267578125,3670.20879120879,10102.4395604396,5009.46703296703
97,test,2004-07-01,2373.0,10682477.0,29404010.0,4593684.5,3481.29663085938,9582.4296875,5280.77685546875,3504.3956043956,9646.0,5217.21703296703
97,test,2004-10-01,2465.0,10990675.0,30252340.0,5089303.0,3326.37768554688,9156.0078125,5452.13427734375,3349.97826086957,9220.97826086957,5387.15760869565
97,test,2005-01-01,2557.0,11284541.0,31061220.0,5602179.0,3177.03442382813,8744.93359375,5621.97265625,3194.19565217391,8792.17391304348,5574.73913043478
97,test,2005-04-01,2647.0,11558177.0,31814414.0,6117491.0,3022.54028320313,8319.681640625,5774.845703125,3040.4,8368.82222222222,5725.68888888889
97,test,2005-07-01,2738.0,11819066.0,32532524.0,6650285.0,2853.17333984375,7853.49072265625,5892.69775390625,2866.91208791209,7891.31868131868,5854.87912087912
97,test,2005-10-01,2830.0,12069197.0,33221022.0,7198934.0,2706.91772460938,7450.916015625,5996.32177734375,2718.8152173913,7483.67391304348,5963.57608695652
97,test,2006-01-01,2922.0,12309073.0,33881292.0,7757442.0,2596.77563476563,7147.74462890625,6099.83544921875,2607.34782608696,7176.84782608696,6070.73913043478
97,test,2006-04-01,3012.0,12536575.0,34507500.0,8313788.5,2519.53735351563,6935.142578125,6204.38232421875,2527.8,6957.86666666667,6181.62777777778
97,test,2006-07-01,3103.0,12762005.0,35128008.0,8886979.0,2468.17407226563,6793.7626953125,6323.7822265625,2477.25274725275,6818.76923076923,6298.7967032967
97,test,2006-10-01,3195.0,12985983.0,35744520.0,9477757.0,2424.38110351563,6673.22119140625,6449.48291015625,2434.54347826087,6701.21739130435,6421.5
97,test,2007-01-01,3287.0,13205302.0,36348204.0,10079630.0,2373.20971679688,6532.369140625,6571.52001953125,2383.90217391304,6561.78260869565,6542.09782608696
97,test,2007-04-01,3377.0,13415216.0,36926000.0,10678674.0,2322.1337890625,6391.7802734375,6684.251953125,2332.37777777778,6419.95555555556,6656.04444444444
97,test,2007-07-01,3468.0,13623069.0,37498128.0,11295445.0,2273.9033203125,6259.02392578125,6805.77392578125,2284.0989010989,6287.12087912088,6777.7032967033
97,test,2007-10-01,3560.0,13828609.0,38063884.0,11930191.0,2223.84228515625,6121.228515625,6927.70556640625,2234.13043478261,6149.52173913043,6899.41304347826
97,test,2008-01-01,3652.0,14029664.0,38617296.0,12575452.0,2175.78149414063,5988.9384765625,7040.12548828125,2185.38043478261,6015.34782608696,7013.70652173913
98,test,1998-01-01,0.0,0.0,0.0,0.0,0.0,0.0,0.0,,,
98,test,1998-04-01,90.0,0.0,0.0,0.0,0.0,0.0,0.0,0.0,0.0,0.0
98,test,1998-07-01,181.0,0.0,0.0,0.0,0.0,0.0,0.0,0.0,0.0,0.0
98,test,1998-10-01,273.0,0.0,0.0,0.0,0.0,0.0,0.0,0.0,0.0,0.0
98,test,1999-01-01,365.0,518325.5,1426714.875,0.0,5633.97265625,15507.76953125,0.0,5633.97282608696,15507.7703804348,0.0
98,test,1999-04-01,455.0,1017777.4375,2801479.25,0.0,5549.4658203125,15275.16015625,0.0,5549.46597222222,15275.1597222222,0.0
98,test,1999-07-01,546.0,1528237.375,4206543.5,0.0,5609.44970703125,15440.26953125,0.0,5609.44986263736,15440.2664835165,0.0
98,test,1999-10-01,638.0,2042623.625,5622415.5,22.0215930938721,5591.02197265625,15389.5458984375,0.60505598783493,5591.15489130435,15389.9130434783,0.239365142324697
98,test,2000-01-01,730.0,2557481.25,7039585.0,1270.16357421875,5588.37109375,15382.2490234375,35.3311729431152,5596.2785326087,15404.0163043478,13.5667606644008
98,test,2000-04-01,821.0,3070251.5,8451009.0,9612.5625,5624.99609375,15483.0615234375,118.766334533691,5634.83791208791,15510.1538461538,91.6747134701236
98,test,2000-07-01,912.0,3581526.5,9858317.0,24030.4453125,5608.5322265625,15437.744140625,185.616149902344,5618.40659340659,15464.9230769231,158.438272664835
98,test,2000-10-01,1004.0,4100018.25,11285489.0,55002.5078125,5600.0400390625,15414.3681640625,435.030364990234,5635.77989130435,15512.7391304348,336.65285326087
98,test,2001-01-01,1096.0,4620724.5,12718758.0,117872.578125,5618.4111328125,15464.935546875,797.440063476563,5659.85054347826,15579.0108695652,683.370329483696
98,test,2001-04-01,1186.0,5135011.5,14134356.0,212974.3125,5665.7197265625,15595.154296875,1190.39636230469,5714.3,15728.8666666667,1056.6859375
98,test,2001-07-01,1277.0,5651130.0,15554996.0,344564.65625,5626.001953125,15485.8291015625,1571.65246582031,5671.63186813187,15611.4285714286,1446.04773351648
98,test,2001-10-01,1369.0,6164589.5,16968316.0,509200.78125,5532.12060546875,15227.4169921875,1924.28625488281,5581.08152173913,15362.1739130435,1789.52309782609
98,test,2002-01-01,1461.0,6671375.5,18363268.0,704869.1875,5462.35546875,15035.3857421875,2253.96801757813,5508.54347826087,15162.5217391304,2126.83050271739
98,test,2002-04-01,1551.0,7159986.5,19708192.0,922013.0,5389.20361328125,14834.03125,2522.27856445313,5429.01111111111,14943.6,2412.70902777778
98,test,2002-07-01,1642.0,7647003.5,21048730.0,1164677.5,5317.76025390625,14637.3798828125,2760.44458007813,5351.83516483516,14731.1868131868,2666.64285714286
98,test,2002-10-01,1734.0,8134190.5,22389734.0,1432365.875,5262.58837890625,14485.517578125,3000.27465820313,5295.51086956522,14576.1304347826,2909.65625
98,test,2003-01-01,1826.0,8610336.0,23700348.0,1723022.125,5148.3896484375,14171.1796875,3233.91333007813,5175.49456521739,14245.8043478261,3159.30706521739
98,test,2003-04-01,1916.0,9053747.0,24920856.0,2023765.875,4899.6318359375,13486.462890625,3416.35522460938,4926.78888888889,13561.2,3341.59722222222
98,test,2003-07-01,2007.0,9474595.0,26079260.0,2339058.75,4597.2626953125,12654.1767578125,3540.29077148438,4624.7032967033,12729.7142857143,3464.75686813187
98,test,2003-10-01,2099.0,9877459.0,27188160.0,2668906.0,4348.58740234375,11969.6865234375,3668.87231445313,4378.95652173913,12053.2608695652,3585.29619565217
98,test,2004-01-01,2191.0,10263707.0,28251328.0,3018631.25,4168.59375,11474.2470703125,3883.279296875,4198.34782608696,11556.1739130435,3801.36141304348
98,test,2004-04-01,2282.0,10629261.0,29257532.0,3387610.5,3982.4560546875,10961.8935546875,4150.005859375,4017.07692307692,11057.1868131868,4054.71703296703
98,test,2004-07-01,2373.0,10975809.0,30211420.0,3786273.5,3776.46630859375,10394.8974609375,4468.30859375,3808.21978021978,10482.2857142857,4380.91208791209
98,test,2004-10-01,2465.0,11308792.0,31127970.0,4213672.5,3580.48046875,9855.4375,4752.70458984375,3619.38043478261,9962.5,4645.64130434783
98,test,2005-01-01,2557.0,11625084.0,31998578.0,4664819.5,3410.93237304688,9388.748046875,4978.15771484375,3437.95652173913,9463.13043478261,4903.77173913043
98,test,2005-04-01,2647.0,11918491.0,32806194.0,5125711.0,3245.65356445313,8933.8115234375,5160.7158203125,3260.07777777778,8973.51111111111,5121.01666666667
98,test,2005-07-01,2738.0,12198829.0,33577840.0,5604969.5,3062.03076171875,8428.380859375,5317.80810546875,3080.63736263736,8479.62637362637,5266.57692307692
98,test,2005-10-01,2830.0,12466808.0,34315464.0,6104490.0,2902.10668945313,7988.1826171875,5459.0556640625,2912.8152173913,8017.65217391304,5429.57065217391
98,test,2006-01-01,2922.0,12724221.0,35024004.0,6614727.0,2783.5234375,7661.7763671875,5585.8037109375,2797.96739130435,7701.52173913043,5546.05434782609
98,test,2006-04-01,3012.0,12968541.0,35696508.0,7124782.5,2701.548828125,7436.1376953125,5703.3876953125,2714.66666666667,7472.26666666667,5667.28333333333
98,test,2006-07-01,3103.0,13211079.0,36364104.0,7650880.5,2651.79467773438,7299.18701171875,5818.35791015625,2665.25274725275,7336.21978021978,5781.2967032967
98,test,2006-10-01,3195.0,13452746.0,37029304.0,8192970.5,2611.47216796875,7188.19775390625,5934.50634765625,2626.8152173913,7230.4347826087,5892.28260869565
98,test,2007-01-01,3287.0,13689906.0,37682100.0,8745735.0,2565.61987304688,7061.98681640625,6041.90185546875,2577.82608695652,7095.60869565217,6008.3097826087
98,test,2007-04-01,3377.0,13917518.0,38308612.0,9296065.0,2520.14794921875,6936.82373046875,6139.20849609375,2529.02222222222,6961.24444444444,6114.77777777778
98,test,2007-07-01,3468.0,14143695.0,38931172.0,9862398.0,2476.52880859375,6816.759765625,6248.03857421875,2485.46153846154,6841.31868131868,6223.43956043956
98,test,2007-10-01,3560.0,14368221.0,39549192.0,10444883.0,2431.23706054688,6692.091796875,6356.841796875,2440.5,6717.60869565217,6331.35869565217
98,test,2008-01-01,3652.0,14588522.0,40155580.0,11037170.0,2385.57080078125,6566.39404296875,6462.669921875,2394.57608695652,6591.17391304348,6437.90217391304
99,test,1998-01-01,0.0,0.0,0.0,0.0,0.0,0.0,0.0,,,
99,test,1998-04-01,90.0,0.0,0.0,0.0,0.0,0.0,0.0,0.0,0.0,0.0
99,test,1998-07-01,181.0,0.0,0.0,0.0,0.0,0.0,0.0,0.0,0.0,0.0
99,test,1998-10-01,273.0,0.0,0.0,0.0,0.0,0.0,0.0,0.0,0.0,0.0
99,test,1999-01-01,365.0,518325.5,1426714.875,0.0,5633.97265625,15507.76953125,0.0,5633.97282608696,15507.7703804348,0.0
99,test,1999-04-01,455.0,1017777.4375,2801479.25,0.0,5549.4658203125,15275.16015625,0.0,5549.46597222222,15275.1597222222,0.0
99,test,1999-07-01,546.0,1528237.25,4206543.5,0.254755914211273,5609.44482421875,15440.2548828125,0.013867755420506,5609.44848901099,15440.2664835165,0.00279951554078322
99,test,1999-10-01,638.0,2042414.5,5621840.0,597.697265625,5580.91552734375,15361.7275390625,28.4233112335205,5588.88315217391,15383.6576086957,6.49394032294336
99,test,2000-01-01,730.0,2554722.25,7031991.0,8864.236328125,5557.3828125,15296.953125,120.627342224121,5568.5625,15327.7282608696,89.8536854619565
99,test,2000-04-01,821.0,3064743.0,8435846.0,24775.109375,5583.91943359375,15369.99609375,231.83186340332,5604.62362637363,15426.978021978,174.844758756868
99,test,2000-07-01,912.0,3566890.25,9818030.0,64317.4765625,5472.27001953125,15062.67578125,560.683898925781,5518.10164835165,15188.8351648352,434.531507554945
99,test,2000-10-01,1004.0,4069468.5,11201400.0,139091.9375,5416.26904296875,14908.529296875,940.869140625,5462.80706521739,15036.6304347826,812.765879755435
99,test,2001-01-01,1096.0,4572540.5,12586128.0,250502.4375,5416.31884765625,14908.6669921875,1353.70825195313,5468.17391304348,15051.3913043478,1210.98369565217
99,test,2001-04-01,1186.0,5066542.5,13945892.0,401437.84375,5430.7685546875,14948.44140625,1837.10961914063,5488.91111111111,15108.4888888889,1677.06006944444
99,test,2001-07-01,1277.0,5561247.0,15307589.0,591972.1875,5382.76806640625,14816.3173828125,2241.16455078125,5436.31318681319,14963.7032967033,2093.78399725275
99,test,2001-10-01,1369.0,6053417.0,16662309.0,815208.625,5304.0771484375,14599.716796875,2551.98583984375,5349.67391304348,14725.2173913043,2426.48301630435
99,test,2002-01-01,1461.0,6539487.0,18000240.0,1067898.625,5240.76708984375,14425.453125,2863.90063476563,5283.36956521739,14542.7282608696,2746.63043478261
99,test,2002-04-01,1551.0,7007465.0,19288370.0,1341835.75,5162.23193359375,14209.2822265625,3147.02783203125,5199.75555555556,14312.5555555556,3043.74583333333
99,test,2002-07-01,1642.0,7472150.5,20568288.0,1645120.5,5064.388671875,13964.1572265625,3433.66748046875,5106.43406593407,14065.032967033,3332.79945054945
99,test,2002-10-01,1734.0,7933813.5,21841540.0,1980560.25,4961.20361328125,13692.849609375,3792.94262695313,5018.07608695652,13839.6956521739,3646.08423913043
99,test,2003-01-01,1826.0,8377997.0,23065992.0,2357377.25,4771.390625,13165.642578125,4239.45068359375,4828.08152173913,13309.2608695652,4095.83695652174
99,test,2003-04-01,1916.0,8783646.0,24178128.0,2766494.0,4415.14501953125,12124.857421875,4777.96044921875,4507.21111111111,12357.0666666667,4545.74166666667
99,test,2003-07-01,2007.0,9156971.0,25205092.0,3213227.75,4049.07470703125,11147.806640625,5046.66162109375,4102.47252747253,11285.3186813187,4909.16208791209
99,test,2003-10-01,2099.0,9510946.0,26179782.0,3677285.5,3803.26977539063,10478.6123046875,5159.94677734375,3847.55434782609,10594.4565217391,5044.10597826087
99,test,2004-01-01,2191.0,9848111.0,27108720.0,4161239.25,3636.18139648438,10020.0546875,5337.4716796875,3664.83695652174,10097.152173913,5260.36684782609
99,test,2004-04-01,2282.0,10167258.0,27989052.0,4656090.0,3472.72875976563,9595.306640625,5516.59326171875,3507.10989010989,9673.97802197802,5437.92032967033
99,test,2004-07-01,2373.0,10471851.0,28831514.0,5166179.0,3313.9443359375,9184.033203125,5679.17236328125,3347.17582417582,9257.82417582418,5605.37362637363
99,test,2004-10-01,2465.0,10765381.0,29644846.0,5695886.5,3150.35620117188,8722.6005859375,5816.05810546875,3190.54347826087,8840.5652173913,5757.6902173913
99,test,2005-01-01,2557.0,11045092.0,30416662.0,6237105.0,3008.91455078125,8291.080078125,5924.767578125,3040.33695652174,8389.30434782609,5882.8097826087
99,test,2005-04-01,2647.0,11304232.0,31130332.0,6778368.0,2857.35791015625,7868.04296875,6044.68798828125,2879.33333333333,7929.66666666667,6014.03333333333
99,test,2005-07-01,2738.0,11550289.0,31807722.0,7335869.5,2684.66943359375,7390.171875,6153.921875,2703.92307692308,7443.84615384615,6126.39010989011
99,test,2005-10-01,2830.0,11784969.0,32453616.0,7910041.5,2537.439453125,6983.3876953125,6261.54150390625,2550.86956521739,7020.58695652174,6241.0
99,test,2006-01-01,2922.0,12009838.0,33072328.0,8493668.0,2427.359375,6677.3525390625,6371.99169921875,2444.22826086957,6725.13043478261,6343.76630434783
99,test,2006-04-01,3012.0,12222316.0,33656460.0,9075140.0,2347.07104492188,6451.20458984375,6484.6337890625,2360.86666666667,6490.35555555556,6460.8
99,test,2006-07-01,3103.0,12431825.0,34232148.0,9674575.0,2287.78735351563,6286.44189453125,6613.66748046875,2302.2967032967,6326.24175824176,6587.1978021978
99,test,2006-10-01,3195.0,12639167.0,34802164.0,10292639.0,2238.458984375,6154.90966796875,6746.42333984375,2253.71739130435,6195.82608695652,6718.08695652174
99,test,2007-01-01,3287.0,12841908.0,35359892.0,10922122.0,2188.57202148438,6021.4462890625,6869.62158203125,2203.70652173913,6062.26086956522,6842.20652173913
99,test,2007-04-01,3377.0,13035784.0,35893428.0,11547756.0,2139.72509765625,5888.73828125,6977.26318359375,2154.17777777778,5928.17777777778,6951.48888888889
99,test,2007-07-01,3468.0,13227332.0,36420648.0,12191059.0,2090.4736328125,5754.02099609375,7093.443359375,2104.92307692308,5793.62637362637,7069.26373626374
99,test,2007-10-01,3560.0,13416321.0,36940884.0,12851502.0,2039.4755859375,5614.17236328125,7202.4130859375,2054.22826086957,5654.73913043478,7178.72826086957
99,test,2008-01-01,3652.0,13600517.0,37447936.0,13521572.0,1987.96838378906,5472.45166015625,7306.01904296875,2002.13043478261,5511.4347826087,7283.36956521739
100,test,1998-01-01,0.0,0.0,0.0,0.0,0.0,0.0,0.0,,,
100,test,1998-04-01,90.0,0.0,0.0,0.0,0.0,0.0,0.0,0.0,0.0,0.0
100,test,1998-07-01,181.0,0.0,0.0,0.0,0.0,0.0,0.0,0.0,0.0,0.0
100,test,1998-10-01,273.0,0.0,0.0,0.0,0.0,0.0,0.0,0.0,0.0,0.0
100,test,1999-01-01,365.0,518325.5,1426714.875,0.0,5633.97265625,15507.76953125,0.0,5633.97282608696,15507.7703804348,0.0
100,test,1999-04-01,455.0,1017777.4375,2801479.25,0.0,5549.4658203125,15275.16015625,0.0,5549.46597222222,15275.1597222222,0.0
100,test,1999-07-01,546.0,1528237.375,4206543.5,0.0,5609.44970703125,15440.26953125,0.0,5609.44986263736,15440.2664835165,0.0
100,test,1999-10-01,638.0,2042631.5,5622437.5,0.186679884791374,5591.236328125,15390.1357421875,0.0155874472111464,5591.24048913043,15390.152173913,0.00202912918251493
100,test,2000-01-01,730.0,2556857.25,7037867.0,2987.83715820313,5576.646484375,15349.9765625,67.6039352416992,5589.41032608696,15385.1032608696,32.4744617208515
100,test,2000-04-01,821.0,3068813.25,8447050.0,13571.3740234375,5618.6748046875,15465.662109375,136.165481567383,5625.89010989011,15485.5274725275,116.302602914663
100,test,2000-07-01,912.0,3579036.5,9851463.0,30884.240234375,5586.99072265625,15378.44921875,244.910858154297,5606.8489010989,15433.1098901099,190.251277043269
100,test,2000-10-01,1004.0,4093972.0,11268847.0,71645.1171875,5559.1611328125,15301.84765625,547.551330566406,5597.125,15406.347826087,443.053010360054
100,test,2001-01-01,1096.0,4610002.5,12689245.0,147385.328125,5570.91455078125,15334.19921875,928.175842285156,5609.02717391304,15439.1086956522,823.26316236413
100,test,2001-04-01,1186.0,5119513.0,14091695.0,255634.796875,5615.9375,15458.126953125,1327.42370605469,5661.22777777778,15582.7777777778,1202.771875
100,test,2001-07-01,1277.0,5630909.0,15499336.0,400224.28125,5562.30078125,15310.490234375,1746.99194335938,5619.73626373626,15468.5824175824,1588.89543269231
100,test,2001-10-01,1369.0,6138728.0,16897132.0,580384.9375,5468.87353515625,15053.3271484375,2098.3759765625,5519.77173913043,15193.4347826087,1958.26800271739
100,test,2002-01-01,1461.0,6639801.0,18276358.0,791780.0,5400.9375,14866.3291015625,2423.0244140625,5446.44565217391,14991.5869565217,2297.77241847826
100,test,2002-04-01,1551.0,7122666.0,19605466.0,1024738.875,5330.1435546875,14671.4658203125,2684.84350585938,5365.16666666667,14767.8666666667,2588.43194444444
100,test,2002-07-01,1642.0,7603825.0,20929880.0,1283528.625,5250.89794921875,14453.3388671875,2944.48583984375,5287.46153846154,14554.0,2843.84340659341
100,test,2002-10-01,1734.0,8083980.0,22251528.0,1570573.625,5185.63818359375,14273.7080078125,3212.083984375,5219.07608695652,14365.7391304348,3120.05434782609
100,test,2003-01-01,1826.0,8552839.0,23542084.0,1881285.875,5065.0966796875,13941.912109375,3463.18041992188,5096.29347826087,14027.7826086957,3377.30706521739
100,test,2003-04-01,1916.0,8988073.0,24740086.0,2204537.0,4801.96337890625,13217.625,3685.19287109375,4835.93333333333,13311.1333333333,3591.67916666667
100,test,2003-07-01,2007.0,9399712.0,25873140.0,2545179.5,4493.99560546875,12369.9296875,3824.53833007813,4523.50549450549,12451.1428571429,3743.32417582418
100,test,2003-10-01,2099.0,9791979.0,26952874.0,2904193.75,4228.5791015625,11639.359375,3999.19946289063,4263.77173913043,11736.2391304348,3902.32880434783
100,test,2004-01-01,2191.0,10164804.0,27979092.0,3290866.75,4011.54345703125,11041.9580078125,4315.56787109375,4052.44565217391,11154.5434782609,4202.96739130435
100,test,2004-04-01,2282.0,10514278.0,28941034.0,3704108.0,3804.82788085938,10472.9638671875,4638.935546875,3840.37362637363,10570.7912087912,4541.11263736264
100,test,2004-07-01,2373.0,10847423.0,29858034.0,4139660.75,3623.80322265625,9974.685546875,4888.5205078125,3660.93406593407,10076.9230769231,4786.29395604396
100,test,2004-10-01,2465.0,11167890.0,30740132.0,4601510.5,3459.857421875,9523.4169921875,5084.724609375,3483.33695652174,9588.02173913043,5020.10597826087
100,test,2005-01-01,2557.0,11474294.0,31583522.0,5079876.5,3305.34497070313,9098.1142578125,5268.7919921875,3330.47826086957,9167.28260869565,5199.63043478261
100,test,2005-04-01,2647.0,11758725.0,32366502.0,5565403.0,3142.97607421875,8654.29296875,5440.2333984375,3160.34444444444,8699.77777777778,5394.73888888889
100,test,2005-07-01,2738.0,12030082.0,33113618.0,6069191.0,2960.50415039063,8157.38916015625,5588.7998046875,2981.94505494505,8210.06593406593,5536.13186813187
100,test,2005-10-01,2830.0,12289469.0,33828208.0,6591747.0,2803.78955078125,7729.033203125,5718.205078125,2819.42391304348,7767.28260869565,5679.95652173913
100,test,2006-01-01,2922.0,12538681.0,34514836.0,7123895.5,2694.52270507813,7427.54638671875,5820.03369140625,2708.82608695652,7463.34782608696,5784.22282608696
100,test,2006-04-01,3012.0,12775554.0,35167388.0,7653900.5,2619.23217773438,7217.548828125,5921.97607421875,2631.92222222222,7250.57777777778,5888.94444444444
100,test,2006-07-01,3103.0,13010309.0,35814176.0,8200808.5,2567.35620117188,7076.46630859375,6041.07861328125,2579.72527472527,7107.56043956044,6009.97802197802
100,test,2006-10-01,3195.0,13243312.0,36457040.0,8765236.0,2519.77734375,6960.77978515625,6161.92431640625,2532.64130434783,6987.65217391304,6135.08152173913
100,test,2007-01-01,3287.0,13472044.0,37088344.0,9339490.0,2470.27734375,6827.00537109375,6276.8837890625,2486.21739130435,6862.0,6241.89130434783
100,test,2007-04-01,3377.0,13691143.0,37693064.0,9911610.0,2422.51098632813,6690.73046875,6385.3017578125,2434.43333333333,6719.11111111111,6356.88888888889
100,test,2007-07-01,3468.0,13908469.0,38292592.0,10500980.0,2376.37939453125,6559.939453125,6504.8583984375,2388.1978021978,6588.21978021978,6476.59340659341
100,test,2007-10-01,3560.0,14123838.0,38886420.0,11107654.0,2329.17065429688,6426.015625,6622.91845703125,2340.96739130435,6454.65217391304,6594.28260869565
100,test,2008-01-01,3652.0,14334857.0,39468036.0,11724713.0,2281.8720703125,6293.37841796875,6735.685546875,2293.6847826087,6321.91304347826,6707.16304347826
